date,qqq_fwd_1p,qqq_fwd_4p,qqq_fwd_13p,qqq_fwd_26p,qqq_next_return
2004-01-02,0.03767876791626534,0.019527227632171407,0.020352310191179113,0.012651540291417351,0.03767876791626534
2004-01-09,0.022263715999762512,-0.01587596077758635,-0.02093824546063039,-0.052478134200407145,0.022263715999762512
2004-01-16,-0.014519571023997035,-0.042261072934728805,-0.06429892029283546,-0.10111508923563006,-0.014519571023997035
2004-01-23,-0.02472981470378033,-0.030254940850378387,-0.02104657225650175,-0.09997319145637107,-0.02472981470378033
2004-01-30,0.0016452653930751904,-0.013487991918502695,-0.062045033169524255,-0.05880791487922066,0.0016452653930751904
2004-02-06,-0.005143949828767536,-0.01349276875069838,-0.058199348357595326,-0.11879561552841289,-0.005143949828767536
2004-02-13,-0.0021656738788913277,-0.03871169446812062,-0.05928532736045988,-0.11965349214093213,-0.0021656738788913277
2004-02-20,-0.007867336016874504,-0.057243624503889756,-0.049945740845630526,-0.07731985918223205,-0.007867336016874504
2004-02-27,0.0016404152834839092,-0.036915767879718064,-0.000547169705369055,-0.05496334274327985,0.0016404152834839092
2004-03-05,-0.030576303524770143,0.012831285659707703,-0.012012012103214342,-0.06794949487822277,-0.030576303524770143
2004-03-12,-0.021402146238485575,0.04027063914680773,0.037454530375765405,-0.010982543219053897,-0.021402146238485575
2004-03-19,0.013525179663534725,0.03856115105904556,0.048633093441385444,0.019568057380692894,0.013525179663534725
2004-03-26,0.05337904592917497,0.05650227156132015,0.059909142520344405,-0.011953435644583843,0.05337904592917497
2004-04-02,-0.004312936799255707,-0.06280348716285278,-0.007547167603627725,-0.026954170377523123,-0.004312936799255707
2004-04-09,-0.023010286765346,-0.053329723953225217,-0.03221440179186208,-0.03681645914493126,-0.023010286765346
2004-04-16,0.031033804323614245,-0.03712939870678189,-0.039346079363632325,-0.01274591312104345,0.031033804323614245
2004-04-23,-0.06557402183186423,-0.058882274039697924,-0.08062346681986321,-0.03789329817600329,-0.06557402183186423
2004-04-30,0.0057520851448586985,0.05119355775520407,0.0034512512911386573,0.06125941905878762,0.0057520851448586985
2004-05-07,-0.006291106373493505,0.034887046157722645,-0.06434086349923829,0.08550214489593366,-0.006291106373493505
2004-05-14,0.0077410069535925885,0.06014388483279309,-0.06417266205818373,0.11251798535718716,0.0077410069535925885
2004-05-21,0.043719123924866654,0.040577972123422734,-0.028813215743032194,0.10454296242775962,0.043719123924866654
2004-05-28,-0.009849521162193065,0.021340629292683877,-0.05444596422011161,0.07277729133591193,-0.009849521162193065
2004-06-04,0.017960762764775984,0.01740840020986889,-0.05661757375622278,0.10886985370359592,0.017960762764775984
2004-06-11,-0.010857763324478631,-0.029587405203765682,-0.04668838216675919,0.08387595005085347,-0.010857763324478631
2004-06-18,0.02442371008387534,-0.048572996765471,-0.02771706924230999,0.09365169654596972,0.02442371008387534
2004-06-25,-0.013661666099524683,-0.08357862314944431,-0.06780069657107313,0.07523078493173685,-0.013661666099524683
2004-07-02,-0.029060557204412363,-0.05241742195307508,-0.019554584500540262,0.09442819585030349,-0.029060557204412363
2004-07-09,-0.030209790083670196,-0.08475524467727624,-0.0047552447170012835,0.08863799322787802,-0.030209790083670196
2004-07-16,-0.013267666692446944,-0.06201326801043627,0.027689645221005366,0.11905538241212743,-0.013267666692446944
2004-07-23,0.019876930933198755,-0.005846826739124067,0.046477332302637286,0.09337757377500777,0.019876930933198755
2004-07-30,-0.062195471569103766,-0.009458297408742378,0.0576093434466971,0.06830650661230364,-0.062195471569103766
2004-08-06,-0.006112469451802438,0.043429401163907144,0.16014700498256706,0.16476634003764423,-0.006112469451802438
2004-08-13,0.04581765057176379,0.07995079969420882,0.18880688803553247,0.170377499832715,0.04581765057176379
2004-08-20,0.01617201329902329,0.04175243816987373,0.13731259561240794,0.10871358507061846,0.01617201329902329
2004-08-27,-0.01212355325413561,0.006915508964032924,0.13454890015998955,0.09895575602569529,-0.01212355325413561
2004-09-03,0.028674898583791464,0.0573796733188674,0.17541923917189384,0.10948546117275448,0.028674898583791464
2004-09-10,0.008826594389961251,0.013097949678466447,0.13695871294883522,0.06849674753147461,0.008826594389961251
2004-09-17,-0.01780948863097953,0.005645217535404035,0.12482865012728173,0.04034128845307783,-0.01780948863097953
2004-09-24,0.03738641945662713,0.028765194507353486,0.1534344436610222,0.052242750377313296,0.03738641945662713
2004-10-01,-0.01440470538847849,0.022160104363595723,0.1162561204825241,0.012363314410481996,-0.01440470538847849
2004-10-08,0.0014052839538158945,0.06689179327725414,0.09383946757732264,0.03964404907799235,0.0014052839538158945
2004-10-15,0.004771260135042921,0.08504069595381836,0.0889040165150965,-0.015650630678049393,0.004771260135042921
2004-10-22,0.03072597754917883,0.08044664802223855,0.044817255018006597,-0.010455128509740397,0.03072597754917883
2004-10-29,0.02872683723886471,0.06260218501384185,0.010114474906911308,-0.04296304616524105,0.02872683723886471
2004-11-05,0.01844019522860152,0.057165158879235456,0.0039816808001384985,-0.046363944881171015,0.01844019522860152
2004-11-12,0.0005170719312757033,0.03285023297382961,-0.015502423806840082,-0.05362859397870734,0.0005170719312757033
2004-11-19,0.013702692214509149,0.030317428395707502,-0.025146130142337686,-0.017055236686114528,0.013702692214509149
2004-11-26,0.023463141400176246,0.023676484752492177,-0.03137206702088835,-0.01618067526109468,0.023463141400176246
2004-12-03,-0.004984051851507965,0.00415791462418702,-0.05609383937393353,-0.041502287872578036,-0.004984051851507965
2004-12-10,-0.0019364437279892899,-0.025323866857212884,-0.06021499693669319,-0.05068314492088832,-0.0019364437279892899
2004-12-17,0.007168839379995351,-0.026472950844924403,-0.07511131732343712,-0.03977822019282151,0.007168839379995351
2004-12-24,0.003948639116786445,-0.06811207824557741,-0.08773077121099726,-0.06927063349240015,0.003948639116786445
2004-12-31,-0.03419742788191105,-0.07503421648097308,-0.09307255222675281,-0.0790747217557708,-0.03419742788191105
2005-01-07,-0.0031131000677034892,-0.020752269783451127,-0.04954604410038754,-0.019334045414281298,-0.0031131000677034892
2005-01-14,-0.03590919492147493,-0.018995320950160433,-0.09601823999856318,0.01289905914592504,-0.03590919492147493
2005-01-21,-0.003508771907621111,0.008097436121560442,-0.05290148421868701,0.06494432523967508,-0.003508771907621111
2005-01-28,0.02248104031027509,0.01895991357207194,-0.05254604541435148,0.07289624967869668,0.02248104031027509
2005-02-04,-0.0013245033503319625,-0.006092715287313699,-0.050145960473288564,0.046787875961091574,-0.0013245033503319625
2005-02-11,-0.009283554356364854,-0.014058355417623458,-0.03872652517773878,0.04100807603440004,-0.009283554356364854
2005-02-18,0.007228646031294028,-0.02249048954717059,0.008299596181943203,0.040311540698227954,0.007228646031294028
2005-02-25,-0.002658160631254347,-0.03588516758711713,0.015683412838478628,0.023264377318502394,-0.002658160631254347
2005-03-04,-0.009328358172232432,-0.03518123658883676,0.015458688702357115,0.03426414027354863,-0.009328358172232432
2005-03-11,-0.01775652433376529,-0.014258810848362446,0.010142587916103007,0.06686494279960198,-0.01775652433376529
2005-03-18,-0.00657326922572532,-0.04847933401303417,0.038202540254211215,0.08014707420157818,-0.00657326922572532
2005-03-25,-0.0019299695351205903,-0.0325337743335431,0.020235405443963295,0.0693568288416413,-0.0019299695351205903
2005-04-01,0.012154696102181894,-0.033701657609743196,0.015434344285587986,0.09105618686429451,0.012154696102181894
2005-04-08,-0.05185562253753673,-0.021370360478783157,0.0317869145565397,0.04735796422737737,-0.05185562253753673
2005-04-15,0.01007455124628942,0.043177880763476395,0.12048616903986553,0.096572475796602,0.01007455124628942
2005-04-22,-0.0031347963974263093,0.07324023933759949,0.1244282484817798,0.09961209983040398,-0.0031347963974263093
2005-04-29,0.025071183435957822,0.09233876491137294,0.13239935775866596,0.09654629206145171,0.025071183435957822
2005-05-06,0.010681878410095713,0.06255460947342995,0.10205129672626301,0.11879979660496409,0.010681878410095713
2005-05-13,0.03918293621697044,0.036064835323630806,0.08294684426498056,0.12437555780790732,0.03918293621697044
2005-05-20,0.014604620078757291,0.006499318969926726,0.031748445241376766,0.10164765683710542,0.014604620078757291
2005-05-27,-0.002878826618743169,-0.03156429010451978,0.007463904976883873,0.09731598316173673,-0.002878826618743169
2005-06-03,-0.014514694507362202,-0.03520436697350371,0.018519169494942922,0.10618458818406262,-0.014514694507362202
2005-06-10,0.009528440621995315,0.006862666986707788,0.05615281997021371,0.112027433292754,0.009528440621995315
2005-06-17,-0.023765513806011995,0.026934248815205786,0.040401108956154674,0.10061796272107126,-0.023765513806011995
2005-06-24,-0.006626724059649147,0.06626994886344661,0.04814714636991302,0.12261224958070915,-0.006626724059649147
2005-07-01,0.028454450868433456,0.0776035186163051,0.07447240976659142,0.10305162364395493,0.028454450868433456
2005-07-08,0.029653164051042458,0.04527402706270012,0.01509134245759447,0.1327256651496853,0.029653164051042458
2005-07-15,0.013628182012370926,0.008228593261326855,-0.021342247592181285,0.10783704786383352,0.013628182012370926
2005-07-22,0.0039320142087377885,-0.015220446656188602,-0.02207001530322905,0.04894990878928218,0.0039320142087377885
2005-07-29,-0.002400505438049594,-0.028176879371056618,-0.03166114979805135,0.06662494056841406,-0.002400505438049594
2005-08-05,-0.006838652582357274,-0.017983789321999732,0.015197568324136768,0.038976913996901175,-0.006838652582357274
2005-08-12,-0.009946439715666333,0.010430755021696436,0.03825553743687693,0.04715390728272628,-0.009946439715666333
2005-08-19,-0.009276401368363718,0.014940233202816566,0.06774830814440991,0.06412952638231162,-0.009276401368363718
2005-08-26,0.00806294337800928,0.007542921146102,0.08918639937468975,0.07539591968689541,0.00806294337800928
2005-09-02,0.02189837521798843,0.017797523893742007,0.08607144697393454,0.07170720514049234,0.02189837521798843
2005-09-09,-0.0055279034566957375,-0.03228249077553391,0.05290390961046332,0.02622325840608597,-0.0055279034566957375
2005-09-16,-0.016497212388833837,-0.03400990717469998,0.057878498250864885,0.055313356013757975,-0.016497212388833837
2005-09-23,0.01832283882464636,-0.005161290200514035,0.07104451266093115,0.06913206775024117,0.01832283882464636
2005-09-30,-0.028383418969957552,-0.028839323647999127,0.02659836922529446,0.06591010426093491,-0.028383418969957552
2005-10-07,-0.007303077917948042,0.045383411444828825,0.11588545559583951,0.10725248671570187,-0.007303077917948042
2005-10-14,0.012874408938932547,0.06962716780232636,0.1319963952037284,0.10959994439756371,0.012874408938932547
2005-10-21,-0.0059141374816815695,0.07522697783328769,0.0726227083777704,0.09289369191042551,-0.0059141374816815695
2005-10-28,0.04587415947368734,0.09310550265143491,0.10149968716629276,0.09546951760280376,0.04587415947368734
2005-11-04,0.01571881247395357,0.05057360277520506,0.023423367445627896,0.05517841983780647,0.01571881247395357
2005-11-11,0.018177101733220846,0.024686557395488862,0.00857050073416099,-0.009693092334421838,0.018177101733220846
2005-11-18,0.010615199235871176,0.005558558627812404,-0.0033891711506313094,-0.04770101045983388,0.010615199235871176
2005-11-25,0.005179995071465715,-0.009239081957477024,-0.012661266882979416,-0.05435115906373267,0.005179995071465715
2005-12-02,-0.0093093806217861,-0.03793688606571499,-0.013225871901397013,-0.05560349489813543,-0.0093093806217861
2005-12-09,-0.0008293839151634064,0.025603460878518947,-0.025340062811855524,-0.08260748640333004,-0.0008293839151634064
2005-12-16,-0.004256854072222871,0.0336700336463811,-0.0024247985391026017,-0.07665905617231172,-0.004256854072222871
2005-12-23,-0.02393546362978527,-0.003695384561493542,-0.001785588636216917,-0.07730729256316182,-0.02393546362978527
2005-12-30,0.0561216963605391,0.042017222370215546,0.03829319840563028,-0.039317395032953395,0.0561216963605391
2006-01-06,0.007029289333905009,-0.04123688874375009,-0.007736429251627763,-0.11570677243319616,0.007029289333905009
2006-01-13,-0.04025127962789732,-0.04699837137281593,-0.01978491353952938,-0.16265172105008174,-0.04025127962789732
2006-01-20,0.020848484772816978,-0.00096945439436813,0.01889852170229811,-0.1333599929180087,0.020848484772816978
2006-01-27,-0.02825932073884152,-0.02018546648195685,-0.005474508648297682,-0.11752952621747714,-0.02825932073884152
2006-02-03,0.0009777613919761396,0.012952101601283239,0.031028265918371822,-0.09578170863433078,0.0009777613919761396
2006-02-10,0.006103514365283669,-0.009765866697834191,-0.018108395055465465,-0.10693290382980425,0.006103514365283669
2006-02-17,0.0012128120606287318,0.006531589529301218,-0.04446253043463577,-0.057434763671669,0.0012128120606287318
2006-02-24,0.004605187611174122,0.0016742921487735707,-0.042224507944845446,-0.06998283184599652,0.004605187611174122
2006-03-03,-0.021471652568937127,0.012292032381998164,-0.04294561621553161,-0.05588588488092783,-0.021471652568937127
2006-03-10,0.0226621517964698,0.044127201123237425,-0.05875631223407907,-0.04405727441929752,0.0226621517964698
2006-03-17,-0.0036188180838827577,0.015681785111015367,-0.0744146982848981,-0.031117292613221048,-0.0036188180838827577
2006-03-24,0.015253995315047009,0.01694915268611763,-0.07565679584185281,-0.033416757249567275,0.015253995315047009
2006-03-31,0.009301695498667328,-0.0019074653806812059,-0.07474824409690817,-0.029314009003826635,0.009301695498667328
2006-04-07,-0.005198486559192972,-0.0037809538049535796,-0.10881216076504385,-0.020278708212803753,-0.005198486559192972
2006-04-14,-0.0023755337984758818,-0.04536839763765754,-0.1457504679166287,0.009099075034533222,-0.0023755337984758818
2006-04-21,-0.0035711905655652076,-0.06309499991066903,-0.14943442489829595,0.0012512644447453258,-0.0035711905655652076
2006-04-28,0.007407166707469992,-0.05639186212556668,-0.11267184053460577,0.00986417683340779,0.007407166707469992
2006-05-05,-0.04672675508901236,-0.059724857749000604,-0.12299369352376444,-0.004211207078721135,-0.04672675508901236
2006-05-12,-0.020900472724044272,-0.05075914419935268,-0.09046264203405252,0.07200402851392451,-0.020900472724044272
2006-05-19,0.0035578135512317477,-0.02501903415255824,-0.01357584987528937,0.12720253467410636,0.0035578135512317477
2006-05-26,0.0038488213065757115,-0.033290335357293865,-0.028982077878802692,0.13208021328044395,0.0038488213065757115
2006-06-02,-0.03763710200305026,-0.02134612586541995,-0.013520933485751008,0.10273523577446686,-0.03763710200305026
2006-06-09,0.00564930062888469,-0.011400048308349509,0.015616612367059135,0.15216073454281198,0.00564930062888469
2006-06-16,-0.004955920811811065,-0.06259780911716317,0.04677840669190325,0.16094590729235403,-0.004955920811811065
2006-06-23,0.016251904733167954,-0.06421993799213654,0.04569735397227914,0.12733823493364005,0.016251904733167954
2006-06-30,-0.02785658993999951,-0.042816610647243736,0.04910472723041259,0.11525328982179217,-0.02785658993999951
2006-07-07,-0.04643141438940557,-0.01963385531066153,0.09934320089942217,0.16555141814757435,-0.04643141438940557
2006-07-14,-0.006677796169497485,0.016416249390118542,0.18126968424964773,0.2630015030018884,-0.006677796169497485
2006-07-21,0.03949579831987693,0.08655434162169473,0.17715940281855813,0.23950151259658226,0.03949579831987693
2006-07-28,-0.004311506439614865,0.03260603595350964,0.13809549044610536,0.17620923007251577,-0.004311506439614865
2006-08-04,-0.011366711740447899,0.05764546702202411,0.13544085779987713,0.1972986694895753,-0.011366711740447899
2006-08-11,0.06186668488316216,0.05995072532771695,0.17862561567708557,0.20228866079447627,0.06186668488316216
2006-08-18,-0.012116012447779823,0.03463507240337549,0.142715873827296,0.1547101341197865,-0.012116012447779823
2006-08-25,0.019832719462760995,0.041057755317243094,0.1658695349385566,0.18325055780688304,0.019832719462760995
2006-09-01,-0.0092118733091332,0.040782760150050335,0.11784960594350191,0.08897480273772596,-0.0092118733091332
2006-09-08,0.03650527156075323,0.07009930919574536,0.13444455369582298,0.1107423137225827,0.03650527156075323
2006-09-15,-0.00598354528426448,0.05784068811520093,0.10906558625072349,0.06979245272891355,-0.00598354528426448
2006-09-22,0.019563330883918928,0.053423626614524045,0.07807314482649552,0.1086472533211178,0.019563330883918928
2006-09-29,0.018696437456734438,0.03837688524020488,0.06305239207720348,0.0728335374207858,0.018696437456734438
2006-10-06,0.024631490068828255,0.012557111712979907,0.06022524830642895,0.07806282122054675,0.024631490068828255
2006-10-13,-0.0101341058199792,0.01414117681567828,0.0691898047008268,0.054271712100890435,-0.0101341058199792
2006-10-20,0.005000238347393271,0.054761904780413984,0.05295978575947635,0.08295543234911151,0.005000238347393271
2006-10-27,-0.006633971648086101,0.057805719307412406,0.03348905249723,0.1053377267556348,-0.006633971648086101
2006-11-03,0.02623444457654789,0.041259490018176415,0.05447911378630388,0.11415284608268128,0.02623444457654789
2006-11-10,0.02951429237967762,0.020218219882478072,0.020076812180767956,0.08916327401737689,0.02951429237967762
2006-11-17,0.007900451477251824,0.004167509537924996,0.01049627520471752,0.05635611683117503,0.007900451477251824
2006-11-24,-0.022172233328132784,-0.037339621126628475,0.014908205718955125,0.04224175869382485,-0.022172233328132784
2006-12-01,0.005496793320647564,-0.010236621341936591,-0.02583066903834952,0.08859181922954207,0.005496793320647564
2006-12-08,0.013317330415532957,8.96933291651969e-05,-0.020893255554907952,0.07054549673270527,0.013317330415532957
2006-12-15,-0.0337609798466707,0.01980666675811049,-0.035411010862374415,0.075782417860218,-0.0337609798466707
2006-12-22,0.0053577931808936885,0.028884469961002468,0.028359957430850402,0.10310704443418084,0.0053577931808936885
2006-12-29,0.01598725650861721,0.009499768082914306,0.009201000267230475,0.10442144517404595,0.01598725650861721
2007-01-05,0.03329508942271131,0.007069325619877498,0.016824323833648513,0.11581703903115792,0.03329508942271131
2007-01-12,-0.02516000874320612,-0.03244316939885483,-0.013952707493419148,0.10284789728781463,-0.02516000874320612
2007-01-19,-0.013583654251355881,0.012225718800533247,0.028486982119644733,0.13471267371949702,-0.013583654251355881
2007-01-26,0.013541194955961178,0.0387876891268879,0.06952049863014609,0.10299210524208902,0.013541194955961178
2007-02-02,-0.0072463768249719784,-0.03804347806736885,0.056590720021098884,0.07532986619849735,-0.0072463768249719784
2007-02-09,0.01984511881574824,-0.020757527310909407,0.06772672509721378,0.07998107579051661,0.01984511881574824
2007-02-16,0.012301048358507316,-0.04145225794741059,0.04538348408772386,0.037239953448392926,0.012301048358507316
2007-02-23,-0.06142268247830085,-0.0245803702638272,0.026932044514810904,0.06645321463692588,-0.06142268247830085
2007-03-02,0.010592984780501968,0.02535581856550273,0.11745646740381321,0.15203866180817238,0.010592984780501968
2007-03-09,-0.001707684104334528,0.0386155870765299,0.09338997285677575,0.12503412994142948,-0.001707684104334528
2007-03-16,0.030119075401485285,0.04249334583013997,0.1152754488955996,0.1500912967390171,0.030119075401485285
2007-03-23,-0.013372619992510604,0.029011559438434587,0.07268572299340703,0.14291716909211805,-0.013372619992510604
2007-03-30,0.02366184223898382,0.06983712366630868,0.09435230928388072,0.18256079186161078,0.02366184223898382
2007-04-06,0.002019524320798327,0.046454219206845115,0.0973547867386626,0.18686473784584767,0.002019524320798327
2007-04-13,0.016797316190135136,0.04770460193348747,0.11845334972151367,0.20043988475275332,0.016797316190135136
2007-04-20,0.025771371250363995,0.0288550725475345,0.10328345759022439,0.1565687798340163,0.025771371250363995
2007-04-27,0.0012881682222851687,-0.002576980265254658,0.03129590003633753,0.15954751018644475,0.0012881682222851687
2007-05-04,0.003216813109904404,0.017370791192857782,0.017735482455329743,0.1685778794190902,0.003216813109904404
2007-05-11,-0.0014961520791783034,0.002778965316469595,0.011477047829993259,0.07022311312135199,-0.0014961520791783034
2007-05-18,-0.005566472898233643,0.022634066424427557,-0.007789993589230493,0.07782895859402195,-0.005566472898233643
2007-05-25,0.021313239980426335,0.018878236719019226,0.03848469850873859,0.0743773757433559,0.021313239980426335
2007-06-01,-0.01117200675782648,0.004155902817223778,0.030947240821563193,0.08298358362719194,-0.01117200675782648
2007-06-08,0.018274301373538915,0.04238177992611858,0.02894132731250032,0.11699142957065112,0.018274301373538915
2007-06-15,-0.009218730439586542,0.045463859049994504,0.03121726375120515,0.06843709127419006,-0.009218730439586542
2007-06-22,0.00655572137277094,0.05836351399311268,0.06547252806043247,0.09814699150364858,0.00655572137277094
2007-06-29,0.026470372523581087,0.008193275587565552,0.08060336861303075,0.09120493733806057,0.026470372523581087
2007-07-06,0.021285100321756456,-0.029471960643545847,0.08156883460927777,-0.00786067672137436,0.021285100321756456
2007-07-13,0.0030062129583112718,-0.052504820138053465,0.07330349097854971,-0.05563469531468557,0.0030062129583112718
2007-07-20,-0.04115864126545976,-0.07472527471965684,0.04829703724569279,-0.09248427460578079,-0.04115864126545976
2007-07-27,-0.011877680376102817,0.0043757023550814456,0.12435966258140674,-0.08191250049995658,-0.011877680376102817
2007-08-03,-0.002952340808891285,0.03057781531043724,0.14821375452081798,-0.03708501824859145,-0.002952340808891285
2007-08-10,-0.020516074514806637,0.020093062702107645,0.05807948427242282,-0.0763871323147205,-0.020516074514806637
2007-08-17,0.04081191976179843,0.06283740033194674,0.08629115976462609,-0.052283274322522444,0.04081191976179843
2007-08-24,0.013900414983814668,0.04535653940945772,0.034562547995323545,-0.09235431795246862,0.013900414983814668
2007-08-31,-0.013095968868829688,0.05252161141848366,0.050474302413536565,-0.11975881833447966,-0.013095968868829688
2007-09-07,0.020526643198651273,0.09569672925600248,0.0855734918220552,-0.12635256291311758,0.020526643198651273
2007-09-14,0.02369331967288324,0.08813152092553334,0.03609309970974728,-0.14026232673411154,0.02369331967288324
2007-09-21,0.020849880749288507,0.041302620976626514,0.030666640934136735,-0.1428038807357216,0.020849880749288507
2007-09-28,0.027387473348556846,0.049017506406104916,0.009810786300469498,-0.15251635216499526,0.027387473348556846
2007-10-05,0.013480444687285376,0.030330764236356167,-0.08268499282614672,-0.13015553555271409,0.013480444687285376
2007-10-12,-0.020362413594130713,-0.06594433011215217,-0.12013208507845263,-0.17129531810644893,-0.020362413594130713
2007-10-19,0.02841323429514908,-0.041189931179680506,-0.13429524919899039,-0.10764697353667108,0.02841323429514908
2007-10-26,0.009086039191688045,-0.07583887936051525,-0.1834574557822406,-0.12412790749097302,0.009086039191688045
2007-11-02,-0.08122013964880814,-0.05714810734618325,-0.1613800322804353,-0.1021916468692815,-0.08122013964880814
2007-11-09,0.005600000001673822,0.04659999983126384,-0.12708555319887693,-0.03404556494798194,0.005600000001673822
2007-11-16,-0.008750994598920814,0.013723150279507212,-0.127566567067686,-0.003562322651877281,-0.008750994598920814
2007-11-23,0.02949438215284439,0.041419984842278934,-0.1226768417179992,-0.031145795651131625,0.02949438215284439
2007-11-30,0.019879165731909065,0.011778844644529496,-0.16205357937542508,-0.023563114869766477,0.019879165731909065
2007-12-07,-0.025988916408255403,-0.07413080677674555,-0.19522036631483186,-0.06135670511810687,-0.025988916408255403
2007-12-14,0.01833180380174304,-0.07594017106631445,-0.17021194957602093,-0.04928383683842408,0.01833180380174304
2007-12-21,0.00019267125970312549,-0.1253615958851868,-0.16830904851313977,-0.08408839630548182,0.00019267125970312549
2007-12-28,-0.06671828002772417,-0.15175453141283957,-0.16075005403751386,-0.11844577705472048,-0.06671828002772417
2008-01-04,-0.027892361176905633,-0.05805972268301918,-0.0517494452345425,-0.0765306817264898,-0.027892361176905633
2008-01-11,-0.03613156221247871,-0.07332603617634692,-0.05814876546846037,-0.051523859632713664,-0.03613156221247871
2008-01-18,-0.029988967876649064,-0.03373758882922362,0.03078217560624741,-0.015306794677240498,-0.029988967876649064
2008-01-25,0.0363693938616354,-0.007047509205299618,0.07265946975010928,0.03061697098828997,0.0363693938616354
2008-02-01,-0.043647606303277686,-0.05790536948844949,0.07057831638817658,-0.014117711460781335,-0.043647606303277686
2008-02-08,0.005045870615629555,-0.03509173485932737,0.10658546045588868,0.08692379087014879,0.005045870615629555
2008-02-15,-0.0031953439250688165,-0.03582860905177232,0.14213605271753638,0.10066425278076929,-0.0031953439250688165
2008-02-22,-0.016712229200273487,-0.012747389699588219,0.10432990991153845,0.0888312744773816,-0.016712229200273487
2008-02-29,-0.020488707632306147,0.013352786996802424,0.16527365127048665,0.07539245802234418,-0.020488707632306147
2008-03-07,0.0042783444257983305,0.09092717977211673,0.16633579627723627,0.03432738036998528,0.0042783444257983305
2008-03-14,0.020667080467670074,0.04885445170908742,0.14573373607369833,0.02944671467086457,0.020667080467670074
2008-03-21,0.009283128313609224,0.08401044336297181,0.10126436034574149,-0.0030334614059452925,0.009283128313609224
2008-03-28,0.05449504402557204,0.08415679849600766,0.050407244214090596,-0.054109610862581814,0.05449504402557204
2008-04-04,-0.03445268223488318,0.0634539902564577,-0.026133637747332128,-0.2099869280070754,-0.03445268223488318
2008-04-11,0.0548782746937575,0.08875361347306465,0.007033919575464287,-0.2917050176021314,0.0548782746937575
2008-04-18,0.009419394313092466,0.07064631335407334,-0.04471261860575049,-0.3075435779030732,0.009419394313092466
2008-04-25,0.03435864980999148,0.02226956982089079,-0.039194637205425265,-0.37326010182372893,0.03435864980999148
2008-05-02,-0.011482263616798827,0.02542526140653556,-0.07911240733391445,-0.3246778362423698,-0.011482263616798827
2008-05-09,0.03733436276316682,0.017008708295959574,-0.017767872693392972,-0.35214466635448205,0.03733436276316682
2008-05-16,-0.03619083433760428,-0.03279150733569525,-0.03631073534373719,-0.4197137494578467,-0.03619083433760428
2008-05-23,0.03755165974015706,-0.015487940130827438,-0.014034425125185934,-0.44591567661973064,0.03755165974015706
2008-05-30,-0.01959588470860163,-0.08653807863462937,-0.07713312074820011,-0.4169114835448674,-0.01959588470860163
2008-06-06,-0.013461146190034357,-0.08909827903910239,-0.11318216960210037,-0.40893326399039176,-0.013461146190034357
2008-06-13,-0.0189480818212705,-0.07811738773760302,-0.10149567717307206,-0.3855485857065599,-0.0189480818212705
2008-06-20,-0.03732623372026822,-0.05967946014422454,-0.09470734322042573,-0.368957752871249,-0.03732623372026822
2008-06-27,-0.022343706981000522,-0.008323988773964675,-0.09950127024768518,-0.3605155630462423,-0.022343706981000522
2008-07-04,-0.0015684516554742567,0.005601613277950834,-0.18878698082811785,-0.3032370158119806,-0.0015684516554742567
2008-07-11,0.0006732495631378566,0.06193918306667845,-0.29665230869634984,-0.32373241374591655,0.0006732495631378566
2008-07-18,0.015250055903971882,0.08006279421094065,-0.2751328703973027,-0.338796143881831,0.015250055903971882
2008-07-25,-0.008614976704161892,0.04903931963271391,-0.34769317236807373,-0.36023956287558356,-0.008614976704161892
2008-08-01,0.054367424233559,0.027629233401291753,-0.26666167604399194,-0.3511072176732182,0.054367424233559
2008-08-08,0.017751264148845758,-0.08178379518097179,-0.3404254293513984,-0.33564551280979793,0.017751264148845758
2008-08-15,-0.01391175252855592,-0.09821449339920574,-0.39784921154109265,-0.3667932830923851,-0.01391175252855592
2008-08-22,-0.028848383059927207,-0.09604192983750226,-0.4380287329498088,-0.3907792251555898,-0.028848383059927207
2008-08-29,-0.05789245449920666,-0.10867827380097095,-0.3681770041115111,-0.4017990551755908,-0.05789245449920666
2008-09-05,-0.00046052932059281737,-0.16675633946375912,-0.3334970094766735,-0.3934087386211861,-0.00046052932059281737
2008-09-12,-0.01153608849381682,-0.2783518225625363,-0.31613972389112566,-0.33682618924572916,-0.01153608849381682
2008-09-19,-0.042424019228679444,-0.24708607152915818,-0.30294116228272827,-0.3176917816911754,-0.042424019228679444
2008-09-26,-0.11927969805079652,-0.2816458129824756,-0.28985525928542955,-0.2474159757532729,-0.11927969805079652
2008-10-03,-0.13432784255641073,-0.09093396651655816,-0.1410850569196952,-0.10306983253603275,-0.13432784255641073
2008-10-10,0.031289581311618964,-0.004151020346860768,-0.038501733046672815,0.0550046101079249,0.031289581311618964
2008-10-17,-0.0863780185717069,-0.1027863775865876,-0.08782750780742721,0.034486350854950665,-0.0863780185717069
2008-10-24,0.11453782266570123,-0.09623825680371734,-0.019233878868104237,0.1452086066071845,0.11453782266570123
2008-10-31,-0.05168744298922001,-0.11462450590657414,-0.115152227656238,0.04825830815202181,-0.05168744298922001
2008-11-07,-0.0708560435257034,-0.07213850610242734,0.0072469691135910175,0.10089063900747308,-0.0708560435257034
2008-11-14,-0.07971014490725514,0.024154244011399317,0.05157500254743397,0.1550757867134327,-0.07971014490725514
2008-11-21,0.09186351696914263,0.12125298690109299,0.08407815588550194,0.2615154320839952,0.09186351696914263
2008-11-28,-0.006181318886830378,0.0018113304894429305,-0.05321435161884125,0.21876258277354088,-0.006181318886830378
2008-12-05,0.02556979956508476,0.07379177803773462,-0.08988966290679501,0.274869857007529,0.02556979956508476
2008-12-12,0.007541349236481754,0.014627543369227114,-0.03024954961897819,0.23869038011975507,0.007541349236481754
2008-12-19,-0.024447421388026136,-0.014735432106650403,-0.021161225724864896,0.2144720358499741,-0.024447421388026136
2008-12-26,0.06522485438277092,-0.00789598344260678,0.0597614557976629,0.2521366207054352,0.06522485438277092
2009-01-02,-0.03093748008766628,-0.06348694812962785,0.044259591348276395,0.15058112480171726,-0.03093748008766628
2009-01-09,-0.021616554195080684,0.0432321106816691,0.09725066218880318,0.1646342650171868,-0.021616554195080684
2009-01-16,-0.017675390810738323,0.034330047606601966,0.13409071169025744,0.2803591698270642,-0.017675390810738323
2009-01-23,0.005536680284643047,-0.0010377165216806095,0.16766737954356215,0.35510281243776975,0.005536680284643047
2009-01-30,0.07949070865760133,-0.05264969022222965,0.18467643917486742,0.3614456180758623,0.07949070865760133
2009-02-06,-0.029965253450959684,-0.16161938146106036,0.09296991975691093,0.2749393686941135,-0.029965253450959684
2009-02-13,-0.0512648868865857,-0.055536659787717046,0.09842453834987408,0.3060841636516778,-0.0512648868865857
2009-02-20,-0.04641496349222107,0.012404773024979665,0.16367572322639234,0.39958499141148796,-0.04641496349222107
2009-02-27,-0.04467853264997734,0.12135311287130124,0.2872634738997324,0.4731732908632784,-0.04467853264997734
2009-03-06,0.0927760453769717,0.2320674951437114,0.40078604214004065,0.5390201643522259,0.0927760453769717
2009-03-13,0.016983842524291193,0.14802807608850221,0.2773290073060186,0.44883634127839445,0.016983842524291193
2009-03-20,0.056203583355792563,0.14153568940178318,0.24072734730940115,0.45760854296140985,0.056203583355792563
2009-03-27,0.04964307302016202,0.09312099521139117,0.18152685574224336,0.355982073862684,0.04964307302016202
2009-04-03,0.01823770687448767,0.062441711546183054,0.10181523285428073,0.26644734052670427,0.01823770687448767
2009-04-10,0.011232543843243903,0.03916211271639192,0.06141131206425188,0.2924435445410709,0.011232543843243903
2009-04-17,0.01140798566601342,0.001801260985889508,0.12897421399281805,0.28711341287364056,0.01140798566601342
2009-04-24,0.020184030768230166,-0.004452656580226311,0.1605212547493411,0.28300726522907693,0.020184030768230166
2009-05-01,-0.004073319765183436,0.02938609263969183,0.14921304506073851,0.19434883535995406,-0.004073319765183436
2009-05-08,-0.025124159960002945,0.07449605631532741,0.16649081154737977,0.24724987897385553,-0.025124159960002945
2009-05-15,0.005094096460242392,0.09829157913988484,0.18905224533108478,0.32173908225389547,0.005094096460242392
2009-05-22,0.054860183342498425,0.07944014244446196,0.2027276701545484,0.29800855946870963,0.054860183342498425
2009-05-29,0.03957037883364167,0.029244474415037525,0.14442250614036056,0.23248551369610304,0.03957037883364167
2009-06-05,-0.003534801705556756,-0.030893588873835642,0.09868325215533913,0.2021936988138684,-0.003534801705556756
2009-06-12,-0.012157668091391405,-0.04603279221093892,0.13427028822753928,0.20673173879254403,-0.012157668091391405
2009-06-19,0.005807522154069211,0.03871681436046215,0.17480165656244306,0.23290182741669763,0.005807522154069211
2009-06-26,-0.02117102011442351,0.07368710477480866,0.14765235108502606,0.2676898931344547,-0.02117102011442351
2009-07-03,-0.019101399018431775,0.10814575631031409,0.1494189794834655,0.2886303047825467,-0.019101399018431775
2009-07-10,0.0756013746726254,0.14203894608432033,0.21766513118039366,0.33669650439149135,0.0756013746726254
2009-07-17,0.039669861402248374,0.05511182096703027,0.14007334881594424,0.22405579170441592,0.039669861402248374
2009-07-24,0.010243277943860152,0.031753905393514525,0.10554396136948929,0.1339538725525089,0.010243277943860152
2009-07-31,0.010899873145277628,0.02509505699396808,0.039275389792351456,0.08763340916315743,0.010899873145277628
2009-08-07,-0.006268806368987745,0.012036108552459401,0.06923249341273996,0.08068375588296184,-0.006268806368987745
2009-08-14,0.016653797735455944,0.04769114302626942,0.11159041786752177,0.10723678009606585,0.016653797735455944
2009-08-21,0.003723257230274113,0.054376729638889065,0.07922066788562176,0.11572956489987485,0.003723257230274113
2009-08-28,-0.0019782392140228477,0.03214925830794235,0.07694973410890071,0.10985487984560849,-0.0019782392140228477
2009-09-04,0.02874132782206673,0.01385845274542108,0.09421318333147233,0.15379436996698015,0.02874132782206673
2009-09-11,0.023141327066071637,0.02410564507463908,0.06388375973264382,0.1437779265079353,0.023141327066071637
2009-09-18,-0.017436380778742988,0.008011310168269503,0.0494553021181976,0.12218421551568404,-0.017436380778742988
2009-09-25,-0.019664268464896106,0.034292566003847336,0.10459399306413752,0.15436314383463645,-0.019664268464896106
2009-10-02,0.03913894320384115,0.001957191757602006,0.12111451766843206,0.18144323799611417,0.03913894320384115
2009-10-09,0.007062146901852584,0.0028250942132728163,0.0977537831733013,0.15748309001243288,0.007062146901852584
2009-10-16,0.008181393140057835,0.028751519526179603,0.07366406992646057,0.16108714700877425,0.008181393140057835
2009-10-23,-0.05031277528790301,0.007187572616338622,0.025697676596982078,0.17468427083437588,-0.05031277528790301
2009-10-30,0.04003905275743169,0.06225535590386522,0.046530515247232174,0.20551664071596254,0.04003905275743169
2009-11-06,0.03309811437790566,0.0356805080353233,0.010709796551049422,0.069003360997546,0.03309811437790566
2009-11-13,-0.012951377625787353,0.0027268806613787167,-0.003916584473450224,0.06939084447830202,-0.012951377625787353
2009-11-20,0.0016111877386932871,0.02529657027180754,0.03382894536830938,0.035173288710271144,0.0016111877386932871
2009-11-27,0.01401999862816039,0.05864353234268127,0.030554021877292614,0.051025430270956296,0.01401999862816039
2009-12-04,0.00022665446550851343,0.03878425845050093,0.054451168696492136,0.024958024661390077,0.00022665446550851343
2009-12-11,0.009265420853469042,0.05670928422888699,0.07509670680128533,0.03398619184119278,0.009265420853469042
2009-12-18,0.03418780142855549,0.03126405062011428,0.06930158268836428,0.06028073876556528,0.03418780142855549
2009-12-25,-0.005002174813302118,-0.03958242708814197,0.04505651043098613,-0.012506836412690903,-0.005002174813302118
2010-01-01,0.01748633896656826,-0.06469967195994464,0.05381138088653681,-0.06892700031305976,0.01748633896656826
2010-01-08,-0.015037379159888675,-0.07669172952549641,0.05441047687986167,-0.03860369056115598,-0.015037379159888675
2010-01-15,-0.036859534097201774,-0.045583850665737224,0.08142498154781475,-0.030051168758284397,-0.036859534097201774
2010-01-22,-0.031023777006975117,0.015172101628099455,0.14525390632812551,0.04613429342167197,-0.031023777006975117
2010-01-29,0.004440524287321113,0.046038804734526595,0.1519173336586097,0.07376854302170388,0.004440524287321113
2010-02-05,0.01814774315547707,0.08050255950879603,0.05767586763818633,0.09119048056325507,0.01814774315547707
2010-02-12,0.024451788264088226,0.0822671579671932,0.07359567262045053,0.024984153129257836,0.024451788264088226
2010-02-19,-0.0015616775813254158,0.06047644557486431,0.001300353746124694,0.004994254151932331,-0.0015616775813254158
2010-02-26,0.03753374392477249,0.07354131099796613,0.01986446897404992,-0.012480367836494977,0.03753374392477249
2010-03-05,0.019810508247685155,0.03815397653184971,-0.02797013736687437,-0.0063063881824892976,0.019810508247685155
2010-03-12,0.0038251489786464976,0.036376851736651394,-0.03823889953342696,-0.01311423140102197,0.0038251489786464976
2010-03-19,0.010738890121143596,0.0429561921239614,-0.008436201787076048,0.014916994689080365,0.010738890121143596
2010-03-26,0.003333333339718081,0.05249999986112708,-0.05508156379020834,0.03896822972302538,0.003333333339718081
2010-04-02,0.01806478402798395,0.022373338898230344,-0.11647092015303617,0.021962418499088754,0.01806478402798395
2010-04-09,0.01019783796084961,-0.0738323475678988,-0.08821438090814371,0.018985447301377745,0.01019783796084961
2010-04-16,0.01998788611219071,-0.052493640069444236,-0.1030826476253085,0.04397821926774581,0.01998788611219071
2010-04-23,-0.02538598558692029,-0.11243072050943193,-0.08654815526824744,0.02650172027946196,-0.02538598558692029
2010-04-30,-0.0777354659276277,-0.07387641548156654,-0.06784236017067058,0.06425276574745142,-0.0777354659276277
2010-05-07,0.033472583222370345,-0.006991852012870559,0.031687035651014384,0.18690752478144157,0.033472583222370345
2010-05-14,-0.0445342095307345,-0.030470707557199272,-0.0452791686208468,0.12364277513757593,-0.0445342095307345
2010-05-21,0.016949375566725378,0.05016446699085497,0.003689103266555138,0.17512008747919894,0.016949375566725378
2010-05-28,-0.011129602741273281,-0.0053492325158952525,-0.03171483838738165,0.16650183642117922,-0.011129602741273281
2010-06-04,0.009036979607548012,-0.05636723429468715,0.022287123078400306,0.19971876391942134,0.009036979607548012
2010-06-11,0.03493131192356369,-0.01747584830083848,0.026123606080778572,0.20276851218817749,0.03493131192356369
2010-06-18,-0.03680851076754921,-0.056595744854190166,0.02355188492989102,0.1650175699377523,-0.03680851076754921
2010-06-25,-0.06185111559341783,0.017450850371452775,0.09953218173039513,0.21446401710776408,-0.06185111559341783
2010-07-02,0.050623969888298204,0.07864374851915135,0.15668226639026184,0.28786381709123776,0.050623969888298204
2010-07-09,-0.006275212915808126,0.047960331733716055,0.11757130839187058,0.25754516366400937,-0.006275212915808126
2010-07-16,0.03879115919255316,0.008570140041211705,0.1639625618834264,0.291081484240131,0.03879115919255316
2010-07-23,-0.005427702993280437,-0.02475032552981593,0.1237611771213929,0.2140866982206362,-0.005427702993280437
2010-07-30,0.020737611953059343,-0.037982754855845235,0.14170899885807686,0.22180876747891398,0.020737611953059343
2010-08-06,-0.04362682696791875,-0.016039353292250702,0.15045307711216904,0.2323179511095439,-0.04362682696791875
2010-08-13,0.004472271808132922,0.04203957959649851,0.17693333821406654,0.3124503960874474,0.004472271808132922
2010-08-20,-0.01892230645153614,0.07094698565180835,0.1708008821204825,0.3130907414500239,-0.01892230645153614
2010-08-27,0.0440204121556631,0.12947153564782843,0.2047089872558241,0.3138039800292036,0.0440204121556631
2010-09-03,0.012823736902678906,0.06768760110110983,0.17356341172206435,0.26533906918037276,0.012823736902678906
2010-09-10,0.03233751646966576,0.07008628905337222,0.1721477851796862,0.2174752117221912,0.03233751646966576
2010-09-17,0.03469111353592602,0.0728202936057869,0.13821056566912682,0.13835037227579083,0.03469111353592602
2010-09-24,-0.013089206612256099,0.039871123623865135,0.10452794132545917,0.14847466683824484,-0.013089206612256099
2010-10-01,0.015099166619169324,0.06468069065288073,0.11341191484707647,0.17640036135403991,0.015099166619169324
2010-10-08,0.03497507523341126,0.07879396981780373,0.12524825415709184,0.14861559692031112,0.03497507523341126
2010-10-15,0.0029129922775239514,0.019809279622358567,0.10921220881109073,0.10395387254147859,0.0029129922775239514
2010-10-22,0.010456816470762798,0.01607281191389731,0.08037786225238674,0.13358543475673357,0.010456816470762798
2010-10-29,0.028555199065659842,0.015101766106267567,0.07015777987293781,0.1360843072990361,0.028555199065659842
2010-11-05,-0.02161375069686411,0.0037264765714630776,0.07115881179862571,0.09313944166520582,-0.02161375069686411
2010-11-12,-0.0007615693144521485,0.03780252086923919,0.11514420865927777,0.1161417063270982,-0.0007615693144521485
2010-11-19,0.009491137787188242,0.04113619399797508,0.12153207390127241,0.10465784030347192,0.009491137787188242
2010-11-26,0.017029149577262315,0.03554707672308832,0.09055713365423168,0.08792568869213713,0.017029149577262315
2010-12-03,0.011602004740284722,0.012962814387746713,0.07820255517649333,0.049593391968186795,0.011602004740284722
2010-12-10,0.002448226613569471,0.02727040376582024,0.03867040241479147,0.00606976991841135,0.002448226613569471
2010-12-17,0.004071900237309745,0.04548789426170341,0.00012283017824721298,-0.009788377134011927,0.004071900237309745
2010-12-24,-0.0051512549963523835,0.0171347410284326,0.0397877897593506,-0.0029867127166581797,-0.0051512549963523835
2010-12-31,0.025890373367723374,0.02331967979627958,0.05657245595006444,0.06723055689857071,0.025890373367723374
2011-01-07,0.020225523588155436,0.026937533665560176,0.020766388818548753,0.060416593916764016,0.020225523588155436
2011-01-14,-0.023158070191715452,0.025263158009059428,-0.004740604392777348,0.01861715488809157,-0.023158070191715452
2011-01-21,0.0008981682736615149,0.05477748831758178,0.04924903995479779,0.07430992335477615,0.0008981682736615149
2011-01-28,0.029517315690854362,0.034451641835131275,0.061604492969182356,0.04453104847876754,0.029517315690854362
2011-02-04,0.01856209156348365,0.01032679731257602,0.020520421084593066,-0.05836176503009405,0.01856209156348365
2011-02-11,0.004962354452784812,-0.03336738548431917,0.0008945010520386987,-0.07998708599354343,0.004962354452784812
2011-02-18,-0.018389409190042394,-0.07156995223488793,-0.015045698638919025,-0.1450260051401362,-0.018389409190042394
2011-02-25,0.005507546485733261,-0.012661351826939393,-0.0024129363615065236,-0.07503993410968057,0.005507546485733261
2011-03-04,-0.02548824772984659,-0.007358493591627213,-0.026534126700917926,-0.0775091891136499,-0.02548824772984659
2011-03-11,-0.034755053020608995,0.00956289690581813,-0.0313868888731087,-0.05515840723299692,-0.034755053020608995
2011-03-18,0.04389348028496909,0.04040385676639535,-0.0099099900664128,0.04356678534697167,0.04389348028496909
2011-03-25,0.010907987340972536,0.026389866316621102,-0.04113772338671973,-0.04341679952518396,0.010907987340972536
2011-04-01,-0.008875912059763347,0.028193346985054157,0.01008743024530423,-0.08274646050560774,-0.008875912059763347
2011-04-08,-0.005267954438980538,0.026690078909176407,0.03884356453400373,-0.046674610618554824,-0.005267954438980538
2011-04-15,0.029832485443251677,0.03106814315119033,0.02346901660407652,0.03122217363418267,0.029832485443251677
2011-04-22,0.012684264633417763,-0.009856016506818888,0.02388459025996137,-0.013796282624166212,0.012684264633417763
2011-04-29,-0.010324983097815599,-0.027928402066131786,-0.016082679193135663,0.0017240088345853444,-0.010324983097815599
2011-05-06,-0.0010261672740717875,-0.03625773895040385,-0.07729603884932779,-0.0074024871441652484,-0.0010261672740717875
2011-05-13,-0.011042629683939431,-0.06454374254367612,-0.08080930303899914,-0.005523167552505037,-0.011042629683939431
2011-05-20,-0.005799532456109868,-0.0667289701216155,-0.13196582452769734,-0.037006520096959705,-0.005799532456109868
2011-05-27,-0.018805157438108067,-0.050988311213132076,-0.07280266594805473,-0.07544842287792841,-0.018805157438108067
2011-06-03,-0.030346223646090187,0.029984446157170108,-0.05236450892723876,0.008914365049746076,-0.030346223646090187
2011-06-10,-0.013352835962207932,0.08276246356273176,-0.02454180940440953,0.04783996922785261,-0.013352835962207932
2011-06-17,0.010968769511114473,0.07547909934695385,0.05401203413513023,0.024795191818250517,0.010968769511114473
2011-06-24,0.06491357106492845,0.09599135699903183,-0.002376854522334493,0.03621897597143131,0.06491357106492845
2011-07-01,0.019340355677231136,0.0015541357556461133,-0.09190678744350567,-0.03128326522802338,0.019340355677231136
2011-07-08,-0.01998966619042475,-0.08809080113179535,-0.08232055149797224,-0.015959607309452672,-0.01998966619042475
2011-07-15,0.030250642948737028,-0.0739844296780906,0.007575370533278614,0.010538684210353866,0.030250642948737028
2011-07-22,-0.026845800825658128,-0.16057061070511325,-0.03680187517477973,0.007673094254581514,-0.026845800825658128
2011-07-29,-0.0718965516343889,-0.08396551717091283,0.018097748307874584,0.04638525829626783,-0.0718965516343889
2011-08-05,-0.004829834691471913,-0.010217351101005412,0.07574861997774529,0.15824422998053778,-0.004829834691471913
2011-08-12,-0.06608193668872575,-0.007280566158314961,0.08190480575510928,0.17183737715268377,-0.06608193668872575
2011-08-19,0.06196282251021357,0.133226000078025,0.10939581310732338,0.27393385598959563,0.06196282251021357
2011-08-26,0.0028232635288263364,0.021094422182177608,-0.0028534992851104723,0.20962692857286003,0.0028232635288263364
2011-09-02,-0.0018770644442426265,-0.012994032615574191,0.0646650263252746,0.22338294356437727,-0.0018770644442426265
2011-09-09,0.06610205785054757,0.018627830490878905,0.07420285085521461,0.22851779962118313,0.06610205785054757
2011-09-16,-0.04311733532820439,0.028096660124448558,-0.027719647756065502,0.18092806398705452,-0.04311733532820439
2011-09-23,-0.03065522263886844,0.058171940648654274,0.03868778573224274,0.24191461022450844,-0.03065522263886844
2011-09-30,0.03010096595733258,0.12288033466369108,0.06675914033627994,0.29288410073145155,0.03010096595733258
2011-10-07,0.07601219230359924,0.06898445184622082,0.07231386111658455,0.2582629140276078,0.07601219230359924
2011-10-14,-0.015125303367639398,-0.0056717094969500614,0.002941034252858854,0.1429563259103659,-0.015125303367639398
2011-10-21,0.028621291300304996,-0.03315898787493077,0.04617426911771827,0.15156737628708372,0.028621291300304996
2011-10-28,-0.019341703254634024,-0.10281642346685782,0.02778467002349072,0.14611589269580216,-0.019341703254634024
2011-11-04,0.0008652248270391016,-0.02041522491737091,0.07668669842634723,0.12457218901671152,0.0008652248270391016
2011-11-11,-0.04235124595855877,-0.014347620733750732,0.08312429237691266,0.11456936945708018,-0.04235124595855877
2011-11-18,-0.045487192357985706,-0.006834745985058843,0.14831319979603608,0.10274783548864241,-0.045487192357985706
2011-11-25,0.07072617263267222,0.06363338149366182,0.213088475670963,0.17923745760008147,0.07072617263267222
2011-12-02,0.007064641334801891,-0.011052667985255282,0.14907779753686712,0.07187138840816831,0.007064641334801891
2011-12-09,-0.03505182144166141,0.016836569633817966,0.14365531486265604,0.10771272368884177,-0.03505182144166141
2011-12-16,0.022238425243993998,0.060517499132212826,0.21459624403761746,0.15278747174514873,0.022238425243993998
2011-12-23,-0.004457917392140187,0.06579885872881408,0.195657277657306,0.13415407279922054,-0.004457917392140187
2011-12-30,0.03546480398323548,0.08185545415095508,0.2119737735023195,0.15379884897809615,0.03546480398323548
2012-01-06,0.006400103691588166,0.0733437120069742,0.1734091665264843,0.11358639964122341,0.006400103691588166
2012-01-13,0.02732915568606087,0.07382297588786813,0.13960470942522685,0.09373463871354715,0.02732915568606087
2012-01-20,0.01054023757418765,0.061234565885169845,0.10074144459531387,0.07900099839724795,0.01054023757418765
2012-01-27,0.02731805075769489,0.0589407382664473,0.11513230944533048,0.07830198596090288,0.02731805075769489
2012-02-03,0.0068494762588577895,0.045447220159555934,0.04447486038450399,0.06144010715040782,0.0068494762588577895
2012-02-10,0.01528579201263125,0.0407361279665599,0.02903182700404705,0.07446781718956541,0.01528579201263125
2012-02-17,0.008355984270258743,0.05049283370554014,-0.03968025823920418,0.08140071458031506,0.008355984270258743
2012-02-24,0.014227483723576961,0.048349744348813894,-0.027904822071744273,0.07196819471736315,0.014227483723576961
2012-03-02,0.0023123168349690193,0.043078399344415264,-0.06718988852991203,0.05491886224280074,0.0023123168349690193
2012-03-09,0.02480390563187207,0.04329104771480696,-0.031427818073079816,0.07209559469383597,0.02480390563187207
2012-03-16,0.006298857454783091,-0.004960914071867606,-0.0508883281962087,0.05744780219379142,0.006298857454783091
2012-03-23,0.009127713338292986,-0.018808317962297982,-0.051438824492074264,0.053378106235716594,0.009127713338292986
2012-03-30,0.0025166543813437414,-0.00458904520092529,-0.048000151320198525,0.020339627018919337,0.0025166543813437414
2012-04-06,-0.022593030248767465,-0.04459539287418168,-0.05098201768982924,0.023863674186078043,-0.022593030248767465
2012-04-13,-0.007705242394879908,-0.030367275935412108,-0.04025086096284647,0.01260260261074353,-0.007705242394879908
2012-04-20,0.023751830592546597,-0.07414724024209307,-0.01975072920603882,0.005161612401196836,0.023751830592546597
2012-04-27,-0.03777527693611449,-0.0768887452533572,-0.033027761075945294,-0.023091736308766375,-0.03777527693611449
2012-05-04,-0.008037248793803742,-0.06632148368403445,0.01624284835315093,0.01246340459812001,-0.008037248793803742
2012-05-11,-0.05250842198183969,-0.020411190575565175,0.04415411554159787,-0.006584590928775502,-0.05250842198183969
2012-05-18,0.02072044061797418,0.038232336854860494,0.12608401926374113,0.029790633862222693,0.02072044061797418
2012-05-25,-0.026760266248290088,0.022969651965845328,0.10273995700910499,0.05099030260173376,-0.026760266248290088
2012-06-01,0.04073896257309495,0.06453657194183982,0.1309041886137705,0.09486391241039227,0.04073896257309495
2012-06-08,0.00421359016349343,0.022228372380897587,0.10688249641958714,0.03809660327413633,0.00421359016349343
2012-06-15,0.005715191896746408,0.006191299083786683,0.11414476674183849,0.029919997345833504,0.005715191896746408
2012-06-22,0.012785949079382242,0.013969847871473595,0.1105009707694018,0.03788356740010501,0.012785949079382242
2012-06-29,-0.0006234413874107725,0.011066084670496856,0.07178549285894209,0.002461927693492072,-0.0006234413874107725
2012-07-06,-0.011540860981212209,0.023081877660285022,0.07886646330316349,0.04791010316836175,-0.011540860981212209
2012-07-13,0.013490060049363262,0.05490691079083798,0.055070081778467506,0.07016881542936604,0.013490060049363262
2012-07-20,0.009885576276801755,0.06359476922656393,0.02541429241468096,0.05294180922627678,0.009885576276801755
2012-07-27,0.011253429995382369,0.052720672215578634,0.010275398162655325,0.04154642548026932,0.011253429995382369
2012-08-03,0.019207161766890968,0.03902423188663251,-0.0037190360169870873,0.04010172315589089,0.019207161766890968
2012-08-10,0.021836823235437564,0.038438378685117236,-0.04859312022541373,0.025478266926729942,0.021836823235437564
2012-08-17,-0.00043940278868803695,0.027224527638084695,-0.08551172359632386,2.096820870467475e-05,-0.00043940278868803695
2012-08-24,-0.0019035000687185333,0.03016924738705984,-0.04692824820434427,-0.008561882868828086,-0.0019035000687185333
2012-08-31,0.018632482408697193,0.008887283213269148,-0.03186854957850627,-0.0031056080617416493,0.018632482408697193
2012-09-07,0.010802248468811282,-0.0036450008324366845,-0.062143807827796715,-0.0011514358901155708,0.010802248468811282
2012-09-14,0.002426013438933783,-0.04715942856005895,-0.07559589373857467,-0.013279281191055259,0.002426013438933783
2012-09-21,-0.022522882764717922,-0.06372060767801602,-0.06539157126443962,-0.014517723952183315,-0.022522882764717922
2012-09-28,0.005979144597688668,-0.046959304762975496,-0.06468044737247969,0.013775150623060561,0.005979144597688668
2012-10-05,-0.03334314290741747,-0.05523340100106444,-0.028693412194890855,-0.00845454186100647,-0.03334314290741747
2012-10-12,-0.014997002812330185,-0.048740259266593644,0.01431064524685155,0.057172190932516465,-0.014997002812330185
2012-10-19,-0.0050240568919524,-0.051461487813332374,0.026845263436667155,0.04487872041545593,-0.0050240568919524
2012-10-26,-0.0027545519773999327,-0.006886303433010554,0.03095297319373036,0.07298101045511118,-0.0027545519773999327
2012-11-02,-0.026699554969030426,0.009667024669393731,0.043984338511987575,0.11538198452378223,-0.026699554969030426
2012-11-09,-0.01781475926705378,0.023648119792706312,0.077854584328519,0.1607567177428071,-0.01781475926705378
2012-11-16,0.04173338684724048,0.03836276079490841,0.09353065972742147,0.202033013468786,0.04173338684724048
2012-11-23,0.01386764461178358,0.010212357902876779,0.04025548471374929,0.140056099944454,0.01386764461178358
2012-11-30,-0.013222036368285561,-0.02530591070478927,0.029709748096957478,0.12201164379428975,-0.013222036368285561
2012-12-07,-0.0036961349706758906,0.03189186419138457,0.06503382122627399,0.13921889673360277,-0.0036961349706758906
2012-12-14,0.013491605021993758,0.045512810131656645,0.06741273878536425,0.12615098547495318,0.013491605021993758
2012-12-21,-0.021779140989512058,0.028681135007412095,0.05443332817047675,0.08613899853207196,-0.021779140989512058
2012-12-28,0.04468485406656231,0.05048604572528914,0.08388106265408557,0.12356349534557953,0.04468485406656231
2013-01-04,0.00945505030035343,0.015458502276757269,0.020836747725163418,0.09527336666203334,0.00945505030035343
2013-01-11,-0.0028245618117070936,0.010853703686733551,0.04225682327846769,0.12567638262631853,-0.0028245618117070936
2013-01-18,-0.0010438346178879288,0.010138510584198235,0.01756200045022749,0.11822091939847135,-0.0010438346178879288
2013-01-25,0.009850746307829894,0.002074776114957322,0.04076620210055215,0.13109501710784865,0.009850746307829894
2013-02-01,0.004877475557620414,-0.004138338783912787,0.06838957576083882,0.14383892002967635,0.004877475557620414
2013-02-08,-0.0035300773505123617,0.01147212663487518,0.07691402404335856,0.131188520747489,-0.0035300773505123617
2013-02-15,-0.009018302653359567,0.01356247169978797,0.09922204995003092,0.12028039638548327,-0.009018302653359567
2013-02-22,0.0035894184438098886,0.023980737766156057,0.09593856191795758,0.14822211383639083,0.0035894184438098886
2013-03-01,0.02062926688891409,0.025971121687850207,0.08963875098581786,0.1262082902269579,0.02062926688891409
2013-03-08,-0.0014707363857006106,-0.01092987504160381,0.06965513585466465,0.12479150648338777,-0.0014707363857006106
2013-03-15,0.0011678588099233167,0.020873014336284967,0.055028616911981576,0.14299439843606887,0.0011678588099233167
2013-03-22,0.005540166313160011,-0.007289692388859237,0.030068919024597962,0.1586540678076851,0.005540166313160011
2013-03-29,-0.016079599904035957,0.008699579538700597,0.03661142726705102,0.1535104646093426,-0.016079599904035957
2013-04-05,0.030636305278959997,0.06276079977313587,0.07291726037757229,0.17725414350024815,0.030636305278959997
2013-04-12,-0.026451244050421763,0.044466685602654765,0.08003743173918565,0.13981403158468675,-0.026451244050421763
2013-04-19,0.021736084729636174,0.09120281992305523,0.09892165676755482,0.21393141862702114,0.021736084729636174
2013-04-26,0.03665358103678229,0.05519605349711698,0.08679068826888114,0.1989536203228457,0.03665358103678229
2013-05-03,0.012895174592693737,0.015668330449030377,0.07061969339705265,0.15530602347995792,0.012895174592693737
2013-05-10,0.017111567528642624,0.0046543464692347936,0.05039817059894203,0.1368789239462329,0.017111567528642624
2013-05-17,-0.011978465746330214,-0.027187079516893364,0.019157500012312756,0.13698199461780147,-0.011978465746330214
2013-05-24,-0.002179539606746661,-0.03756399463955051,0.04770664500292243,0.15117759450625812,-0.002179539606746661
2013-05-31,0.001911262924162882,-0.023957813701632857,0.03356115887770583,0.1775928654312482,0.001911262924162882
2013-06-07,-0.015124676519787328,-0.007913510419632286,0.0515459317499265,0.1790481320432067,-0.015124676519787328
2013-06-14,-0.022517609896693935,0.04507219127648332,0.08337762607952648,0.18114624565754944,-0.022517609896693935
2013-06-21,0.011926879575464122,0.059065889458424614,0.1248315975836336,0.23577224646707884,0.011926879575464122
2013-06-28,0.018380805316558613,0.05752771141406843,0.1127703537385143,0.23560741761602766,0.018380805316558613
2013-07-05,0.037475888698937476,0.060484982045224456,0.09724597317593564,0.20110627651054336,0.037475888698937476
2013-07-12,-0.009428950893567323,0.015803585660820962,0.05534678529543435,0.16653889622223694,-0.009428950893567323
2013-07-19,0.010457165817189251,0.011998927412530946,0.10465692540609695,0.18546680554663886,0.010457165817189251
2013-07-26,0.021228605534359568,0.017248241968990552,0.10320564324361814,0.15797946847589261,0.021228605534359568
2013-08-02,-0.006236065932251678,-0.019488112232053156,0.07910029173309674,0.12776410650146475,-0.006236065932251678
2013-08-09,-0.01313910152278397,0.00575212373248668,0.08233140133705574,0.14839021311719103,-0.01313910152278397
2013-08-16,0.015698483140286434,0.0341127376286261,0.11560970174292495,0.19713738560800342,0.015698483140286434
2013-08-23,-0.01565149336906213,0.03328392030823202,0.09875946668549296,0.18020944761578828,-0.01565149336906213
2013-08-30,0.01934530284239755,0.05084329028995449,0.13935479803627615,0.20944288300249236,0.01934530284239755
2013-09-06,0.014688809798985902,0.035202431835554826,0.12125214547794205,0.18898526197647292,0.014688809798985902
2013-09-13,0.014884424416810038,0.018032448626857045,0.090244266841492,0.14769843262236915,0.014884424416810038
2013-09-20,0.0010762803620267825,0.04007077305154727,0.0986286739470763,0.13767123873915188,0.0010762803620267825
2013-09-27,0.00417326363804027,0.048437833735333724,0.1103885122971009,0.11154839640383685,0.00417326363804027
2013-10-04,-0.0021409321824062966,0.0429472346945472,0.09465544269348136,0.09828200186325442,-0.0021409321824062966
2013-10-11,0.03685460054334788,0.041777104616569805,0.10536073305579396,0.07183854713085647,0.03685460054334788
2013-10-18,0.009129641925406995,0.022032991066261776,0.07315382566477302,0.05942726507963747,0.009129641925406995
2013-10-25,-0.0010855248000601891,0.01314849382598915,0.04964969638047689,0.04972078678056224,-0.0010855248000601891
2013-11-01,-0.00326047578920996,0.035261441794079085,0.04509665611359548,0.06671162142850795,-0.00326047578920996
2013-11-08,0.01720377996227751,0.041919069483656646,0.06103381247049611,0.0617607220907912,0.01720377996227751
2013-11-15,0.00035731305037711714,0.01060028584008288,0.07307903807013072,0.05474645842986625,0.00035731305037711714
2013-11-22,0.0207167519138427,0.033160921565016155,0.07412903679091531,0.08045548162484839,0.0207167519138427
2013-11-29,0.0031494226072590337,0.024127269024149633,0.06151559205878243,0.07536751687216658,0.0031494226072590337
2013-12-06,-0.01337209300053499,0.010646874450605415,0.06040846099755659,0.08971896086898878,-0.01337209300053499
2013-12-13,0.022689284701999934,0.03214768278379876,0.052698434220916024,0.0985386564841424,0.022689284701999934
2013-12-20,0.011791907499998588,0.01595375719836145,0.03553754395632702,0.08230420393610816,0.011791907499998588
2013-12-27,-0.010054844520452688,-0.00891224858093198,0.0010445750238683438,0.08099046607055493,-0.010054844520452688
2014-01-03,0.007617728529469625,-0.004270544893821615,0.0033129686550954496,0.1146830322982837,0.007617728529469625
2014-01-10,0.006643757061206346,0.0,-0.030326919459373936,0.10128523762336306,0.006643757061206346
2014-01-17,-0.012972234805766703,0.02196176605898037,-0.012790860226056133,0.10377768607173943,-0.012972234805766703
2014-01-24,-0.005418492117098772,0.03677657370083853,6.772773843555235e-05,0.12549756941428591,-0.005418492117098772
2014-01-31,0.011939260571561139,0.05152586212295951,0.020682264351789215,0.10741518755226975,0.011939260571561139
2014-02-07,0.028751431758517798,0.04130498384649073,0.0006850956225441518,0.0970081773403404,0.028751431758517798
2014-02-14,0.0013361541811474087,-0.008593681561099187,-0.017084090723861856,0.09444050217867428,0.0013361541811474087
2014-02-21,0.008730525030067104,-0.003958661777291428,0.005889836897840617,0.11149568917797903,0.008730525030067104
2014-02-28,0.0021031658276808862,-0.034213859447611794,0.013049195807400826,0.1099965762542896,0.0021031658276808862
2014-03-07,-0.02054567550325348,-0.043769308561404485,0.02764076386551939,0.10888808913809989,-0.02054567550325348
2014-03-14,0.006017597902607363,-0.04925685210262154,0.0435454454695301,0.1275019301103908,0.006017597902607363
2014-03-21,-0.021910112320716157,-0.03146067417117271,0.04516172325448142,0.12906816859620718,-0.021910112320716157
2014-03-28,-0.007811602469118273,-0.00987937971949937,0.07986246870653124,0.1405052381025782,-0.007811602469118273
2014-04-04,-0.026166493053277007,0.01296746545785421,0.11100231644815262,0.14238609751452547,-0.026166493053277007
2014-04-11,0.02484841273838878,0.03198192845018233,0.13572838075422156,0.1285099258738025,0.02484841273838878
2014-04-18,-0.00011600927988486553,0.017517401390071186,0.11807887670538397,0.08435808175990478,-0.00011600927988486553
2014-04-25,0.015082956275383586,0.04281239129456349,0.12542134717165498,0.15001937018905398,0.015082956275383586
2014-05-02,-0.00788661555478487,0.04366213286841125,0.08497543871359658,0.1648676282340984,-0.00788661555478487
2014-05-09,0.010483870889454572,0.0693548386980416,0.09625713637502709,0.17644335404449119,0.010483870889454572
2014-05-16,0.024740622573660387,0.05255957142716006,0.11346300517677821,0.18280126850139755,0.024740622573660387
2014-05-23,0.015910102362304057,0.03492872012710624,0.10498749306964505,0.16151308242647522,0.015910102362304057
2014-05-30,0.016537071511576684,0.029482289997031952,0.09569859079708531,0.16687820889439808,0.016537071511576684
2014-06-06,-0.005386770052485779,0.03379950523850983,0.07906199143654535,0.141073627370927,-0.005386770052485779
2014-06-13,0.007575751313002144,0.034728272316712605,0.08045311778739617,0.11775032312632172,0.007575751313002144
2014-06-20,0.010563759871902167,0.03611081172747288,0.08028082494300826,0.1313722463956375,0.010563759871902167
2014-06-27,0.020799999957552995,0.03189333329941313,0.05615786375897058,0.1272725605575269,0.020799999957552995
2014-07-04,-0.004493207984754721,-0.010762800431096453,0.02824816888474735,0.08222540632271813,-0.004493207984754721
2014-07-11,0.008922011217931125,-0.0038836989155078827,-0.0063557933417366375,0.08373062003934417,0.008922011217931125
2014-07-18,0.006450270456293428,0.013316687378929881,-0.030159585023950664,0.05530605516659537,0.006450270456293428
2014-07-25,-0.021397560492873002,0.023878437079963843,0.021856723332303485,0.08431917196378214,-0.021397560492873002
2014-08-01,0.0024294919346530275,0.05397697261058587,0.07363502128234933,0.074445218571356,0.0024294919346530275
2014-08-08,0.026343519444446573,0.05258166493072469,0.07314544645484755,0.09336282725060108,0.026343519444446573
2014-08-15,0.016940451833442838,0.021355236157924562,0.0622726242382976,0.10434526085197615,0.016940451833442838
2014-08-22,0.00737001506019852,0.011788512130839202,0.05115495850527929,0.10118519439183449,0.00737001506019852
2014-08-29,0.0011024254000289169,-0.007668874165489448,0.06496277233096737,0.0930279857739702,0.0011024254000289169
2014-09-05,-0.004104515016106647,-0.014882873559201149,0.05746809398024122,0.08185287251294349,-0.004104515016106647
2014-09-12,0.007415079749125697,-0.048406880107381145,0.034519966414928493,0.06537631263636778,0.007415079749125697
2014-09-19,-0.012002400510210731,-0.06981396280920149,0.04729457403386261,0.0920662729877022,-0.012002400510210731
2014-09-26,-0.006175339150393366,-0.001619761045091317,0.0673333970600305,0.07467732303957297,-0.006175339150393366
2014-10-03,-0.03799531425591596,0.032902108607106184,0.052494367674406295,0.07725590990380482,-0.03799531425591596
2014-10-10,-0.015247776335504226,0.07581533257599338,0.09066264642557686,0.14781956860589585,-0.015247776335504226
2014-10-17,0.06043010755617639,0.10989247309626426,0.08812340553229747,0.14676970151945956,0.06043010755617639
2014-10-24,0.028189008279903893,0.05323463795740557,0.06112642526614387,0.1276304273977802,0.028189008279903893
2014-10-31,0.001972386646665658,0.04546351085280387,0.0007546300865253208,0.0819321819719594,0.001972386646665658
2014-11-07,0.015944881816255085,0.037204724345512696,0.018839366893408593,0.07623770948359998,0.015944881816255085
2014-11-14,0.0062972292219443116,-0.005328424644802543,0.03960625140259699,0.06802093451096858,0.0062972292219443116
2014-11-21,0.02060267643803293,0.008072701603586863,0.04759549054279999,0.06995754720987324,0.02060267643803293
2014-11-28,-0.005942835588843676,-0.005459928681720738,0.02635323428402514,0.044372761819090334,-0.005942835588843676
2014-12-05,-0.025716454668213484,-0.019516302212036374,0.023059587964417316,0.043456363200336634,-0.025716454668213484
2014-12-12,0.019854986924422002,0.003235417542617025,0.02982672855350521,0.06560936279570373,0.019854986924422002
2014-12-19,0.006901840509770274,-0.033550613493470216,0.04274986242064882,0.058246544674774636,0.006901840509770274
2014-12-26,-0.01999238393426972,-0.007425742568611837,0.006880629801120586,0.04506305321022097,-0.01999238393426972
2015-01-02,-0.003108606893723942,-0.017874490009175625,0.023526531818038876,0.053500502089160795,-0.003108606893723942
2015-01-09,-0.01754044045513048,0.0049697914640556284,0.05240568416607938,0.05384875791201105,-0.01754044045513048
2015-01-16,0.03412021426486844,0.06040468162810475,0.053896732382548995,0.13185207290882595,0.03412021426486844
2015-01-23,-0.03030884337640627,0.03980433521945237,0.06267302420157561,0.07051461915297175,-0.03030884337640627
2015-01-30,0.020079129653893135,0.07220573698163579,0.08111633905547411,0.11242107100930698,0.020079129653893135
2015-02-06,0.036652768372219535,0.04150101812338236,0.05633698937763598,0.07454876902388219,0.036652768372219535
2015-02-13,0.014030492848948528,-0.014685249293946767,0.02733215875725592,0.03843546888368321,0.014030492848948528
2015-02-20,-9.22423421680918e-05,0.003409885205310381,0.021346079540192298,-0.05108595134473892,-9.22423421680918e-05
2015-02-27,-0.00913284134093384,-0.024328954280583126,0.01755684781140232,-0.021156761800017576,-0.00913284134093384
2015-03-06,-0.01927194859793324,-0.01906879080444679,0.019937035414039572,-0.04449617088999136,-0.01927194859793324
2015-03-13,0.03265298697207131,0.025231358542783244,0.03474626677485726,0.006800613827453228,0.03265298697207131
2015-03-20,-0.027734267001607416,-0.02321938639444343,0.014861361111236926,-0.024699472160084723,-0.027734267001607416
2015-03-27,-0.00379075062239842,0.047573919559448896,0.0379214996087891,-0.020016604245650327,-0.00379075062239842
2015-04-03,0.025019025874944534,0.03738584476971285,0.029284995883673615,-0.005869343609575028,0.025019025874944534
2015-04-10,-0.016148491897599038,0.008723897925168256,0.0013712143212862848,-0.0066361060364364954,-0.016148491897599038
2015-04-17,0.042731817752645895,0.03367606830938508,0.0739686708678211,0.024738197175767196,0.042731817752645895
2015-04-24,-0.01347928347853733,-0.0006332549344588712,0.007379122997205778,0.02510028050700641,-0.01347928347853733
2015-05-01,-0.0033012379713356355,0.009170105487002589,0.028955932699326725,0.04417415906917177,-0.0033012379713356355
2015-05-08,0.008188425779710684,0.005612291804079739,0.0172405016859023,0.06112901411493987,0.008188425779710684
2015-05-15,0.008121920040272013,-0.0075743748500788355,0.01080790670454479,0.007124011746413528,0.008121920040272013
2015-05-22,-0.003801937103894759,-0.0029609529510529198,-0.07091820523513437,0.04121157897190009,-0.003801937103894759
2015-05-29,-0.006815084124741744,-0.004802574837897922,-0.03804564796029486,0.04363323319175594,-0.006815084124741744
2015-06-05,-0.005032021905437611,-0.010078327816436805,-0.06317370981422832,0.05842425962478237,-0.005032021905437611
2015-06-12,0.012808308244022015,-0.007836796875704821,-0.027007251772462326,0.02358760704197027,0.012808308244022015
2015-06-19,-0.0056420056164491195,0.03367003368298693,-0.03898151490170443,0.004948608790294129,-0.0056420056164491195
2015-06-26,-0.012080168363997279,0.016747506201871598,-0.055821277308811146,0.03604810129648728,-0.012080168363997279
2015-07-03,-0.0027790643527284553,0.037054191737907693,-0.03415413576787607,0.041917209522982724,-0.0027790643527284553
2015-07-10,0.055178820178290344,0.02470970736206124,-0.007996355640350616,-0.028501565123024264,0.055178820178290344
2015-07-17,-0.021920943708585994,-0.027115062887166252,-0.045839767050442126,-0.10736526893566944,-0.021920943708585994
2015-07-24,0.007650765061929299,-0.07830783074865222,0.01759134878344093,-0.060841700319699044,0.007650765061929299
2015-07-31,-0.014649397029109945,-0.056543099591357615,0.014789969022212635,-0.06473902428791867,-0.014649397029109945
2015-08-07,0.0018130722647995423,-0.07388269427467298,0.043144676560066264,-0.10561666582401241,0.0018130722647995423
2015-08-14,-0.07338702378533046,-0.04470183699473018,-0.003644505482888083,-0.10814518303464005,-0.07338702378533046
2015-08-21,0.03144531245385185,0.03131173162350476,0.12068881861517111,-0.0020632597454451895,0.03144531245385185
2015-08-28,-0.032758947204719835,-0.02319249169909754,0.08490931090322595,-0.015351089725542222,-0.032758947204719835
2015-09-04,0.03337901332023052,0.02058595388334683,0.12979777650656876,0.04004436731072647,0.03337901332023052
2015-09-11,0.000344049692775128,0.01154866271282673,0.051999214697745044,0.014260117480196177,0.000344049692775128
2015-09-18,-0.023065970537699876,0.026293308011714256,0.04571204859551181,0.025320497356824623,-0.023065970537699876
2015-09-25,0.010590750084728429,0.09580256506856122,0.09730083552766722,0.04845366321156064,0.010590750084728429
2015-10-02,0.024228439576446492,0.08960676861700922,0.07876137187928811,0.06745068870271131,0.024228439576446492
2015-10-09,0.014925373096452033,0.07753684407496175,-0.020670498137040583,0.029356466781791823,0.014925373096452033
2015-10-16,0.0431002589908096,0.01590825015713193,-0.06448131012024672,0.02947867862516773,0.0431002589908096
2015-10-23,0.00487675124684972,0.015073594640957033,-0.07707715793467473,-0.027866432090479232,0.00487675124684972
2015-10-30,0.012882731807764447,0.008647313173066218,-0.07836990484519712,-0.06152330576262155,0.012882731807764447
2015-11-06,-0.04312222315920955,0.0030490461238328326,-0.14260854292488223,-0.07468664980705464,-0.04312222315920955
2015-11-13,0.04224326291369773,0.008648943890058769,-0.10488292394312393,-0.033719619365687015,0.04224326291369773
2015-11-20,-0.0014849755068996329,-0.037685496898915316,-0.10953270553042571,-0.06435982901372783,-0.0014849755068996329
2015-11-27,0.007260957032616755,-0.012035675022528891,-0.09241362353623628,-0.030757072285194642,0.007260957032616755
2015-12-04,-0.0377800938328432,-0.025517020279310132,-0.07944201259925254,-0.03835559386808607,-0.0377800938328432
2015-12-11,-0.00563440457974651,-0.058326818001170455,-0.03587369333578039,-0.010768277194559639,-0.00563440457974651
2015-12-18,0.025129746017725774,-0.08185377395909077,-0.019500159021859864,-0.02494930949572749,0.025129746017725774
2015-12-25,-0.006483701941524145,-0.07833733015502642,-0.04451575241225181,-0.06850141589535108,-0.006483701941524145
2016-01-01,-0.0701770070086285,-0.06910423749008543,-0.010484879669794611,-0.028349962450791688,-0.0701770070086285
2016-01-08,-0.030477838604134666,-0.056629170227085024,0.05108287335740114,0.06644820319006572,-0.030477838604134666
2016-01-15,0.02905593014995289,-0.027965093311397737,0.10043624971029863,0.11493183788542072,0.02905593014995289
2016-01-22,0.0034692107067075817,-0.020622530606453138,0.05332051998417464,0.1013794630359357,0.0034692107067075817
2016-01-29,-0.057716316083388564,-0.006722366266813329,0.018279132996135372,0.11283056188719409,-0.057716316083388564
2016-02-05,-0.0010191602894742413,0.07694659603203546,0.07921923242568174,0.1968790965902767,-0.0010191602894742413
2016-02-12,0.03682921858026411,0.08641093663115118,0.07950167244146633,0.20240912745569783,0.03682921858026411
2016-02-19,0.01771130568488699,0.05961131096186589,0.050729405557343954,0.1602920458130883,0.01771130568488699
2016-02-26,0.021657159515899194,0.040104142343663884,0.06793463724221449,0.13543243705094876,0.021657159515899194
2016-03-04,0.007760007548416992,0.04747952452264226,0.044632081078538555,0.1145991487825373,0.007760007548416992
2016-03-11,0.011252676588619392,0.02660465444975202,0.026039551008708584,0.07919706470882537,0.011252676588619392
2016-03-18,-0.001024494734820136,0.030455434507967283,-0.0055575230572517675,0.09803976505664669,-0.001024494734820136
2016-03-25,0.02890173407392438,0.016035800801577293,-0.02510314905102251,0.10891206059927061,0.02890173407392438
2016-04-01,-0.012323305518551986,-0.04204421894831678,-0.018054380791104552,0.08131500896443677,-0.012323305518551986
2016-04-08,0.015045871587244797,-0.031376146822519546,0.014618571210835096,0.09250120722618327,0.015045871587244797
2016-04-15,-0.015003615408251347,-0.046456977659475096,0.013172583308608932,0.06422409515064609,-0.015003615408251347
2016-04-22,-0.02991374564496807,-0.023031748923301953,0.045626133868998275,0.08975020009569734,-0.02991374564496807
2016-04-29,-0.001324252720802277,0.04171396141698369,0.09285413579364543,0.11337066832809817,-0.001324252720802277
2016-05-06,-0.0007577192813278399,0.0424322788380862,0.10902313508640837,0.08200138683449243,-0.0007577192813278399
2016-05-13,0.009194312816035222,0.032606635162410136,0.11385573376302105,0.10330639331336133,0.009194312816035222
2016-05-20,0.034375880512630186,0.002848584132409515,0.10427293618724631,0.10760481557597035,0.034375880512630186
2016-05-27,-0.0006356124472982616,-0.050509068936730794,0.06320405524352846,0.08430344216809349,-0.0006356124472982616
2016-06-03,-0.010176267416612927,-0.015377807223695084,0.06697771298748623,0.05668096836164693,-0.010176267416612927
2016-06-10,-0.019889032997680856,0.015177384411919181,0.051808445052490715,0.102606553271952,-0.019889032997680856
2016-06-17,-0.02065921675803828,0.04986383704619146,0.10417625002543263,0.12925179684223131,-0.02065921675803828
2016-06-24,0.036340972264770066,0.08974973632389616,0.1374660401455201,0.15885803909199825,0.036340972264770066
2016-07-01,0.020540340492950504,0.06615470016883807,0.10119642861240963,0.10221964478085965,0.020540340492950504
2016-07-08,0.013599274716099119,0.0587488666685807,0.07676050707647075,0.11148472601620041,0.013599274716099119
2016-07-15,0.01654740610158778,0.04830053667194356,0.05038777468229916,0.10763409161188142,0.01654740610158778
2016-07-22,0.013902331635186282,0.03176418820586502,0.04219870257396141,0.09040020760695922,0.013902331635186282
2016-07-29,0.013451358152217097,0.013451358152217097,0.018773349399966666,0.09769962768659268,0.013451358152217097
2016-08-05,0.0035965063165359634,0.002911457507452919,-0.024365360286023763,0.08209686494811752,0.0035965063165359634
2016-08-12,0.0005119453233732862,-0.02491467578858475,-0.009471011487295677,0.09280348298337593,0.0005119453233732862
2016-08-19,-0.0040934675042657576,0.0027607783216332393,0.00301726075097708,0.113080816027473,-0.0040934675042657576
2016-08-26,0.002911457507452919,0.015810355673672838,0.01984509635803855,0.12153037576404269,0.002911457507452919
2016-09-02,-0.024248633901132743,0.016199709722055644,-0.009650383977570565,0.12479912291395445,-0.024248633901132743
2016-09-09,0.028909072981832873,0.03926044742623436,0.04829596915522605,0.15600714557762818,0.028909072981832873
2016-09-16,0.008866911094662644,-0.0012788814385669145,0.022709732088713963,0.12843581412606975,0.008866911094662644
2016-09-23,0.003295867485131554,-0.0015211696502319683,0.018806714390999568,0.10951483187596156,0.003295867485131554
2016-09-30,-0.0021057951433315347,-0.013645552557612128,0.0009291858762559002,0.12068494742784308,-0.0021057951433315347
2016-10-07,-0.011226470889665108,-0.04068540562992462,0.03224878578989676,0.11957161255011406,-0.011226470889665108
2016-10-14,0.008622161529289185,-0.011439303393404376,0.05450017442072497,0.11881278782860294,0.008622161529289185
2016-10-21,-0.008887008002094077,-0.007024968233674711,0.046249822528038775,0.12762272429370114,-0.008887008002094077
2016-10-28,-0.02946199833276608,0.014517506389107426,0.07747187176923287,0.16717272065061328,-0.02946199833276608
2016-11-04,0.01891772986661988,0.018037835493606602,0.10912099765682015,0.2163109872768143,0.01891772986661988
2016-11-11,0.013126079483750663,0.031951640797570846,0.10325239912891249,0.20292824080524552,0.013126079483750663
2016-11-18,0.012615069890483666,0.02244821408013742,0.109732463820303,0.18083239756869962,0.012615069890483666
2016-11-25,-0.02609427608768422,0.014776081783422601,0.09970659247088776,0.19471637547161702,-0.02609427608768422
2016-12-02,0.032843560930892135,0.02705542738025213,0.1357596395417595,0.24618499417655904,0.032843560930892135
2016-12-09,0.00379602071815488,0.02335157869556248,0.10274882246203987,0.1772891289799774,0.00379602071815488
2016-12-16,0.0050167224388855125,0.029765886328084745,0.1033783865744855,0.16066105165539124,0.0050167224388855125
2016-12-23,-0.014309484174149345,0.025374376017831546,0.08903368637414544,0.18069831292809813,-0.014309484174149345
2016-12-30,0.029118838620235676,0.06178257933728237,0.1196445894888638,0.16730761824713203,0.029118838620235676
2017-01-06,0.010087755261033227,0.030755351443979118,0.08459474882636586,0.13526764775026567,0.010087755261033227
2017-01-13,0.0007307567090391043,0.03426437156816897,0.06098871765782987,0.15950124698476098,0.0007307567090391043
2017-01-20,0.020689655212982938,0.0532251521453011,0.07777578548978137,0.17487832496963907,0.020689655212982938
2017-01-27,-0.0009538950604122132,0.035453100154967165,0.08325122096606519,0.14890662763262763,-0.0009538950604122132
2017-02-03,0.013526416292909849,0.04248886056871215,0.09664409009156683,0.14848455665520865,0.013526416292909849
2017-02-10,0.019076778109716086,0.03148060917501816,0.09034726936015125,0.12093010911905955,0.019076778109716086
2017-02-17,0.003466605059373684,0.016593906718750606,0.06406943661324638,0.09321230314597728,0.003466605059373684
2017-02-24,0.005834484862916156,0.004927445879767678,0.08639557464801184,0.095143954147203,0.005834484862916156
2017-03-03,0.0028239963374432353,0.012482758090816226,0.09722598936457394,0.11969815383338656,0.0028239963374432353
2017-03-10,0.004369092244496775,0.006504587307855081,0.06759499987632367,0.10285588669328671,0.004369092244496775
2017-03-17,-0.008049206489151417,-0.00979573234620601,0.05191570342314167,0.11214482551111304,-0.008049206489151417
2017-03-24,0.013396616434639075,0.0147745541399531,0.08417060711789648,0.11024065339323785,0.013396616434639075
2017-03-31,-0.0030971446078715825,0.027269980371792846,0.042569784381334186,0.10414187554610388,-0.0030971446078715825
2017-04-07,-0.011896643113981864,0.042206562141726245,0.04672058294467374,0.12440088759325518,-0.011896643113981864
2017-04-14,0.01656441715688972,0.06288343558006892,0.09284974259142076,0.14317894127654118,0.01656441715688972
2017-04-21,0.025875075430871197,0.03983101991928817,0.09009530626607165,0.12735633748085728,0.025875075430871197
2017-04-28,0.011397896910674055,0.03845871021562486,0.06060958473511757,0.11761758701066993,0.011397896910674055
2017-05-05,0.00770684893499185,0.0430420240932905,0.04727191532059716,0.11985468116106235,0.00770684893499185
2017-05-12,-0.005483405497784144,0.009956709912111839,0.02804871495377359,0.11426285703782946,-0.005483405497784144
2017-05-19,0.02452118398717351,0.0049824360009456115,0.027388124806486003,0.12237493951317857,0.02452118398717351
2017-05-26,0.015861775898977637,0.0028693272815503157,0.00805266488868539,0.11194970815015748,0.015861775898977637
2017-06-02,-0.02425763277275339,-0.03795212561099559,0.020480889704250105,0.08218890993610506,-0.02425763277275339
2017-06-09,-0.010381633215568953,-0.013175344128238509,0.03302833642069114,0.11060048018686697,-0.010381633215568953
2017-06-16,0.02236699246149554,0.028736880243219964,0.05725660515569242,0.14365167745020768,0.02236699246149554
2017-06-23,-0.02548853016991659,0.020320022627136503,0.02404607365684308,0.11898258898343173,-0.02548853016991659
2017-06-30,0.0008718395329898598,0.04504504505615747,0.05905800464120192,0.1365024276046667,0.0008718395329898598
2017-07-07,0.03164924510104994,0.04275551687661072,0.074213028686269,0.18041971476812368,0.03164924510104994
2017-07-14,0.014002251610659489,-0.00014072611419968517,0.04605317339031201,0.16236732990835945,0.014002251610659489
2017-07-21,-0.0018735687709946491,-0.019984733876343252,0.034181443586264626,0.15920880738406695,-0.0018735687709946491
2017-07-28,-0.0013209121494051068,-0.013000556212051873,0.0537502235469518,0.19343209015325202,-0.0013209121494051068
2017-08-04,-0.010790114828394981,0.01635920640514943,0.06930651417138955,0.1508260334984357,-0.010790114828394981
2017-08-11,-0.006122449012051501,0.014848698044757969,0.08386192291279948,0.1032347128973965,-0.006122449012051501
2017-08-18,0.005239679938591202,0.034199532652365194,0.09245465507456974,0.1730344910763899,0.005239679938591202
2017-08-25,0.02838627880657696,0.018780499039657172,0.10306707861631925,0.18962760965032532,0.02838627880657696
2017-09-01,-0.012260273992907744,-0.0015839468439139415,0.06046955004687926,0.14179506690452492,-0.012260273992907744
2017-09-08,0.01282851397034701,0.026167303444220913,0.07509198056943234,0.2058999953690832,0.01282851397034701
2017-09-15,-0.00974758695182143,0.017835663465635365,0.08171627575861096,0.1759116661136817,-0.00974758695182143
2017-09-22,0.007829822590635471,0.03041851442525756,0.09270726949576846,0.10240557829555508,0.007829822590635471
2017-09-29,0.015194224829810254,0.03980749403583528,0.0731257614069043,0.1050202441885082,0.015194224829810254
2017-10-06,0.004605174062591422,0.0379926859088251,0.09886929616906825,0.06469040498407397,0.004605174062591422
2017-10-13,0.0024942699343537544,0.035998382112547134,0.11119334989546203,0.09188218634675138,0.0024942699343537544
2017-10-20,0.01701297829170878,0.035236366075473535,0.12089499823574545,0.09544254107134265,0.01701297829170878
2017-10-27,0.013422375001565623,0.03319227718920015,0.13255690341504955,0.07572388072770564,0.013422375001565623
2017-11-03,0.0026750179645844696,0.007959809482389613,0.07623587647384356,0.07968169138900061,0.0026750179645844696
2017-11-10,0.00175689744038654,0.006637168161712559,0.017873854201404304,0.10677950034660855,0.00175689744038654
2017-11-17,0.015004871743053538,0.02403377719659261,0.07376034842958301,0.09179889397677932,0.015004871743053538
2017-11-24,-0.011327275102433032,0.009212294430532841,0.07847259039095533,0.09017560487705922,-0.011327275102433032
2017-12-01,0.0013593113287697633,0.010331684862274093,0.07668821500254364,0.12228665415092221,0.0013593113287697633
2017-12-08,0.019069166094831225,0.04886257442847386,0.12167146361780778,0.1317930445710236,0.019069166094831225
2017-12-15,0.00031406998533145547,0.04557197286901071,0.08707957203381378,0.12678607702239097,0.00031406998533145547
2017-12-22,-0.010230666594509108,0.056999428073495784,0.008875486665574917,0.11825758076615722,-0.010230666594509108
2017-12-29,0.03954802263910984,0.0973934257705833,0.02972110439301101,0.10616573901187998,0.03954802263910984
2018-01-05,0.015872035537494167,0.016613142242756895,-0.031103691134287237,0.08863196344624891,0.015872035537494167
2018-01-12,0.011246884293472537,-0.051006140158665225,-0.017378760906486268,0.09603228261091923,0.011246884293472537
2018-01-19,0.02759408440568656,-0.008296260672236322,-0.022707262682467366,0.0801010908853701,0.02759408440568656
2018-01-26,-0.03697419996361062,-0.016146960746731942,-0.050181163097388515,0.04305187213874628,-0.03697419996361062
2018-02-02,-0.051697952691434734,0.00838345179647404,0.0032017283482939085,0.09809926511340694,-0.051697952691434734
2018-02-09,0.05675848809502071,0.10928891736776847,0.08734446393159123,0.16079293345753065,0.05675848809502071
2018-02-16,0.01945926285054811,0.03673617850682409,0.016799414854141714,0.09443072005351882,0.01945926285054811
2018-02-23,-0.012963073075621945,-0.055915232557379846,0.010851471414643266,0.08917855513319894,-0.012963073075621945
2018-03-02,0.04319537327043932,-0.03374083244964787,0.04235064386608056,0.1286996832062448,0.04319537327043932
2018-03-09,-0.012358512377476871,-0.09399578233595418,0.009023659138630347,0.04984984201002396,-0.012358512377476871
2018-03-16,-0.07164813861162123,-0.054897862150205645,0.03652584963425487,0.07989032717180855,-0.07164813861162123
2018-03-23,0.010220175392644082,0.023910163402983242,0.10841981547405832,0.16146363388573248,0.010220175392644082
2018-03-30,-0.021857241027019803,0.012240054946146106,0.07423819351933236,0.164821434038529,-0.021857241027019803
2018-04-06,0.03026240185486495,0.0526080572579366,0.12357943103396773,0.15469966822404446,0.03026240185486495
2018-04-13,0.005763153019880063,0.05013323420067661,0.1154168452760389,0.08451144796352317,0.005763153019880063
2018-04-20,-0.001293900190837638,0.031792975997023465,0.10519709155930634,0.07025560350030968,-0.001293900190837638
2018-04-27,0.0171509655367712,0.04707261400302998,0.09815875576880617,0.032249967089254206,0.0171509655367712
2018-05-04,0.027840116437650275,0.0477345787417105,0.094594670327528,0.031407328881036145,0.027840116437650275
2018-05-11,-0.011802195182955444,0.02938746604477549,0.06754848344963893,0.016148752733954552,-0.011802195182955444
2018-05-18,0.013495760171725824,0.05684939681786383,0.07634869185139448,0.004184345970190684,0.013495760171725824
2018-05-25,0.01779401365406086,0.035208725824148024,0.0774862439572257,-0.0582252513469077,0.01779401365406086
2018-06-01,0.009841380084632423,-0.0041810702290467905,0.08284068307368764,-0.015641502432868437,0.009841380084632423
2018-06-08,0.014560880530677833,0.008864058020550791,0.04046107591396386,-0.07121892916214179,0.014560880530677833
2018-06-15,-0.00725717621205868,0.017034785419035137,0.04183636862781093,-0.08625049928064787,-0.00725717621205868
2018-06-22,-0.02093315085093239,0.02093315079089364,0.04785535017613163,-0.15676844012763547,-0.02093315085093239
2018-06-29,0.023070201029003146,0.03478007576445652,0.08432323582020018,-0.10467171010394938,0.023070201029003146
2018-07-06,0.02277774614114203,0.025454131318570328,0.027697407348796554,-0.10621093266823056,0.02277774614114203
2018-07-13,-0.003451923625913067,0.005066533053442734,-0.027707486616689203,-0.10116870264695421,-0.003451923625913067
2018-07-20,-0.0076540588812302746,0.00486060672578148,-0.03161561709296412,-0.07246021177996842,-0.0076540588812302746
2018-07-27,0.013849791704838577,0.02736178360910735,-0.06001754148325311,-0.06587163313605948,0.013849791704838577
2018-08-03,0.0024433585113159406,0.03648378498418858,-0.05772670300649707,-0.06580074168321426,0.0024433585113159406
2018-08-10,-0.0036561046218538396,0.0032683358720932976,-0.048147443898372666,-0.061900194307946244,-0.0036561046218538396
2018-08-17,0.014566885398116236,0.02296230404043964,-0.06704550897634864,-0.03957781888485212,0.014566885398116236
2018-08-24,0.022851819365988346,0.00674046465776712,-0.12595195165157103,-0.048136989772822214,0.022851819365988346
2018-08-31,-0.02968122157837494,-0.0028176618233243245,-0.09094799174612689,-0.061328932958796045,-0.02968122157837494
2018-09-07,0.01590193808588003,-0.0035119998272382658,-0.10733703322635446,-0.05047791958729886,0.01590193808588003
2018-09-14,-0.0015218218718399124,-0.05085353373127277,-0.12294336401133743,-0.026135034426779225,-0.0015218218718399124
2018-09-21,0.013140729562681308,-0.05649599531863392,-0.19527866157229845,-0.021723952238080546,0.013140729562681308
2018-09-28,-0.03035685448719816,-0.10296571399627719,-0.17429760765127444,-0.02846407690047792,-0.03035685448719816
2018-10-05,-0.03236192062263321,-0.059783513781684894,-0.13029938487679682,0.029836707303845023,-0.03236192062263321
2018-10-12,-0.007457549355559312,-0.01606241396413366,-0.0755546453552749,0.07102205116072868,-0.007457549355559312
2018-10-19,-0.03675875623710578,-0.03190382616117937,-0.04217808073731133,0.08812780107492091,-0.03675875623710578
2018-10-26,0.016320652827240156,-0.044701788022459166,-0.006227873296746345,0.1493048384452409,0.016320652827240156
2018-11-02,0.012634313410534004,-5.903884916225177e-05,-0.00856868034197611,0.13357715997879205,0.012634313410534004
2018-11-09,-0.023437500022014834,-0.05911847015723959,-0.014448404137189952,0.08364433085901735,-0.023437500022014834
2018-11-16,-0.049492537274589465,-0.0383283581812196,0.02944161838093362,0.09789548393767578,-0.049492537274589465
2018-11-23,0.06381508693686322,-0.07311098548924444,0.08902824281317856,0.12426752123398943,0.06381508693686322
2018-11-30,-0.047174824325198816,-0.09424781556565143,0.032582358895201,0.03185280355680087,-0.047174824325198816
2018-12-07,-0.0018589663999154515,-0.029145087260129543,0.06369605971732151,0.12707971302358834,-0.0018589663999154515
2018-12-14,-0.08387136825160224,0.0004303093043622752,0.11037865242924827,0.13915830432342324,-0.08387136825160224
2018-12-21,0.0395557868768972,0.12300839239784933,0.21567056948348906,0.2838205605853439,0.0395557868768972
2018-12-28,0.02131136825666835,0.07962345560355599,0.17661754659081264,0.22568665005969968,0.02131136825666835
2019-01-04,0.0285476541039702,0.07181719259058261,0.18412783594266702,0.22780946609208796,0.0285476541039702
2019-01-11,0.028377621510475626,0.04897628970154111,0.15855636656028693,0.20922693945221194,0.028377621510475626
2019-01-18,-0.0006051437208663968,0.04048411495133242,0.13604395471815778,0.1605477247987952,-0.0006051437208663968
2019-01-25,0.013926733255111845,0.046866484979535494,0.15650742012452334,0.18727082369761305,0.013926733255111845
2019-02-01,0.006628844397850608,0.04144520749779823,0.14337436946191984,0.12335471796960973,0.006628844397850608
2019-02-08,0.020052206954579876,0.01548410063542116,0.09953079616327054,0.11083458943319258,0.020052206954579876
2019-02-15,0.005525183196574801,0.03728044665766084,0.06649611239188458,0.08309994280871558,0.005525183196574801
2019-02-22,0.008676036775670415,0.03467628461824912,0.03235846145714327,0.057345414053050714,0.008676036775670415
2019-03-01,-0.018464361478003233,0.032095797383824065,-0.0007065347689849677,0.07934073970655797,-0.018464361478003233
2019-03-08,0.0419466027896489,0.08077520484797263,0.05958812456549967,0.12381171458242535,0.0419466027896489
2019-03-15,0.003000744873081329,0.043837524801747074,0.02591877269183085,0.08391748455161552,0.003000744873081329
2019-03-22,0.006160394274469683,0.049451164901842315,0.056059587862532734,0.07090850886938149,0.006160394274469683
2019-03-29,0.027830346250979465,0.0611711009781577,0.041703528568872716,0.04542607290040679,0.027830346250979465
2019-04-05,0.0063359688053974406,0.034929058804794355,0.03688928578783601,0.02679940819258153,0.0063359688053974406
2019-04-12,0.00839476939132644,-0.004466447846401489,0.0437359582618877,0.03276386526790609,0.00839476939132644
2019-04-19,0.017396872824207765,-0.023213618634671196,0.02156938556723076,0.027274469444929172,0.017396872824207765
2019-04-26,0.002412798347047218,-0.0655127196087032,0.02660026476075461,0.030514941982300536,0.002412798347047218
2019-05-03,-0.0319711161248446,-0.08979121970481674,-0.017509270827656853,0.045007265486639136,-0.0319711161248446
2019-05-10,-0.010594594576248229,-0.021405405402948552,0.010280560862292898,0.09233147410341358,-0.010594594576248229
2019-05-17,-0.02666083915382189,-0.0021853146884859287,0.015568580348214178,0.11324535680459857,-0.02666083915382189
2019-05-24,-0.02363044454313279,0.058430624148514854,0.024203756281165223,0.13765076931436182,-0.02363044454313279
2019-05-31,0.04075883872140795,0.07589799329597868,0.08010387064528413,0.18406263359235564,0.04075883872140795
2019-06-07,0.00883782590779747,0.05762248959854466,0.06061184391176666,0.1371369424182527,0.00883782590779747
2019-06-14,0.032468243540616726,0.06196590628713805,0.05653343461842142,0.13921669436242934,0.032468243540616726
2019-06-21,-0.007517336078201264,0.015176789296044157,0.014060684811264323,0.127462795519953,-0.007517336078201264
2019-06-28,0.0230802185141874,0.04578558423171564,0.00357351610073553,0.14868068886165808,0.0230802185141874
2019-07-05,0.012980895001189596,-0.01936665798008419,-0.009730911229917982,0.1257629892067198,0.012980895001189596
2019-07-12,-0.01302123700731117,-0.03637678910492492,-0.010512326328445343,0.13338923554269244,-0.01302123700731117
2019-07-19,0.022407203822141675,-0.028951363811820063,0.005584626906698809,0.1743654788845197,0.022407203822141675
2019-07-26,-0.04065748374884981,-0.06769419838715263,0.0038132439235813997,0.14513135427823798,-0.04065748374884981
2019-08-02,-0.004590338927524473,0.0006405124253308081,0.06363066282260021,0.17420602706992883,-0.004590338927524473
2019-08-09,-0.0054158400143559104,0.02734731086164044,0.08121596754379667,0.23416765071745438,-0.0054158400143559104
2019-08-16,-0.01838473150439479,0.038063403087367,0.09617939974363265,0.2703402456216435,-0.01838473150439479
2019-08-23,0.02965892241823931,0.04794859125141726,0.11076605835260489,0.27003024393808994,0.02965892241823931
2019-08-30,0.021976849637911133,-0.00033435538685488986,0.09624885695943619,0.10237329892277369,0.021976849637911133
2019-09-06,0.004958505128684232,-0.012522003172515284,0.07215184230287752,0.09030335641827336,0.004958505128684232
2019-09-13,-0.00903708317682228,-0.005424589795330781,0.07825900916601847,0.0031450596174060763,-0.00903708317682228
2019-09-20,-0.0177813501502585,0.006691402397284829,0.1118297084259754,-0.101598961783114,-0.0177813501502585
2019-09-27,0.009517189795038794,0.04603539542865254,0.14459047636561673,-0.004989409602452088,0.009517189795038794
2019-10-04,0.012181558159466421,0.05328107621134981,0.13682533563167332,-0.024635711596760146,0.012181558159466421
2019-10-11,0.003034901350656094,0.05295379623032703,0.14543037341453902,0.0555373456879944,0.003034901350656094
2019-10-18,0.020606187105887352,0.058532004822896555,0.1678435086035588,0.12794509006293286,0.020606187105887352
2019-10-25,0.016509916173005346,0.031639746442321925,0.1407812770055612,0.09772827126792527,0.016509916173005346
2019-11-01,0.011867048795700441,0.0313269975336643,0.10396030136428203,0.07434418838607004,0.011867048795700441
2019-11-08,0.008348655786408532,0.018734781107085263,0.14146265664307456,0.12223300408432447,0.008348655786408532
2019-11-15,-0.005322556818163071,0.021093095460710476,0.1588798748806468,0.10507175622164056,-0.005322556818163071
2019-11-22,0.016201753979740552,0.048952088421313045,0.14338229403740743,0.14278149171704624,0.016201753979740552
2019-11-29,-0.00048756705730246264,0.04374820471665908,0.005586725974177309,0.1426791773334275,-0.00048756705730246264
2019-12-06,0.0106829268376194,0.047043861586884894,0.016929984540630105,0.17424741303329672,0.0106829268376194
2019-12-13,0.02181572470666704,0.05653361002824564,-0.06966225082293476,0.14336761345890503,0.02181572470666704
2019-12-20,0.011160345695654827,0.05740835178893433,-0.19196165437173096,0.1586145466433495,0.011160345695654827
2019-12-27,0.0026684144348028127,0.04255418757209717,-0.130684195838345,0.12892832588899084,0.0026684144348028127
2020-01-03,0.01984312258637333,0.022831263405544977,-0.1420280162376204,0.18202791982479294,0.01984312258637333
2020-01-10,0.022661722295049813,0.049306413959132156,-0.07847969620237394,0.21316835684707125,0.022661722295049813
2020-01-17,-0.003044140016138619,0.05040737758875813,-0.034164182312692026,0.1658373260503423,-0.003044140016138619
2020-01-24,-0.01629995511167437,0.033991917367031776,-0.03773993017368393,0.1519972698328631,-0.01629995511167437
2020-01-31,0.04624092755922482,-0.06057424567077796,-0.026827153967051376,0.21796418088384284,0.04624092755922482
2020-02-07,0.023734729518372966,-0.0924083769424856,-0.016846501676456516,0.18901139583044824,0.023734729518372966
2020-02-14,-0.01862427550599921,-0.18027616777019595,-0.04643114426725892,0.16439688165718525,-0.01862427550599921
2020-02-21,-0.1062665566515486,-0.2586963130430062,-0.000525460577353809,0.22882568922619773,-0.1062665566515486
2020-02-28,0.010787172032227232,-0.09769412573884151,0.13633080849037627,0.42693380939177716,0.010787172032227232
2020-03-06,-0.07537736758687175,-0.1166212889103474,0.1546983871890948,0.36851415407145205,-0.07537736758687175
2020-03-13,-0.11250909848678803,0.0465201204044976,0.22898121082400058,0.4115496591046066,-0.11250909848678803
2020-03-20,0.0878415285741645,0.26390395406963285,0.43386084696574523,0.569441101265961,0.0878415285741645
2020-03-27,-0.01041554234928388,0.1540205073095522,0.2986400574848622,0.47020433687612284,-0.01041554234928388
2020-04-03,0.09538092378083918,0.16016796638843434,0.3776999041872706,0.5007234679884334,0.09538092378083918
2020-04-10,0.07184108337048944,0.11948620930636356,0.31648575929097866,0.4269846506844788,0.07184108337048944
2020-04-17,-0.006735101480351835,0.037066282651389226,0.20707609378365932,0.3443870853714228,-0.006735101480351835
2020-04-24,-0.005144032943711685,0.07398054619858252,0.19717871078324367,0.33581665442572817,-0.005144032943711685
2020-05-01,0.056970950445420776,0.09692582492942292,0.25153942164412424,0.2702918522646789,0.056970950445420776
2020-05-08,-0.007071066455742292,0.06595214801947735,0.20938530743971318,0.31438500723654617,-0.007071066455742292
2020-05-15,0.028620056477720146,0.05647870294688806,0.22109365742911136,0.30721027669968004,0.028620056477720146
2020-05-22,0.016110772408158835,0.0634851519609414,0.2294717281503118,0.26843629156573723,0.016110772408158835
2020-05-29,0.027125471400015755,0.031187875629408834,0.2557380286885549,0.2854246256909314,0.027125471400015755
2020-06-05,-0.015895531728778556,0.05398152377429999,0.18517023081919515,0.27872468423549535,-0.015895531728778556
2020-06-12,0.0354417500532187,0.12103327796221519,0.14855267653620086,0.2837704650696071,0.0354417500532187
2020-06-19,-0.01474777821608042,0.06400021384539634,0.09455607535914168,0.27355079191987386,-0.01474777821608042
2020-06-26,0.04982932309285859,0.0638581300456913,0.1321107249098239,0.2928701174768309,0.04982932309285859
2020-07-03,0.0467108132718963,0.053927594282862756,0.08929634343971049,0.24813411203283442,0.0467108132718963
2020-07-10,-0.017236807203675375,0.028412319587613366,0.08393474111942645,0.21254027759966054,-0.017236807203675375
2020-07-17,-0.014879346215331934,0.049109552082772456,0.11375504186927698,0.20607812832279793,-0.014879346215331934
2020-07-24,0.04002973859620007,0.1029503834650618,0.11580388324127644,0.27752845899491874,0.04002973859620007
2020-07-31,0.02137025470601772,0.10060574137162082,0.014983491767218915,0.187364557555189,0.02137025470601772
2020-08-07,0.002541717325422743,0.04460898072671271,0.08682071722792695,0.2246090394548339,0.002541717325422743
2020-08-14,0.03567754263038747,-0.006283068795985947,0.0705241721195069,0.2402677713868402,0.03567754263038747
2020-08-21,0.03781885264874485,-0.05321602157998084,0.03169211826777496,0.1782151454259513,0.03781885264874485
2020-08-28,-0.03059515264441537,-0.07033248438271866,0.02364075653054787,0.07738779271610152,-0.03059515264441537
2020-09-04,-0.046300867477172214,-0.03127990389465951,0.07893756608418578,0.09207412085184252,-0.046300867477172214
2020-09-11,-0.01323719725315442,0.05796359257880024,0.11772885240335285,0.17024430269607094,-0.01323719725315442
2020-09-18,0.019056613117625965,0.08266321789997799,0.16353179210302327,0.17722103563164615,0.019056613117625965
2020-09-25,0.010126675526306306,0.04853439385740099,0.14199970818208785,0.16722871535834472,0.010126675526306306
2020-10-02,0.04155882028219837,-0.017972367062984773,0.1458168564961453,0.1868652543093956,0.04155882028219837
2020-10-09,0.00980014701812948,0.031150467255942615,0.11864693657426062,0.18353437164281994,0.00980014701812948
2020-10-16,-0.013067138076190754,0.008387924171476824,0.08289352953102669,0.18908421627028504,-0.013067138076190754
2020-10-23,-0.05394394886340592,0.019807543737745625,0.14493996497292327,0.19570385394468737,-0.05394394886340592
2020-10-30,0.09365951444405152,0.1099933179976249,0.16983632461630682,0.2585578510528743,0.09365951444405152
2020-11-06,-0.012491089889679619,0.03703200841596965,0.12678109649800695,0.13787260617449038,-0.012491089889679619
2020-11-13,-0.0018904891393453083,0.03753480216087235,0.1585612017814242,0.12533808740937902,-0.0018904891393453083
2020-11-20,0.029719677659971522,0.06777326262325101,0.14202204762811466,0.1296112614372653,0.029719677659971522
2020-11-27,0.02177184708924118,0.03716076638026933,0.05250576029008425,0.12022279343729791,0.02177184708924118
2020-12-04,-0.012012306882974055,0.028767419205290023,0.012175454058322766,0.1018360750013374,-0.012012306882974055
2020-12-11,0.027198939878770867,0.05883258654424606,0.046984069687204144,0.13397487900864258,0.027198939878770867
2020-12-18,0.0001981576265446261,0.007629530436858767,0.011765250955352302,0.10844544787817934,0.0001981576265446261
2020-12-25,0.013503036578628835,0.05123400958398605,0.0220919558871151,0.13162776654012154,0.013503036578628835
2021-01-01,0.016861095178435148,0.0026136291097185183,0.03582457142302342,0.1458817276207609,0.016861095178435148
2021-01-08,-0.0224743754502561,0.03864840296011729,0.0580052856241402,0.13432804250148722,-0.0224743754502561
2021-01-15,0.04348104919514828,0.07884948374927814,0.09806198286663204,0.14944658967841873,0.04348104919514828
2021-01-22,-0.03337225741017491,0.017208530504497777,0.04433759893512379,0.13420224858210195,-0.03337225741017491
2021-01-29,0.05340793489630413,-0.0013351983584675153,0.07584097413428093,0.16179202939304016,0.05340793489630413
2021-02-05,0.01536093676319572,-0.06844519556305406,0.009843535457734642,0.11341662334074498,0.01536093676319572
2021-02-12,-0.01613909942995928,-0.062386684502975465,-0.02867618415061779,0.09886639292391175,-0.01613909942995928
2021-02-19,-0.050993897646632425,-0.054014863141042535,-0.01086737880115829,0.11359119385853811,-0.050993897646632425
2021-02-26,-0.017380785653352104,0.007190379639175237,0.06433887176878716,0.1999461734528183,-0.017380785653352104
2021-03-05,0.021964493994667267,0.05280420189965107,0.08858209373040982,0.2391294846784564,0.021964493994667267
2021-03-12,-0.00735433969113608,0.06997852745703859,0.08308704195225025,0.19667286977707454,-0.00735433969113608
2021-03-19,0.01040680161520613,0.09357351336362107,0.09555595710718201,0.19670350773574752,0.01040680161520613
2021-03-26,0.027120253176063258,0.0741139240598172,0.107168254306371,0.1841048614225449,0.027120253176063258
2021-04-02,0.03863573342958371,0.04134701297908472,0.10625076797178123,0.11223248320830126,0.03863573342958371
2021-04-09,0.014535314880607997,-0.00863219721627173,0.07213835121090395,0.07377271760855253,0.014535314880607997
2021-04-16,-0.0075728779846822025,-0.04567117919265784,0.04679572520818942,0.08118819537017097,-0.0075728779846822025
2021-04-23,-0.004213069343239062,-0.0365623711052081,0.08604942476322819,0.10467527970095114,-0.004213069343239062
2021-04-30,-0.011213349527864569,-0.012012189710781218,0.07989197039824902,0.1449632703423973,-0.011213349527864569
2021-05-07,-0.023369239954392773,0.004189108344334613,0.10256350042985951,0.1954053777640392,-0.023369239954392773
2021-05-14,0.0018995679879441063,0.0454977174514013,0.13130798915189668,0.21203354151612408,0.0018995679879441063
2021-05-21,0.021161432383320244,0.047766123378458536,0.1258259711512204,0.23820894738570342,0.021161432383320244
2021-05-28,0.005001048130067298,0.0477200861094953,0.12740989292129323,0.1741613081854143,0.005001048130067298
2021-06-04,0.016805721089725445,0.06989216852196334,0.1382967732200544,0.144217442555735,0.016805721089725445
2021-06-11,0.004073379446739134,0.05916234783042951,0.10487229873980142,0.16901048662991625,0.004073379446739134
2021-06-18,0.02111656408449991,0.044901514672650356,0.0923253166325213,0.12594756086611825,0.02111656408449991
2021-06-25,0.026269100884978247,0.05362559377767151,0.06948953496176058,0.1385220480555085,0.026269100884978247
2021-07-02,0.006608298034941562,0.016534686593772552,0.005407196460063934,0.11197896473848123,0.006608298034941562
2021-07-09,-0.0094457217295707,0.019500844845414367,0.001524398782864811,0.0547274940189455,-0.0094457217295707
2021-07-16,0.02964205816736709,0.03137583891311113,0.03285499676180037,0.0652056231770961,0.02964205816736709
2021-07-23,-0.009858772423555484,-0.0012764801835996042,0.017150098801243407,-0.042558670019975486,-0.009858772423555484
2021-07-30,0.009545491963259378,0.031461722041448814,0.06025723102668401,-0.03272304249105562,0.009545491963259378
2021-08-06,0.0020921070399351205,0.0367341393810241,0.08420546961511355,-0.024955872923803746,0.0020921070399351205
2021-08-13,-0.0029553711791497905,0.021067187259691922,0.0713559465135083,-0.05675169338674557,-0.0029553711791497905
2021-08-20,0.022598101873060994,0.016588257691272812,0.09982268939804717,-0.0690844204617116,0.022598101873060994
2021-08-27,0.014705882352136213,-0.006106231017820485,0.04146798387849948,-0.07830081988314386,0.014705882352136213
2021-09-03,-0.013051340509243614,-0.05501156554689057,0.005201340700397461,-0.11390955304837524,-0.013051340509243614
2021-09-10,-0.007328925363222827,-0.03990992005662308,0.05805031763695201,-0.13652852076368627,-0.007328925363222827
2021-09-17,-0.00023055161699925275,-0.011986874129463976,0.03078043117891771,-0.057514324531316,-0.00023055161699925275
2021-09-24,-0.035223528791939906,0.0020625184039746447,0.06454716089972434,-0.03502566668693441,-0.035223528791939906
2021-10-01,0.002720861804904162,0.07199178188227973,0.10599861295368251,0.007163518439740946,0.002720861804904162
2021-10-08,0.021541698952862065,0.10366596520458016,0.05312211594718752,-0.03082231715433359,0.021541698952862065
2021-10-15,0.013986013988742219,0.06982165122327544,0.031321556769073444,-0.0803890928447566,0.013986013988742219
2021-10-22,0.03210371558023151,0.07989842288182714,-0.0587020233214236,-0.1279912485635405,0.03210371558023151
2021-10-29,0.03234829452844279,0.01318277175260052,-0.08769595792117701,-0.1866620569430113,0.03234829452844279
2021-11-05,-0.009784244851110735,-0.03881083792574225,-0.10068326124352511,-0.22220809821833998,-0.009784244851110735
2021-11-12,0.023536863437569888,0.008386116047160552,-0.11957523577215579,-0.23308977623850569,0.023536863437569888
2021-11-19,-0.03165919948549811,-0.04722889180622558,-0.15357667330195257,-0.2836305041594458,-0.03165919948549811
2021-11-26,-0.020628834351242964,0.01591869014126135,-0.11499998618835694,-0.2078796657481815,-0.020628834351242964
2021-12-03,0.038837992334908034,0.03974781513340808,-0.11849456315466056,-0.19878323173488222,0.038837992334908034
2021-12-10,-0.03291374589990392,-0.044381841169855774,-0.18390319926864196,-0.2724642218151221,-0.03291374589990392
2021-12-17,0.032520307562639905,-0.011468199958276304,-0.08565816059318265,-0.2845576270085879,0.032520307562639905
2021-12-24,0.002343041396710488,-0.11395243374478436,-0.09353538409937856,-0.25541320639392806,0.002343041396710488
2021-12-31,-0.04521804700256793,-0.11574714088051008,-0.08936276533836907,-0.28862150198940595,-0.04521804700256793
2022-01-07,0.0003948823361556997,-0.05752119201143546,-0.07971006574676365,-0.2200186132069737,0.0003948823361556997
2022-01-14,-0.07452435461727225,-0.08670824452184067,-0.10831796240524372,-0.2295130975752402,-0.07452435461727225
2022-01-21,0.00031277544107721766,-0.028945946726781635,-0.07361029871391833,-0.13860296992048848,0.00031277544107721766
2022-01-28,0.01765207504792965,-0.01714042069617594,-0.1084792946837384,-0.10046246153938132,0.01765207504792965
2022-02-04,-0.030585737826754555,-0.057847546152799745,-0.13513018465869187,-0.09844084955685162,-0.030585737826754555
2022-02-11,-0.01599147122046163,-0.0652913041016645,-0.12893156244407222,-0.045022456507954556,-0.01599147122046163
2022-02-18,0.012474012469449347,0.029223155980369286,-0.1536510475967643,-0.0516216197328101,0.012474012469449347
2022-02-25,-0.024496052276130387,0.040558565958573434,-0.1049487888252083,-0.108043059457546,-0.024496052276130387
2022-03-04,-0.03824488586625563,0.07410917226671843,-0.0910813084347526,-0.1221370870827917,-0.03824488586625563
2022-03-11,0.08350801479248338,0.07762433546224301,-0.10851779159912744,-0.05036730941810008,0.08350801479248338
2022-03-18,0.023624954766979123,-0.03596662462666678,-0.21753293772976867,-0.1742733331323132,0.023624954766979123
2022-03-25,0.006957005699491203,-0.09447613747956984,-0.1785815126757211,-0.23045599793490046,0.006957005699491203
2022-04-01,-0.035097416067467746,-0.13430979688300215,-0.2188124195526402,-0.25865710932093944,-0.035097416067467746
2022-04-08,-0.03070313617555187,-0.11427753114610406,-0.15246124317774123,-0.22640190538826643,-0.03070313617555187
2022-04-15,-0.0385013149011193,-0.10782141061966699,-0.13591743475837081,-0.22669192127902338,-0.0385013149011193
2022-04-22,-0.03733866011243947,-0.11284572834331885,-0.07015694487572843,-0.1504446769966693,-0.03733866011243947
2022-04-29,-0.012769353555082241,-0.013248204304394329,0.008992312905972577,-0.09890855968431,-0.012769353555082241
2022-05-06,-0.023637833443821754,-0.009862570740958976,0.04242180088960712,-0.14093671637346217,-0.023637833443821754
2022-05-13,-0.043916009831386105,-0.043386103198755466,0.09632894766747913,-0.04275026635101742,-0.043916009831386105
2022-05-20,0.07073576279683613,-0.0484619647797927,0.12055243593583742,-0.009698297916201915,0.07073576279683613
2022-05-27,-0.009382077011947376,-0.04504453761909488,-0.0034570878109604353,-0.06830115499127998,-0.009382077011947376
2022-06-03,-0.05669497057841577,-0.07683629657304725,-0.03416782924175332,-0.04102197348410852,-0.05669497057841577
2022-06-10,-0.048989059690027204,0.024505459550782316,0.06522898789571685,-0.019907401057526863,-0.048989059690027204
2022-06-17,0.07458128587870183,0.06458721668651068,0.0552861668987612,0.0021149170159513453,0.07458128587870183
2022-06-24,-0.04236108751426049,0.025050066205200228,-0.0631523225489572,-0.08868780406739563,-0.04236108751426049
2022-07-01,0.046857831473001044,0.11813702901273881,-0.05100527807352162,-0.05222005816076791,0.046857831473001044
2022-07-08,-0.011782630785647674,0.08938547486943516,-0.08724162950111747,-0.08607507215147203,-0.011782630785647674
2022-07-15,0.034672970863965924,0.13197656494003884,-0.10505302406520456,-0.03330665830006929,0.034672970863965924
2022-07-22,0.04460412596026497,0.06910824862042753,-0.08634546623592354,-0.060015365442437574,0.04460412596026497
2022-07-29,0.019939136500066068,-0.025423191522470967,-0.1069392414690653,-0.05692343394979893,0.019939136500066068
2022-08-05,0.026853146863754285,-0.08261072261330915,-0.17589666400548254,-0.044399216663612795,0.026853146863754285
2022-08-12,-0.022791246712900004,-0.07052271559134438,-0.12685901828497526,-0.08908451907870163,-0.022791246712900004
2022-08-19,-0.047760639285594264,-0.10388403644199629,-0.11623796412816634,-0.06329836135873157,-0.047760639285594264
2022-08-26,-0.03991022639466468,-0.1022485875339535,-0.06506901648407792,-0.046726412483377056,-0.03991022639466468
2022-09-02,0.040383507808428254,-0.0929299017462879,-0.007096620354832717,0.019538848272172782,0.040383507808428254
2022-09-09,-0.05786577225896272,-0.12213623131486984,-0.07992308688615823,-0.056431056437772464,-0.05786577225896272
2022-09-16,-0.04602276284325035,-0.09716516706331912,-0.05038562197689744,0.059868352699127936,-0.04602276284325035
2022-09-23,-0.029944466604208797,-0.0003266669009923673,-0.02725681253532586,0.13287152674285307,-0.029944466604208797
2022-09-30,0.00688468157077704,0.05223377980916122,-0.0012800704357768256,0.20555666229188074,0.00688468157077704
2022-10-07,-0.0310665180082218,-0.01642512077628533,0.0012780571368606886,0.18656894445013217,-0.0310665180082218
2022-10-14,0.05630129629253511,0.104395182918813,0.08016828671910337,0.22661561697299581,0.05630129629253511
2022-10-21,0.021058746626337,0.03412969284529943,0.02881844266126632,0.15409199638277915,0.021058746626337
2022-10-28,-0.058815162493832895,0.02026882869710489,0.056004932521658723,0.151530862030965,-0.058815162493832895
2022-11-04,0.08795526673580367,0.10529696238669639,0.1595642701569462,0.22474237532311614,0.08795526673580367
2022-11-11,-0.010904292247902125,-0.020558410889859213,0.043262771989097226,0.1331895433333523,-0.010904292247902125
2022-11-18,0.007373077727909516,-0.037111157947367523,0.05990255365202435,0.18614769131295317,0.007373077727909516
2022-11-25,0.019622194346997412,-0.06594006840049993,0.019619206469895012,0.21906987561936786,0.019622194346997412
2022-12-02,-0.035925482839010536,-0.08761617372930675,0.02682584143939981,0.21705761247266686,-0.035925482839010536
2022-12-09,-0.027620195726089536,-0.04466059716125925,0.025532681141711366,0.26187637326721247,-0.027620195726089536
2022-12-16,-0.022787691597036974,0.02695744425619595,0.11610394411418978,0.3468829013847734,-0.022787691597036974
2022-12-23,-0.004039497298856443,0.0573010173522992,0.16461522562345787,0.35996238881418763,-0.004039497298856443
2022-12-30,0.00946372239107629,0.11258825297420816,0.20710183766725043,0.39139121030517265,0.00946372239107629
2023-01-06,0.04527529763370941,0.13906250001427956,0.18505437724572538,0.36648198564610146,0.04527529763370941
2023-01-13,0.006086058991443766,0.06666192117424075,0.135578253920702,0.35309055828260894,0.006086058991443766
2023-01-20,0.04804018680174571,0.06537427480292024,0.12176449072730966,0.33270058215207876,0.04804018680174571
2023-01-27,0.03348410180199468,-0.014885573481187353,0.09045973798739526,0.2981865342644485,0.03348410180199468
2023-02-03,-0.021164021187624504,-0.02122934221703998,0.056209135486166906,0.21865343451379204,-0.021164021187624504
2023-02-10,0.00487153821651054,-0.03720387051986351,0.08619762322468327,0.22559345260568775,0.00487153821651054
2023-02-17,-0.030913799959306987,0.013946075189207319,0.11911013632898215,0.1926439626527563,-0.030913799959306987
2023-02-24,0.026828850434719165,0.06688890429184169,0.19561289929012515,0.2509298258046109,0.026828850434719165
2023-03-03,-0.03713961559579648,0.07256766328102682,0.18526196298936237,0.2636596662364932,-0.03713961559579648
2023-03-10,0.058256801254613855,0.10394252851014296,0.23045944461017376,0.29498834434326704,0.058256801254613855
2023-03-17,0.019686686920532104,0.04487628374513086,0.20677192163651403,0.21788614694006325,0.019686686920532104
2023-03-24,0.03229438067062618,0.01839879058831606,0.16773536777879028,0.154489608762171,0.03229438067062618
2023-03-31,-0.008973919547563547,0.00507898916855809,0.15267094033595807,0.11949736586183146,-0.008973919547563547
2023-04-07,0.0016349630403524884,0.015217733046970272,0.15309644171944736,0.14990857306161764,0.0016349630403524884
2023-04-14,-0.006152493942356618,0.02027811783426481,0.19154321035201494,0.1498573538367871,-0.006152493942356618
2023-04-21,0.01879283659541997,0.06285335270602399,0.18803955123236804,0.12314816510284099,0.01879283659541997
2023-04-28,0.0010230654802958483,0.08010912699676487,0.19049469598982505,0.07354831220503177,0.0010230654802958483
2023-05-05,0.006627644082456863,0.09836167117247419,0.15379936943345296,0.14202022235328138,0.006627644082456863
2023-05-12,0.03531981665363482,0.09066855369826055,0.12833376394911333,0.1674523159444279,0.03531981665363482
2023-05-19,0.03533327389333629,0.09337018213923298,0.06570740799916908,0.1504222714719181,0.03533327389333629
2023-05-26,0.017939150408108784,0.04201276832329515,0.046266585570738705,0.12114920684806774,0.017939150408108784
2023-06-02,-0.0004229522028729171,0.04307538385012544,0.06614377723672415,0.10260706676318376,-0.0004229522028729171
2023-06-09,0.037884344119554214,0.034534057228602144,0.05244293098464281,0.10938190304006667,0.037884344119554214
2023-06-16,-0.013298049928496702,0.03169059474468039,0.009209880594899245,0.1047835807400086,-0.013298049928496702
2023-06-23,0.01897721633155469,0.03610636067959372,-0.011343117098366884,0.1303243593061585,0.01897721633155469
2023-06-30,-0.008608088369253752,0.038059661074858475,-0.02877974390892324,0.11295463993918453,-0.008608088369253752
2023-07-07,0.035031673224349635,0.015836609885445663,-0.0027646158139870147,0.08761180284301662,0.035031673224349635
2023-07-14,-0.00907484106991785,-0.03384599150982348,-0.03498476274554296,0.08472805042621445,-0.00907484106991785
2023-07-21,0.020898224323553594,-0.046588398155087196,-0.054620560453744416,0.12571958480530432,0.020898224323553594
2023-07-28,-0.02983206424182272,-0.050745801595444284,-0.09823343537667717,0.10956112703393917,-0.02983206424182272
2023-08-04,-0.015589721547081825,0.014917750779202654,-0.010209008075602877,0.1577119912723668,-0.015589721547081825
2023-08-11,-0.022143949327142476,0.017311052865689458,0.03466930906897758,0.19808629725075222,-0.022143949327142476
2023-08-18,0.01644654177443816,0.03540613744482757,0.07949167176363958,0.20705154471256804,0.01644654177443816
2023-08-25,0.03727817152951318,-0.015362709961496135,0.07157126329947783,0.2046482400469849,0.03727817152951318
2023-09-01,-0.013268359868688129,-0.04979425565762097,0.03420109961244311,0.18483314864350042,-0.013268359868688129
2023-09-08,-0.004750657576990558,-0.019734051471400837,0.05410171932282637,0.18300755700951288,-0.004750657576990558
2023-09-15,-0.03339266383755446,-0.01348850897708731,0.0947015105408715,0.1748461066687006,-0.03339266383755446
2023-09-22,0.0010058394495302547,-0.009248135010412883,0.14329286414184694,0.25198833035454493,0.0010058394495302547
2023-09-29,0.017947358154442927,-0.036173835367634743,0.1459343366854331,0.24408969699874117,0.017947358154442927
2023-10-06,0.0015903482182946238,0.00825335891218626,0.09062696740426301,0.2124112479521021,0.0015903482182946238
2023-10-13,-0.02923784494131465,0.035890275953398776,0.1240527698944418,0.2044401808816767,-0.02923784494131465
2023-10-20,-0.026198533553724923,0.08866328259517631,0.19075953814439295,0.173849243001988,-0.026198533553724923
2023-10-27,0.06486924791721793,0.12800092671610086,0.23043054662091422,0.2529608477097487,0.06486924791721793
2023-11-03,0.029044627560198544,0.060455250083961465,0.1696529880732598,0.18886395298273229,0.029044627560198544
2023-11-10,0.020217236205525735,0.036417452912337556,0.1579412733608785,0.17276488728408923,0.020217236205525735
2023-11-17,0.008988705828668175,0.049994819165514404,0.11816661145752527,0.17474837659975617,0.008988705828668175
2023-11-24,0.0011039511237793675,0.050540291648689006,0.12418863896904941,0.18023594478352978,0.0011039511237793675
2023-12-01,0.005718828535786313,0.0528642734625957,0.1456506370835473,0.16029599280989082,0.005718828535786313
2023-12-08,0.03358237496775196,0.014232743477755827,0.12228975185572977,0.18505494522631127,0.03358237496775196
2023-12-15,0.00951287562914449,0.012961947471067825,0.07321136890386803,0.1867457060259763,0.00951287562914449
2023-12-22,0.003318570967241641,0.031885416389974885,0.09507228604482254,0.17799142055958006,0.003318570967241641
2023-12-29,-0.03118284821417372,0.03489451064566884,0.08565530953302125,0.17333958240759162,-0.03118284821417372
2024-01-05,0.032287334590541894,0.08131064904193375,0.11166446840911215,0.25420467776155653,0.032287334590541894
2024-01-12,0.02837191132431327,0.06712081258629321,0.07151569138056013,0.21169499321812535,0.02837191132431327
2024-01-19,0.0062443610797628946,0.02229450592069271,-0.014201267846871035,0.13164145832749252,0.0062443610797628946
2024-01-26,0.012269649151871898,0.03060333640390911,0.01831090844640415,0.09558291974619815,0.012269649151871898
2024-02-02,0.018740821878355574,0.0386937367283402,0.01642449949289504,0.04906077509182305,0.018740821878355574
2024-02-09,-0.014826678863042342,0.004507493434366738,0.012801697516304777,0.033571444959517915,-0.014826678863042342
2024-02-16,0.014422741940153472,0.007780384132312745,0.050602266748492,0.10647313449912121,0.014422741940153472
2024-02-23,0.020216127111555293,0.02333142221836404,0.04985578387082734,0.10215353051092357,0.020216127111555293
2024-03-01,-0.014788716578218786,-0.0022720263027825593,0.01278343960391437,0.0719188317580699,-0.014788716578218786
2024-03-08,-0.011616782849634189,0.004630490260640885,0.05592601488768634,0.025004301155280517,-0.011616782849634189
2024-03-15,0.030076278110983345,0.011361464233504703,0.10578935372075615,0.09864731009070926,0.030076278110983345
2024-03-22,-0.005309377650449809,-0.07108293382296005,0.07572023835453301,0.08249988247507711,-0.005309377650449809
2024-03-29,-0.007972793419233293,-0.02930114187431765,0.08076621751362922,0.09954301597001347,-0.007972793419233293
2024-04-05,-0.004994664792945969,-0.01132880785364132,0.12822233093087143,0.10967784867159525,-0.004994664792945969
2024-04-12,-0.05389371847719615,0.00864763730139817,0.13082337754378148,0.1290708815658521,-0.05389371847719615
2024-04-19,0.03943084529250318,0.08949716628158111,0.14794371449009835,0.19607191690089754,0.03943084529250318
2024-04-26,0.010394431559988426,0.06252900231713787,0.07588253318201699,0.1526769526156906,0.010394431559988426
2024-05-03,0.015109763924739283,0.03497290345088189,0.03210890293889057,0.12264657736827789,0.015109763924739283
2024-05-10,0.02194272271148634,0.04727864997470932,0.020507220213144217,0.16653880295850176,0.02194272271148634
2024-05-17,0.013701965646841785,0.06071808041216098,0.05317984694963962,0.10248253729037415,0.013701965646841785
2024-05-24,-0.01580958620259809,0.04854241728868258,0.04981421967050936,0.10777405877757751,-0.01580958620259809
2024-05-31,0.027179339279871373,0.06470015807327179,0.058388980152837666,0.13435903957132012,0.027179339279871373
2024-06-07,0.03505702436680269,0.07341474446639484,-0.029283977567021946,0.14061065446373333,0.03505702436680269
2024-06-14,0.0020659863331602413,0.03425773005856447,-0.0064587740929277215,0.11045564525293172,0.0020659863331602413
2024-06-21,-0.0006434915109441164,-0.008715770717820481,0.006302423138300872,0.08337224213656635,-0.0006434915109441164
2024-06-28,0.03558681722143997,-0.0336874621786738,0.017373598611900798,0.09398186272256459,0.03558681722143997
2024-07-05,-0.002700741701712306,-0.09555385359945823,-0.01643690410202714,0.04834253931433352,-0.002700741701712306
2024-07-12,-0.03956994462501451,-0.08974980800911736,-0.0015497521653080604,0.02809354309581802,-0.03956994462501451
2024-07-19,-0.025818533796702514,-0.00044188199054873145,0.041925576840827095,0.10115978159151728,-0.025818533796702514
2024-07-26,-0.03071473313293649,0.03678424088342225,0.07137807062128543,0.14743718846604814,-0.03071473313293649
2024-08-02,0.003699164346218309,0.06132590528972237,0.08772104781926071,0.1673912759906675,0.003699164346218309
2024-08-09,0.05466130859102236,-0.003818742928542118,0.1430970598276191,0.1644917677684663,0.05466130859102236
2024-08-16,0.010462497099878343,0.0006525903499252639,0.04681317296711618,0.13629606066599642,0.010462497099878343
2024-08-23,-0.007770833336433802,0.005083333327355888,0.05520961520721168,0.09930891126219321,-0.007770833336433802
2024-08-30,-0.05790832931092682,0.0234402016404629,0.07177895919467314,0.07020010855227521,-0.05790832931092682
2024-09-06,0.059395128037172285,0.0876209981614815,0.17501991118363924,0.09936649619054116,0.059395128037172285
2024-09-13,0.014936676906295299,0.039367929558371095,0.11767445204814742,0.012134749309153259,0.014936676906295299
2024-09-20,0.010351266140201876,0.026375738206983357,0.07658713446988652,-0.0003074076498866818,0.010351266140201876
2024-09-27,0.0011710323593734362,0.017606574222791993,0.07530003158641807,-0.03359829801631575,0.0011710323593734362
2024-10-04,0.01239431996396445,0.00022572437075263352,0.06586201097471878,-0.1299713472081534,0.01239431996396445
2024-10-11,0.0022498783810500633,0.042119344883546406,0.029689306327894238,-0.07610896166535563,0.0022498783810500633
2024-10-18,0.001719012273897036,0.004246971507411157,0.056850706103492854,-0.09907799898368719,0.001719012273897036
2024-10-25,-0.01592909634502304,0.02113785028386772,0.070991856124754,-0.042987829481661244,-0.01592909634502304
2024-11-01,0.05479761195743982,0.04577067476842145,0.07324509195729467,0.00598606078526287,0.05479761195743982
2024-11-08,-0.0341735713865724,0.024001244814179312,0.01871644035553155,-0.04795364033121419,-0.0341735713865724
2024-11-15,0.018567372173845742,0.06838914955557662,0.08548123964207233,0.05348541976584764,0.018567372173845742
2024-11-22,0.007809565230738391,0.025445342931087245,0.041791977081559795,0.009947126934919392,0.007809565230738391
2024-11-29,0.03284027151614821,0.026802468652408873,-0.0014731121831168537,0.021543930328197902,0.03284027151614821
2024-12-06,0.007692599897034302,-0.0134176508456183,-0.06438479405586384,0.009659184383220554,0.007692599897034302
2024-12-13,-0.022373852550163553,-0.042452799699213783,-0.09442794594221227,-0.0036450779542598344,-0.022373852550163553
2024-12-20,0.009143350880648438,0.007559805352555404,-0.07142435540773584,0.018905975299860156,0.009143350880648438
2024-12-27,-0.007616350288893958,0.013529546840744366,-0.10127250665293219,0.051599045323549975,-0.007616350288893958
2025-01-03,-0.021963824284642053,0.007154151735502712,-0.18373237451608282,0.075388295241688,-0.021963824284642053
2025-01-10,0.028687474124211132,0.03101401842405971,-0.10274775832192595,0.09554521694554197,0.028687474124211132
2025-01-17,0.01512247479694473,0.03145244758147836,-0.14754090070306547,0.07856028842379414,0.01512247479694473
2025-01-24,-0.013858731561952387,-0.006702792522330192,-0.10642441859346718,0.07216624949080885,-0.013858731561952387
2025-01-31,0.0012062264260093158,-0.027034789097153733,-0.06266884579865195,0.06325746535352028,0.0012062264260093158
2025-02-07,0.029124913940225206,-0.059531094619908353,-0.06544517988094689,0.10160790660097918,0.029124913940225206
2025-02-14,-0.022428690893211978,-0.10868716900614317,-0.029476161086648522,0.07562966480570843,-0.022428690893211978
2025-02-21,-0.03404425180829351,-0.08599452553489628,-0.03056737894627437,0.0900738636967473,-0.03404425180829351
2025-02-28,-0.032233307753258056,-0.07582297475018729,0.02305099921909748,0.12539494987124034,-0.032233307753258056
2025-03-07,-0.024664999296649115,-0.13926662759190356,0.07913934913484666,0.17441744668954073,-0.024664999296649115
2025-03-14,0.002460075894252123,-0.0512501262239502,0.10024919340339888,0.2262737808480706,0.002460075894252123
2025-03-21,-0.023294570079895327,-0.07503117364684175,0.09727837600916178,0.2497248023960883,-0.023294570079895327
2025-03-28,-0.09866933935454325,0.0077195376743313115,0.17009778059326242,0.2737899287602872,-0.09866933935454325
2025-04-04,0.07507038587082349,0.15652873399855127,0.317445726950341,0.43032984375039707,0.07507038587082349
2025-04-11,-0.022667253513987573,0.07387764083650872,0.22100025617836638,0.300277890178144,-0.022667253513987573
2025-04-18,0.06408466560288884,0.17430758837457883,0.2652340614503812,0.3630020893314121,0.06408466560288884
2025-04-25,0.03442949044741983,0.07761977315306234,0.1998607300830284,0.3088481990292271,0.03442949044741983
2025-05-02,-0.0017593028401132749,0.06194382503769447,0.13434559449746164,0.2898280413769563,-0.0017593028401132749
2025-05-09,0.0687337336416538,0.08596839969660186,0.17875151129245181,0.25239768120764405,0.0687337336416538
2025-05-16,-0.023527832644072544,0.010450422803725656,0.10829803625435797,0.17016066189310286,-0.023527832644072544
2025-05-23,0.0193818238907697,0.034541669945487685,0.12444520642588919,0.16137297746389656,0.0193818238907697
2025-05-30,0.02082410278930058,0.05701229649891637,0.10003797536023407,0.1956313979681965,0.02082410278930058
2025-06-06,-0.005585748789267764,0.05080915122937024,0.08829081956012375,0.1830246882485833,-0.005585748789267764
2025-06-13,-0.00024669803328214446,0.05287406332596256,0.1145418585173783,0.16711203406161723,-0.00024669803328214446
2025-06-20,0.04152317299777031,0.06654982953207056,0.13893140493789669,0.17392553714855574,0.04152317299777031
2025-06-27,0.01483333028340783,0.033352186669225015,0.08861836154791347,0.14108641397727228,0.01483333028340783
2025-07-04,-0.0036316565414542534,-0.004206968466311967,0.08568407372754816,0.10499743697416575,-0.0036316565414542534
2025-07-11,0.012739083360449932,0.036719595818243134,0.06492843355161138,0.13349839864254198,0.012739083360449932
2025-07-18,0.009104514841191458,0.028649823624098847,0.0772726808895392,0.10961338980862645,0.009104514841191458
2025-07-25,-0.0220527217137213,0.009887529353399094,0.09083343275903122,0.10218618048373962,-0.0220527217137213
2025-08-01,0.0373185527574067,0.029825955077028565,0.13706796908606722,0.1255021036862516,0.0373185527574067
2025-08-08,0.004855974246094519,0.0026281437606492375,0.06247811282501958,0.06369014976215337,0.004855974246094519
2025-08-15,-0.009301278289300274,0.016143000647590222,0.055817680456980545,0.04512807525198137,-0.009301278289300274
2025-08-22,-0.0027448992057822474,0.04786964352226142,0.03284088084237058,0.06701595922096315,-0.0027448992057822474
2025-08-29,0.009922861151668183,0.04603933693637141,0.0869001114044794,0.06728154867335778,0.009922861151668183
2025-09-05,0.018400861020353876,0.048292183956866186,0.08704830270161601,0.04367414528347613,0.018400861020353876
2025-09-12,0.021630927630611696,0.006005757806497813,0.04716752012721237,0.014512936370077556,0.021630927630611696
2025-09-19,-0.004486797723484148,0.008809651907829341,0.03072540809651958,-0.026469339815935355,-0.004486797723484148
2025-09-26,0.012097924391009318,0.03545480477717433,0.04819692031903111,-0.05361844112122405,0.012097924391009318
2025-10-03,-0.022679797082483688,0.042922510697356975,0.017789119057727287,-0.02769960026693652,-0.022679797082483688
2025-10-10,0.024478371504061736,0.03433418151878165,0.0643892706125282,0.039234444372914234,0.024478371504061736
2025-10-17,0.021807163092557147,0.008163197719334603,0.030020912525492216,0.07711998644467544,0.021807163092557147
2025-10-24,0.019397180357478838,-0.04380165289680482,0.010407407202394081,0.07855033483316531,0.019397180357478838
2025-10-31,-0.030727899917962098,-0.015610345439496687,-0.01017165702865741,0.07439495224836734,-0.030727899917962098
2025-11-07,-0.0014432381097164715,0.025814281498881986,0.001140764146106532,0.16791085423977958,-0.0014432381097164715
2025-11-14,-0.030860953248848855,0.007817889185383065,-0.010124480204169672,,-0.030860953248848855
2025-11-21,0.04945175995347251,0.045723388747500815,0.033088425344589334,,0.04945175995347251
2025-11-28,0.010060557134244252,0.008791148335093313,-0.01805001446339971,,0.010060557134244252
2025-12-05,-0.018961437610718668,-0.018497728414719528,-0.039900855656867296,,-0.018961437610718668
2025-12-12,0.005589778680458624,0.022550560633871397,-0.031183724790440293,,0.005589778680458624
2025-12-19,0.0123878431310247,0.00812013564462677,-0.05548980112761426,,0.0123878431310247
2025-12-26,-0.017262658477802173,-0.0018753305898543404,-0.09713381089620676,,-0.017262658477802173
2026-01-02,0.02206745823862777,0.014271268263112535,-0.0446936585122637,,0.02206745823862777
2026-01-09,-0.008601292577870345,-0.027128381074116414,-0.023633107674167153,,-0.008601292577870345
2026-01-16,0.0023500627669366114,-0.031130283622514243,0.045726327831249414,,0.0023500627669366114
2026-01-23,-0.001364979442609715,-0.02233748715178807,0.06744104125230499,,-0.001364979442609715
2026-01-30,-0.019650409253104906,-0.02344541462978622,0.08543563121577846,,-0.019650409253104906
2026-02-06,-0.01267940621232011,-0.016238825554097502,0.16658006153202098,,-0.01267940621232011
2026-02-13,0.01144670387909974,-0.013623072836944305,,,0.01144670387909974
2026-02-20,-0.002496673831242302,-0.04393817446753556,,,-0.002496673831242302
2026-02-27,-0.012415814529089464,-0.07245436823218265,,,-0.012415814529089464
2026-03-06,-0.010054189246061829,-0.023397375412166244,,,-0.010054189246061829
2026-03-13,-0.01963888701180805,0.030519964083154827,,,-0.01963888701180805
2026-03-20,-0.03224893186546118,0.11615286814158954,,,-0.03224893186546118
2026-03-27,0.039816559422659825,0.18006327988908244,,,0.039816559422659825
2026-04-03,0.0445998153783036,0.1524326035318515,,,0.0445998153783036
2026-04-10,0.06182597738393314,0.1624038483789192,,,0.06182597738393314
2026-04-17,0.02316405948986655,,,,0.02316405948986655
2026-04-24,0.015469699966955686,,,,0.015469699966955686
2026-05-01,0.0536380537051413,,,,0.0536380537051413
2026-05-08,,,,,
