date,qqq_ret_1p,qqq_ret_3p,qqq_ret_6p,qqq_ret_12p,qqq_dist_sma10p,qqq_above_sma10p,qqq_drawdown_3p,qqq_drawdown_12p,qqq_rv_3p,qqq_rv_6p,qqq_rv_short_vs_main,spy_ret_3p,qqq_minus_spy_ret_3p,spy_dist_sma10p,agg_ret_3p,lqd_ret_3p,lqd_agg_ratio_ret_3p,lqd_agg_ratio_dist_sma6p,dxy_ret_3p,dxy_dist_sma10p,vix_level_z,vix_chg_1p,vix_chg_3p,vxn_level_z,vxn_chg_1p,vxn_chg_3p,move_level_z,move_chg_1p,move_chg_3p,vix3m_div_vix,hy_oas_level_z,hy_oas_chg_3p,baa10y_level_z,baa10y_chg_3p,dgs2_level_z,dgs2_chg_3p,dgs10_level_z,dgs10_chg_3p,real_yield_10y_level_z,real_yield_10y_chg_3p,t5yie_level_z,t5yie_chg_3p,t10yie_level_z,t10yie_chg_3p,policy_rate_level_z,policy_rate_chg_3p,yield_curve_10y2y_level_z,yield_curve_10y2y_chg_3p,breakeven_curve_10y5y_level_z,cpi_yoy_level_z,cpi_yoy_chg_3p,core_cpi_yoy_level_z,core_cpi_yoy_chg_3p,pce_yoy_level_z,pce_yoy_chg_3p,payems_yoy_level_z,payems_yoy_chg_3p,indpro_yoy_level_z,indpro_yoy_chg_3p,rsafs_yoy_level_z,rsafs_yoy_chg_3p,unrate_level_z,unrate_chg_6p,sahm_realtime_level,sahm_realtime_level_z,sahm_realtime_chg_3p,sahm_realtime_trigger,nfci_level_z,nfci_chg_3p,ndx_pct_above_sma50,ndx_pct_above_sma50_chg_3p,ndx_pct_above_sma200,ndx_pct_above_sma200_chg_3p,ndx_net_advancers_pct,ndx_net_advancers_pct_chg_3p,ndx_new_252d_high_low_spread_pct,ndx_new_252d_high_low_spread_pct_chg_3p,qqew_vs_qqq_nav,qqew_vs_qqq_nav_chg_3p,ndx_current_top10_market_cap_weight_pct,ndx_current_top10_market_cap_weight_pct_chg_3p
2004-01-31,,,,,,0.0,,,,,,,,,,,,,,,,,,,,,,,,,,,,,,,,,,,,,,,,,,,,,,,,,,,,,,,,,,,,,0.0,,,0.609375,,0.875,,-0.0625,,0.09375,,1.0,,68.27835814672765,
2004-02-29,-0.013487991918502695,,,,,0.0,,,,,,,,,,,,,,,,-2.0799899999999987,,,,,,-26.61000061,,,,,,,,,,,,,,,,,,,,,,,,,,,,,,,,,,,,,,,0.0,,,0.515625,,0.734375,,-0.015625,,0.109375,,1.0,,68.27835814672765,
2004-03-31,-0.019961985186963904,,,,,0.0,-0.03318073001058752,,,,,,,,,,,,,,,2.189989999999998,,,,,,15.77999878,,,,,,,,,,,,,,,,,,,,,,,,,,,,,,,,,,,,0.0,,,0.0,,,0.484375,,0.703125,,-0.03125,,0.140625,,1.0,,68.27835814672765,
2004-04-30,-0.029854910896896736,-0.062045033169524255,,,,0.0,-0.04922093279477868,,0.028553759990153523,,,-0.01878074711492128,-0.043264286054602974,,-0.010252688703801693,-0.01474099202578627,-0.004534797185866246,,0.03761467889908254,,,0.45000000000000284,0.5600000000000023,,,,,17.010002139999997,6.180000309999997,,,,,-0.14000000000000012,,0.47,,0.3700000000000001,,0.2599999999999998,,0.17999999999999972,,0.10999999999999988,,0.0,,-0.10000000000000009,,,,,,,,,,,,,,,,0.0,,,0.0,,0.018000000000000016,0.421875,-0.1875,0.53125,-0.34375,-0.5,-0.4375,-0.015625,-0.109375,1.0,0.0,68.27835814672765,0.0
2004-05-31,0.05119355775520407,-0.000547169705369055,,,0.010785286422498874,1.0,0.0,,0.1531655022604472,,,-0.015341614645492885,0.01479444494012383,-0.000570753628996612,-0.025120703135611433,-0.03445020105401253,-0.009569900549133203,-0.005938048154482067,0.018783644485167894,0.007247197372890923,,-1.6899900000000017,0.9499999999999993,,,,,-16.80999756,15.980003359999998,,,,,-0.18000000000000016,,0.8800000000000001,,0.6699999999999999,,0.3899999999999999,,0.16999999999999993,,0.28000000000000025,,-0.020000000000000018,,-0.20999999999999996,,,,,,,,,,,,,,,,0.0,,,0.0,,0.1080000000000001,0.625,0.109375,0.625,-0.109375,0.03125,0.046875,0.0625,-0.046875,1.0,0.0,68.27835814672765,0.0
2004-06-30,0.03255841320299058,0.05301367183918626,,,0.036149121118312255,1.0,0.0,,0.14704792353875681,,,0.016337864949220515,0.036675806889965745,0.014887137415596774,-0.024695022215628692,-0.0426947971122168,-0.018455534736917523,-0.009912958345604683,0.013468782102499688,0.004525398800769409,,-1.1600000000000001,-2.399989999999999,,,,,-12.209999089999997,-12.009994509999999,,,,,-0.20000000000000018,,1.1,,0.7600000000000002,,0.6200000000000001,,0.14000000000000012,,0.14000000000000012,,0.32999999999999985,,-0.33999999999999986,,,,,,,,,,,,,,,,0.0,,0.0,0.0,,0.123,0.78125,0.296875,0.671875,-0.03125,0.5076923076923077,0.5389423076923077,0.09375,-0.046875,1.0,0.0,68.27835814672765,0.0
2004-07-31,-0.0755169380715014,0.0034512512911386573,-0.05880791487922066,,-0.036302051399118906,0.0,-0.0755169380715014,,0.23699409240838165,0.15760644317648984,,0.0025626440204415957,0.0008886072706970616,-0.015305634555029424,0.012755918795834376,0.01159189532398086,-0.0011493622996916475,-0.0027125481147536323,-0.005747126436781769,0.015186200225697277,,0.9800000000000004,-1.8699900000000014,,,,,3.299995420000002,-25.720001229999994,,,,,0.050000000000000266,,0.3700000000000001,,-0.03000000000000025,,-0.10000000000000009,,0.07000000000000028,,0.07000000000000028,,0.26,,-0.40000000000000036,,,,,,,,,,,,,,,-0.10000000000000053,-0.03,,-0.03,0.0,,0.06300000000000006,0.328125,-0.09375,0.4375,-0.09375,0.123076923076923,0.623076923076923,0.015625,0.03125,1.0,0.0,68.27835814672765,0.0
2004-08-31,-0.024935511782032127,-0.06922024628719747,-0.06972954077080007,,-0.053191958332461375,0.0,-0.09856939635450868,-0.09856939635450868,0.1873195859955134,0.15918131551941309,,-0.01191435396894358,-0.05730589231825389,-0.011311852855079296,0.03305793617425756,0.04824693929714807,0.014702953814129893,0.010790249235038463,-0.0008993816750983985,0.002524077442644268,,-0.030000000000001137,-0.21000000000000085,,,,,5.450004579999998,-3.4599990899999966,,,,,0.16000000000000014,,-0.1299999999999999,,-0.5300000000000002,,-0.21999999999999997,,-0.2799999999999998,,-0.31000000000000005,,0.53,,-0.40000000000000036,,,,,,,,,,,,,,,-0.20000000000000018,-0.03,,-0.03,0.0,,0.0030000000000000027,0.3846153846153846,-0.24038461538461542,0.453125,-0.171875,0.2388059701492537,0.2075559701492537,-0.015625,-0.078125,1.0,0.0,68.27835814672765,0.0
2004-09-30,0.03292181098733793,-0.06889266840308983,-0.019531249878750767,,-0.01962252193774261,0.0,0.0,-0.06889266840308983,0.18796229824601532,0.16934887474773497,,-0.02012591901459171,-0.04876674938849812,-0.0012361549541712868,0.030895006335788455,0.050177055698648054,0.01870418349526748,0.008734809466405258,-0.013064534294402685,-0.010203313253012047,,-1.9499999999999993,-1.0,,,,,-9.770004270000001,-1.0200042700000012,,,,,0.020000000000000018,,-0.07000000000000028,,-0.4800000000000004,,-0.33000000000000007,,-0.10000000000000009,,-0.1499999999999999,,0.56,,-0.41000000000000014,,,,,,,,,,,,,,,-0.2999999999999998,-0.03,,-0.03,0.0,,-0.014999999999999902,0.7076923076923077,-0.07355769230769227,0.453125,-0.21875,0.2238805970149253,-0.28381171067738237,0.078125,-0.015625,1.0,0.0,68.27835814672765,0.0
2004-10-31,0.050085087910219706,0.0576093434466971,0.06125941905878762,,0.026453807994429646,1.0,0.0,-0.022258075846208425,0.13616268395530173,0.17571583712483693,,0.025541138564470378,0.032068204882226725,0.010457320146793458,0.030296747211569386,0.04624369648192994,0.015478015740144624,0.009490364088410086,-0.05613606047132058,-0.03698494970001487,,2.92999,0.9499899999999997,,,,,3.5599975599999993,-0.7600021300000037,,,,,-0.010000000000000231,,-0.1200000000000001,,-0.4500000000000002,,-0.3799999999999999,,0.08000000000000007,,-0.07000000000000028,,0.5,,-0.33000000000000007,,,,,,,,,,,,,,,-0.39999999999999947,-0.07,,-0.04000000000000001,0.0,,-0.010000000000000009,0.7313432835820896,0.40321828358208955,0.546875,0.109375,0.1044776119402985,-0.018599311136624497,0.0625,0.046875,1.0,0.0,68.27835814672765,0.0
2004-11-30,0.060216818731814836,0.14997031182971754,0.07036908362189931,,0.0820870052248297,1.0,0.0,0.0,0.047796390908599856,0.18104566104009556,,0.06859274012576977,0.08137757170394777,0.04978666208812421,0.0063890340856909145,0.0025927591664538507,-0.0037721743686187637,0.00279696335841062,-0.07932935748846637,-0.0663334588568234,,-3.0299899999999997,-2.049999999999999,,,,,-6.88999939,-13.100006100000002,,,,,-0.24,,0.6099999999999999,,0.23000000000000043,,-0.030000000000000027,,0.48999999999999977,,0.2599999999999998,,0.47,,-0.37999999999999945,,,,,,,,,,,,,,,-0.09999999999999964,0.0,,0.03,0.0,,-0.015000000000000013,0.8656716417910447,0.48105625717566014,0.6875,0.234375,-0.2647058823529412,-0.5035118525021949,0.0461538461538461,0.0617788461538461,1.0,0.0,68.27835814672765,0.0
2004-12-31,0.03003086281007894,0.14675176755896757,0.06774897829587045,,0.1032108934768281,1.0,0.0,0.0,0.053216836597403304,0.18040959373277554,,0.08984236856149308,0.05690939899747449,0.07371119835303608,0.00919326939005316,0.013387009112691306,0.004155536753800204,0.004916908218605132,-0.07737076343717908,-0.07055077195442994,,0.049999999999998934,-0.05000000000000071,,,,,-2.9599990899999966,-6.290000919999997,,,,,-0.24999999999999978,,0.4500000000000002,,0.10000000000000053,,-0.09000000000000008,,0.31000000000000005,,0.18999999999999995,,0.030000000000000027,,-0.34999999999999964,,,,,,,,,,,,,,,-0.1999999999999993,0.0,,0.03,0.0,,-0.0050000000000000044,0.8656716417910447,0.157979334098737,0.78125,0.328125,-0.1176470588235294,-0.3415276558384547,0.0461538461538461,-0.0319711538461539,1.0,0.0,68.27835814672765,0.0
2005-01-31,-0.06300890973616824,0.023246783825312756,0.08219535922543342,0.018553706657416402,0.028299824761602865,1.0,-0.06300890973616824,-0.06300890973616824,0.22249571396695034,0.16612678219049024,,0.0518542718911863,-0.028607488065873543,0.043339484722944466,0.005406662045760902,0.013846488295782056,0.00839444034799608,0.008330252349903144,-0.01684136144152626,-0.03573821239633135,,-0.46999999999999886,-3.4499899999999997,,,,,-7.309997550000006,-17.159996030000002,,,,,-0.33999999999999986,,0.73,,0.08999999999999986,,0.020000000000000018,,0.08999999999999986,,0.07000000000000028,,0.71,,-0.6400000000000001,,,,,,,,,,,,,,,-0.1999999999999993,0.0,,0.07,0.0,,0.0040000000000000036,0.417910447761194,-0.31343283582089554,0.703125,0.15625,0.7058823529411765,0.601404741000878,0.0769230769230769,0.0144230769230769,1.0,0.0,68.27835814672765,0.0
2005-02-28,-0.00481256785266071,-0.03951501121609313,0.10452922205959214,0.027510906637447707,0.015589803635622568,1.0,-0.06751824293540154,-0.06751824293540154,0.16283290910886936,0.15692704012999573,,0.0280746655922135,-0.06758967680830663,0.054559418840960605,0.009135633697674228,0.016758380058198075,0.007553738175504421,0.0019861922335844273,0.01026643852358844,-0.036506900410294696,,-0.7400000000000002,-1.1600000000000001,,,,,10.760002130000004,0.4900054900000015,,,,,-0.3599999999999999,,0.5699999999999998,,0.0,,-0.050000000000000044,,0.06000000000000005,,0.050000000000000266,,0.5,,-0.5699999999999998,,,,,,,,,,,,,,,-0.09999999999999964,0.0,,0.0,0.0,,0.0020000000000000018,0.5882352941176471,-0.27743634767339764,0.75,0.0625,-0.3382352941176471,-0.0735294117647059,0.0149253731343283,-0.0312284730195178,1.0,0.0,68.27835814672765,0.0
2005-03-31,-0.0174634607215981,-0.08380260147350593,0.050650986193184755,0.030130459246489716,-0.0031424511565899538,0.0,-0.02219198448459392,-0.08380260147350593,0.10603062977217705,0.16121771143809518,,-0.02024129018431331,-0.06356131128919262,0.028708656259614163,-0.008594976031911394,-0.009849417131304605,-0.0012653164640745729,-0.0014107010382745644,0.03970315398886837,-0.014571585993458758,,1.9399999999999995,0.7300000000000004,,,,,-2.3500061000000017,1.0999984799999964,,,,,-0.2200000000000002,,0.7199999999999998,,0.2599999999999998,,0.1100000000000001,,0.22999999999999998,,0.1499999999999999,,0.99,,-0.45999999999999996,,,,,,,,,,,,,,,-0.09999999999999964,0.0,,0.0,0.0,,0.025999999999999912,0.4705882352941176,-0.39508340649692714,0.6615384615384615,-0.11971153846153848,-0.1764705882352941,-0.058823529411764705,0.0298507462686567,-0.016303099885189402,1.0,0.0,68.27835814672765,0.0
2005-04-30,-0.04347852235669403,-0.06470563214773517,-0.04296304616524105,0.01566448164446821,-0.04019899296559404,0.0,-0.06018269761088302,-0.12363751054848504,0.06829179394286188,0.15851292682580215,,-0.016547538420400132,-0.04815809372733504,0.006793582062757819,0.003590404055969554,-0.006000535458807743,-0.00955662736113827,-0.002201051422592415,0.011379971250599086,-0.005149233506545392,,1.290000000000001,2.49,,,,,-5.1699981699999995,3.2399978600000026,,,,,0.010000000000000009,,0.3700000000000001,,0.07000000000000028,,-0.039999999999999813,,0.1499999999999999,,0.10999999999999988,,0.4700000000000002,,-0.2999999999999998,,,,,,,,,,,,,,,-0.20000000000000018,-0.07,,-0.07,0.0,,0.08099999999999996,0.2941176470588235,-0.12379280070237053,0.4615384615384615,-0.2415865384615385,0.5507246376811594,-0.1551577152600171,0.044776119402985,-0.0321469575200919,1.0,0.0,68.27835814672765,0.0
2005-05-31,0.08862206969857889,0.023105856865375696,-0.01732218254391016,0.05182795496604298,0.03486366901454274,1.0,0.0,-0.045972452927092844,0.24241076551078242,0.18927646263184725,,-0.005642072641380613,0.02874792950675631,0.029945932973932,0.015659752318509135,0.009640125210023331,-0.005926814658890001,-0.0044843044775771945,0.06593273651100895,0.04048085779740673,,-2.0200000000000014,1.209999999999999,,,,,-7.52999878,-15.05000305,,,,,0.30999999999999983,,0.010000000000000231,,-0.3600000000000003,,-0.07000000000000006,,-0.34999999999999964,,-0.29000000000000004,,0.5699999999999998,,-0.37000000000000055,,,,,,,,,,,,,,,-0.2999999999999998,0.0,,0.0,0.0,,0.11299999999999999,0.8676470588235294,0.27941176470588236,0.8,0.050000000000000044,-0.2608695652173913,0.07736572890025578,0.1029411764705882,0.0880158033362599,1.0,0.0,68.27835814672765,0.0
2005-06-30,-0.033252002472142106,0.006665400057318083,-0.0776957792808528,-0.015210610649161627,-0.007948766456007839,0.0,-0.033252002472142106,-0.0776957792808528,0.2545915850839414,0.18493527357289524,,0.014416865888129404,-0.007751465830811322,0.022437015370603275,0.034655776632608326,0.0350205894520641,0.0003525934206283221,-0.0009618084365505819,0.0722103259576492,0.06275351381945082,-1.542941424426741,-1.25,-1.9800000000000004,,,,-1.3990655874433005,0.5999984700000027,-12.099998479999996,,,,-0.5491824983147457,0.2300000000000002,1.209652471391017,-0.13999999999999968,-1.2538265469868848,-0.56,-0.5415844595266689,-0.1200000000000001,-0.8783832849287134,-0.56,-1.5561512968293516,-0.43999999999999995,1.7758395153720614,0.3900000000000001,-1.6355178515682922,-0.4200000000000004,-0.24208554051820155,,0.005290831753774761,,0.002001125371914325,,0.004038164363015628,,0.0015985725665694783,,-0.003030457096792283,,0.019642018612670897,-1.5551087462948074,-0.20000000000000018,0.0,,0.0,0.0,1.7145033735371378,0.07800000000000007,0.5797101449275363,0.10912190963341867,0.6716417910447762,0.010103329506314651,-0.4057971014492754,-0.2293265132139813,0.0441176470588235,0.014266900790166799,1.0,0.0,68.27835814672765,0.0
2005-07-31,0.07599238724602642,0.13239935775866596,0.05912674147120223,0.14618204445169036,0.053796467242504864,1.0,0.0,-0.00760767978131871,0.2321513947027737,0.197396203612519,,0.07333938203236068,0.05905997572630528,0.04921493191236692,0.006593762844451012,0.010081186930550379,0.003464579470713769,0.0021763826691671984,0.05827312566623233,0.05142386443869129,-1.6421935182522305,-0.46999999999999886,-3.74,,,,-1.3455973190572594,-0.7999954200000019,-7.729995729999999,,,,-1.4050651217125123,-0.09000000000000008,1.5563697203905404,0.35999999999999943,0.14515290272931808,0.07000000000000028,0.8061171559747216,0.30999999999999983,-0.7937696945332754,-0.41000000000000014,-0.8368521634126086,-0.2400000000000002,1.5584030615391675,0.33999999999999986,-1.50976402750626,-0.28999999999999915,0.49908277443833016,,-0.006658142629457187,,-0.0031835318053976547,,-0.004063136621735186,,0.0009860548126334745,,0.004661560600192516,,0.03688636768335973,-2.1670107773405527,-0.40000000000000036,-0.07,,0.0,0.0,1.4022355182949067,0.0050000000000000044,0.782608695652174,0.48849104859335046,0.8656716417910447,0.4041331802525832,-0.4142857142857143,-0.9650103519668738,0.1029411764705882,0.0581650570676032,1.0,0.0,68.27835814672765,0.0
2005-08-31,-0.015034744367618091,0.024574141879686318,0.04824780534992357,0.15782033296882592,0.031189343525381608,1.0,-0.015034744367618091,-0.02252804462819402,0.2027419239701039,0.19986722354965447,,0.03008323851078165,-0.005509096631095334,0.029658185634800827,0.010131565177873059,0.018918255603392664,0.008698560393934684,0.0049051243401567746,-0.01770514130064693,0.016513201165085034,-0.9835309580858043,1.0299999999999994,-0.6899999999999995,,,,-1.035193832878398,3.3999938999999983,3.199996949999999,,,,-0.8869423243483942,-0.1299999999999999,1.2255733351094027,0.23999999999999977,-0.9131925080252906,0.019999999999999574,-0.6775105509234846,0.020000000000000018,-0.19914515737096486,-0.03000000000000025,-0.731452938292023,0.0,1.7266783736636238,0.54,-1.4807692420552352,-0.2200000000000002,-0.5471443972875504,,0.0033995215216491292,,-0.0001003809808388656,,0.002491699188453378,,0.004041665860477384,,-0.0013919428348090346,,0.005941525216346166,-2.196846012851423,-0.5,-0.07,-1.6817652581537266,-0.07,0.0,1.3975906512237963,-0.006000000000000005,0.5072463768115942,-0.3604006820119352,0.7313432835820896,-0.06865671641791049,0.5714285714285714,0.8322981366459627,0.0147058823529411,-0.0882352941176471,1.0,0.0,68.27835814672765,0.0
2005-09-30,0.01231426384367329,0.07286595973560339,0.08001704056511971,0.1347209687751878,0.04183632620577149,1.0,-0.0029056223329098074,-0.010491197069954383,0.1617949958434708,0.19469159683629544,,0.036780015528186105,0.036085944207417286,0.03171710505376324,-0.008037795834307304,-0.012093328693325689,-0.004088394539617957,-0.003854590734476915,-0.006768001775213528,0.04197220476290231,-1.291449530608877,-0.6799999999999997,-0.11999999999999922,,,,-1.0839800319018273,-1.4899978699999963,1.1100006100000002,,,,-0.67167364449507,-0.06000000000000005,1.5370580169476131,0.5199999999999996,0.4366682953443943,0.3999999999999999,0.05816313207127867,0.1100000000000001,1.143395175131728,0.41000000000000014,0.7053237452418387,0.29000000000000004,1.827220386360584,0.5800000000000001,-1.3952290586378948,-0.11999999999999966,-1.3344637119234308,,0.0033995215216491292,,-0.0001003809808388656,,0.002491699188453378,,0.004041665860477384,,-0.0013919428348090346,,0.005941525216346166,-1.9262081139517784,-0.5,-0.07,-1.5237502246970136,-0.07,0.0,1.746928827022113,0.031000000000000028,0.5285714285714286,-0.05113871635610767,0.7058823529411765,0.034240561896400346,0.5571428571428572,0.9629399585921325,0.1764705882352941,0.13235294117647062,1.0,0.0,68.27835814672765,0.0
2005-10-31,-0.014952099552356768,-0.017814276730883316,0.11222648222967857,0.06444184452744128,0.028998253274193253,1.0,-0.014952099552356768,-0.025286431199297743,0.054615559196096335,0.17786351046990703,,-0.02504402511166881,0.0072297483807854945,0.0067045637844564965,-0.0075954230480723695,-0.019617523858358132,-0.012114112620490336,-0.008362739146565379,0.002686066032456802,0.03228556943356242,0.6476762122317619,3.4000000000000004,3.75,,,,-0.8049645220316023,3.3700027499999976,5.27999878,,,,-0.5577753168692464,0.16000000000000014,1.6541036456928138,0.3800000000000008,1.3403845802405445,0.29000000000000004,1.255942092168683,0.08000000000000007,0.7183300004380291,0.3200000000000003,0.755164255635376,0.20999999999999996,1.731926145962727,0.7099999999999995,-1.2944851826781543,-0.09000000000000075,-0.45514467272958653,,0.022008065105449504,,-0.0011053736301942507,,0.01488825196658472,,0.0023028307586281382,,-0.02977263350175474,,-0.030537450092874785,-1.4373738629200525,-0.20000000000000018,0.03,1.5685204526101693,0.1,0.0,1.5124619957024135,0.03500000000000003,0.5714285714285714,-0.21118012422360255,0.6617647058823529,-0.2039069359086918,0.6142857142857143,1.0285714285714287,0.1159420289855072,0.013000852514919004,1.0,0.0,68.27835814672765,0.0
2005-11-30,0.06097272957966404,0.057978707179843214,0.08397762603576786,0.0652007677240618,0.08065543090828786,1.0,0.0,0.0,0.13323423388417496,0.15465290166253995,,0.02743942305467728,0.030539284125165933,0.0433607610569966,-0.015511001544273428,-0.0277872414683773,-0.012469656789827255,-0.0049264191259557055,0.05800115540150208,0.045355434546844986,-1.189855051316541,-3.26,-0.5399999999999991,,,,-1.2192524475579465,-6.5800018300000005,-4.699996949999999,,,,-0.25619108386539863,0.11999999999999988,1.5471046073161865,0.5800000000000001,0.9578895212620495,0.47000000000000064,1.7567207005924084,0.4700000000000002,-0.7211501161281336,-0.08999999999999986,-0.7903997000684636,0.0,1.598314306493764,0.40000000000000036,-1.3299932420862883,-0.10999999999999943,0.4176472536223726,,0.004911270089921871,,-0.004669199357481002,,0.0029236444859417343,,-0.004051587045536431,,-0.03069771007544997,,-0.0198494404214824,-1.345354325398916,-0.20000000000000018,0.03,1.4460626917560016,0.1,0.0,1.2989907061481203,0.019000000000000017,0.8714285714285714,0.3641821946169772,0.8676470588235294,0.13630377524143988,-0.1285714285714285,-0.7,0.0144927536231884,-0.00021312872975269917,1.0,0.0,68.27835814672765,0.0
2005-12-31,-0.01771163696136513,0.02659836922529446,0.10140244466190085,0.015828123422058082,0.052349824948475066,1.0,-0.01771163696136513,-0.01771163696136513,0.15468305830569365,0.14439685981522007,,0.017309042099429073,0.009289327125865388,0.03618794510289747,0.0050593843314119535,-0.0008302309431138521,-0.005859967447041647,-0.005968340884159318,0.01843163538873993,0.030775144717800185,-1.1263563152692475,0.009999999999999787,0.15000000000000036,,,,-1.24890074519341,-1.410003660000001,-4.620002740000004,,,,-0.5917183741386725,0.010000000000000009,1.4326515386052006,0.23000000000000043,0.5186577368103291,0.04999999999999982,1.344574707426548,0.28,-0.9374105325940014,-0.4200000000000004,-1.0577279661739902,-0.22999999999999998,1.5323911299643709,0.1599999999999997,-1.351442859730892,-0.1800000000000006,0.5043522660673364,,-0.0036319529098518544,,-0.0006695632387487827,,-0.0015526515884669578,,-0.0012606035293551976,,-0.0095518987107015,,-0.016858429030305988,-1.2691898090851825,-0.20000000000000018,0.07,2.24240267059274,0.14,0.0,1.5176850365826953,0.007999999999999896,0.6428571428571429,0.11428571428571432,0.8088235294117647,0.1029411764705882,-0.6285714285714286,-1.1857142857142857,-0.0144927536231884,-0.19096334185848252,1.0,0.0,68.27835814672765,0.0
2006-01-31,0.039295258795635,0.08313394438820843,0.06383869656626362,0.1267400121451978,0.07811638646050256,1.0,0.0,0.0,0.140790116424449,0.11463080719734378,,0.06697366737440213,0.01616027701380629,0.05133485364304513,0.014518129907073574,0.010801068770034172,-0.0036638686165024748,-0.007096411010111159,-0.0070320348253154474,0.00024736333175923164,-0.6046213542859018,0.879999999999999,-2.370000000000001,,,,-1.0824935647574552,1.6100006100000002,-6.380004880000001,,,,-0.7705234833577944,-0.050000000000000044,1.4761506063350598,0.13999999999999968,1.0740676018032864,-0.040000000000000036,0.9853368363205999,0.0,0.48225310175805425,-0.06000000000000005,0.5108639729307908,-0.040000000000000036,1.7179957043454903,0.4500000000000002,-1.266952691414486,-0.17999999999999972,-0.30280074812920305,,-0.014032836915337521,,0.0019075299246626987,,-0.009463932948601705,,0.0004215655086960979,,0.009684623669840464,,-0.013450501109579571,-1.5076132696900186,-0.09999999999999964,-0.03,-0.41365053552783215,-0.06,0.0,1.0855534797469992,-0.013000000000000012,0.7285714285714285,0.15714285714285714,0.8405797101449275,0.17881500426257457,-0.0285714285714285,-0.6428571428571428,0.1142857142857142,-0.0016563146997930073,1.0,0.0,68.27835814672765,0.0
2006-02-28,-0.021428333386317333,-0.0009882821910591755,0.056933125665017625,0.10792782937998968,0.038391401688043336,1.0,-0.021428333386317333,-0.021428333386317333,0.11790635812919338,0.11838604115886613,,0.027903791425149427,-0.028892073616208602,0.045254729601566845,0.012354590795405018,0.011053743472135391,-0.0012849720197818382,0.0003966620559097134,-0.01594408649120882,0.006748150961946697,-0.9244939966159282,-0.6099999999999994,0.27999999999999936,,,,-2.041819249170824,-16.83999634,-16.63999939,,,,-1.3579714024735712,-0.24,1.5321806483920142,0.27000000000000046,1.1090053694480941,0.05999999999999961,1.0462824687630123,-0.10000000000000009,0.9640573824031533,0.33000000000000007,0.49874392081872354,0.1599999999999997,1.6300156968898807,0.4899999999999993,-1.3408661338307066,-0.21000000000000085,-1.2699515990522683,,-0.008543222999773725,,0.003967642115322745,,-0.005024105082822583,,0.003036852313972549,,0.01828416194127125,,-0.010021206733008547,-1.4164340494816463,0.0,-0.03,-0.40382225974479,-0.06,0.0,0.5433887397308557,-0.04300000000000004,0.6428571428571429,-0.22857142857142854,0.855072463768116,-0.012574595055413473,-0.6428571428571429,-0.5142857142857145,0.0285714285714285,0.0140786749482401,1.0,0.0,68.27835814672765,0.0
2006-03-31,0.020912275636660427,0.03829319840563028,0.06591010426093491,0.15120107631235324,0.04948433560785492,1.0,-0.0009641729638658614,-0.0009641729638658614,0.10787043978532655,0.11945292890746141,,0.04687793357530623,-0.00858473516967595,0.05181327973864347,-0.0076762256613038815,-0.014445322503666369,-0.006821459907955463,-0.005733476785328651,-0.015794669299111552,0.0006914395324977285,-1.3940438890165374,-0.9499999999999993,-0.6799999999999997,,,,-1.202689559252942,11.739997860000003,-3.4899978699999963,,,,-1.1070285114257483,-0.13000000000000012,1.5608420054897845,0.41000000000000014,2.1576832411713607,0.47000000000000064,2.4027915929135024,0.29000000000000004,0.43440240933322555,0.28000000000000025,0.32888975097978557,0.17999999999999972,1.8509603079640238,0.9100000000000001,-1.085364925958556,0.0600000000000005,-0.44228831619573356,,0.004556289767557287,,0.0033936909063043696,,0.0028350139515307404,,0.0037584783111930253,,-0.009584833866397524,,0.010953315045610257,-1.891114952144831,-0.20000000000000018,-0.07,-1.4162162162162162,-0.14,0.0,0.5173419818552412,-0.06799999999999995,0.6857142857142857,0.042857142857142816,0.8260869565217391,0.017263427109974416,-0.0857142857142857,0.5428571428571428,0.0428571428571428,0.0573498964803312,1.0,0.0,68.27835814672765,0.0
2006-04-30,-0.0019074653806812059,-0.0028697992179975707,0.0800255674416166,0.2012330375937017,0.0340641463326008,1.0,-0.0019074653806812059,-0.0028697992179975707,0.07341024506468681,0.11389907820667816,,0.0352414800708758,-0.03811127928887337,0.05324893461574387,-0.00856458107180269,-0.012129283405908686,-0.0035954962532604995,-0.005061912918782219,-0.03203687050359705,-0.03535500638540978,-1.221150281057693,0.1999999999999993,-1.3599999999999994,,,,-1.4776577745758954,-5.599998470000003,-10.69999695,,,,-1.155716976086145,-0.1100000000000001,1.5139055290485037,0.33000000000000007,2.542544369707134,0.54,2.278751607095046,0.3900000000000001,0.880695624556046,0.08999999999999986,1.6209966620368104,0.15000000000000036,1.6218699730728783,0.39000000000000057,-0.8720501838781216,0.20999999999999996,0.380643254004323,,0.0007936835968724854,,-0.0001585310064002865,,0.00030043597086315543,,0.002591047388051493,,-0.005343656153858678,,0.021106020953433058,-1.7461167926933534,-0.2999999999999998,-0.07,-1.3371413001178392,-0.04000000000000001,0.0,0.6134743669277242,-0.03200000000000003,0.6857142857142857,-0.042857142857142816,0.8428571428571429,0.002277432712215366,-0.2142857142857142,-0.1857142857142857,0.0857142857142857,-0.028571428571428498,1.0,0.0,68.27835814672765,0.0
2006-05-31,-0.07240141645183495,-0.054809582767506804,-0.05574369762401754,0.023552705018829778,-0.03930360540310107,0.0,-0.07417077863712207,-0.07506343814151717,0.16850865170018597,0.13440964311394582,,-0.0016570480660097475,-0.053152534701497056,0.017099883481504374,-0.012122485808634287,-0.020686018487374058,-0.008668617875921103,-0.003308525454471356,-0.05903895239152135,-0.04526517284089615,1.4342724177167159,4.849990000000002,4.099990000000002,,,,-1.1639266837837874,4.099998470000003,10.239997860000003,,,,-1.1557132764313471,0.010000000000000009,1.580576752973597,0.34999999999999964,2.3757727734536696,0.5700000000000003,2.3410136879065466,0.45999999999999996,0.9040872399131274,0.0,1.2414590078247643,0.11000000000000032,1.6472723415643507,0.5300000000000002,-0.9764736175646411,0.22000000000000064,-0.1444610769682157,,-0.0024097625005081724,,-0.0006685157742560843,,-0.0025749873653733157,,-0.00020948618100691263,,-0.007536465504138334,,0.011549621573626823,-1.6302678517224132,-0.2999999999999998,-0.07,-1.270109904306211,-0.04000000000000001,0.0,0.9607488300817034,0.03400000000000003,0.3,-0.3428571428571429,0.6857142857142857,-0.16935817805383024,0.6,1.2428571428571429,0.0142857142857142,-0.014285714285714301,1.0096711206897342,0.009671120689734192,68.27835814672765,0.0
2006-06-30,-0.0006237278392834389,-0.07474824409690817,-0.039317395032953395,0.05809816965486836,-0.03975321938018772,0.0,-0.07297998551207385,-0.07564034682471943,0.1422890136465766,0.13388438457222873,,-0.015690995912306605,-0.05905724818460156,0.013811109093643692,-0.005083247152804393,-0.004775276790204508,0.00030954385049652977,-0.0014723969705122686,-0.050261896801515715,-0.03898417853558411,-0.4148037469978636,-3.3599900000000016,1.6899999999999995,,,,-1.212203769291331,-1.5999984700000027,-3.0999984700000027,,,,-1.0659772250078425,-0.020000000000000018,1.5942227057708207,0.33999999999999986,2.208663815461357,0.29000000000000004,2.285907544057337,0.18999999999999995,0.6234583344893294,0.04999999999999982,0.9705488973108808,0.10000000000000009,1.5495902838050253,0.04999999999999982,-1.0424502234220847,-0.04999999999999982,0.06923081423004417,,0.0012941439115938813,,0.0014003048105355465,,0.0015786773038135582,,-0.002141808097044784,,0.0025399446985083785,,-0.010799499544783542,-1.7792933601312784,-0.40000000000000036,-0.07,-1.2123394918536847,0.0,0.0,1.7093454381284259,0.09699999999999998,0.4714285714285714,-0.2142857142857143,0.5714285714285714,-0.25465838509316774,-0.0857142857142857,0.0,0.0428571428571428,0.0,1.0060375582535168,0.006037558253516817,68.27835814672765,0.0
2006-07-31,-0.043074284133606144,-0.11291070901366651,-0.11545647716723306,-0.05898837161345816,-0.07605526845164257,0.0,-0.04367114534271832,-0.11545647716723306,0.1250133353068286,0.1165154230640617,,-0.023232746701575935,-0.08967796231209058,0.01351776465614729,0.010262770737938576,0.01179289661662919,0.0015145820701409907,-0.0004556190778221003,-0.012309836255951723,-0.0360421625297519,0.6197886559130009,1.8699999999999992,3.3599999999999994,,,,-1.2853436017655635,-2.0999984700000027,0.4000015299999973,,,,-0.9838289171378564,0.010000000000000009,1.345476421342681,0.09999999999999964,1.6342801301597945,-0.08000000000000007,1.6985798430375787,0.020000000000000018,0.13749994597127688,-0.1299999999999999,0.71465799321459,-0.10000000000000009,1.6282912386891866,0.4499999999999993,-0.9755247003154734,-0.17999999999999972,0.7075273621709672,,0.007638061388422157,,0.005431232539263808,,0.005979566320151619,,-0.0038238521697697703,,-0.0011120313518468983,,-0.027734636795431644,-1.66556093021573,-0.3000000000000007,-0.03,-0.17279205639225453,0.04000000000000001,0.0,1.4646054838747937,0.07699999999999996,0.4142857142857143,-0.2714285714285714,0.4,-0.44285714285714284,-0.1142857142857142,0.09999999999999999,0.0,-0.0857142857142857,0.986956562543582,-0.013043437456418006,68.27835814672765,0.0
2006-08-31,0.04770861242787383,0.0019539773377184044,-0.05296270211240606,0.0009550913776870118,-0.03232861744903359,0.0,0.0,-0.07325613306081857,0.15735055864845293,0.15026636533868387,,0.029079549712917485,-0.02712557237519908,0.02576243197581407,0.028379444864974568,0.0362733603803731,0.00767607282974736,0.005967043360733282,0.001769076542045056,-0.03218822993220538,-0.8521938160361479,-2.639999999999999,-4.129990000000001,,,,-1.4348055927230479,-3.600002289999999,-7.2999992300000045,,,,-0.719560899188066,0.07000000000000006,1.132278629535968,-0.25,0.9016758397487326,-0.3799999999999999,1.0705768837655485,-0.23999999999999977,-0.4016596140322743,-0.2400000000000002,0.07367313819283317,-0.14000000000000012,1.5389549799103173,0.2599999999999998,-1.0221516789665157,-0.1299999999999999,0.9013777882041616,0.7059004580999372,0.00828994510139247,2.2730530495170265,0.00786458692972869,0.8375871856818566,0.007097536472487009,-0.8389006925919125,-0.002576312197584585,-0.46438588727836616,0.004947096315571331,-0.7123046613224921,-0.005755962572537188,-1.3339908105123368,-0.20000000000000018,0.07,2.204435610052047,0.14,0.0,0.766377921847788,-0.0010000000000000009,0.7571428571428571,0.45714285714285713,0.4428571428571428,-0.24285714285714294,0.0571428571428571,-0.5428571428571429,0.0571428571428571,0.0428571428571429,0.9893891801456643,-0.020281940544069843,68.27835814672765,0.0
2006-09-30,0.04640571834600804,0.04910472723041259,-0.029314009003826635,0.03466400586736018,0.013612981722952444,1.0,0.0,-0.03024991819274847,0.1802770239649673,0.16566843865082,,0.05452983460631944,-0.005425107375906846,0.04488021994654612,0.040461811969424666,0.046221133742499365,0.005535351424549972,0.0036063297489545842,0.008800750997418394,-0.01416203199357835,-1.0076699474091708,-0.33000000000000007,-1.0999999999999996,,,,-1.1869363236485169,3.2999992300000045,-2.4000015299999973,,,,-0.7509980825583165,0.050000000000000044,1.0236268815669807,-0.4500000000000002,0.6057598076557494,-0.5100000000000007,1.1328462639890782,-0.27,-1.3876155096568241,-0.3799999999999999,-0.954298058953625,-0.23999999999999977,1.4809019385302946,0.29000000000000004,-1.0126444303023554,-0.0600000000000005,1.485509911509005,0.678775952195357,2.9748921733130373e-05,1.9525128061420787,0.0023700814352232147,0.8010007580388402,-0.0004389511566444959,-0.8022095212189524,-0.0041565997949484235,-0.45000321380306774,0.0015938705558449229,-0.6847654793021911,-0.00737237462392204,-1.2791456989004173,0.0,0.07,2.012726487637437,0.14,0.0,0.6321729646152668,-0.07199999999999995,0.8428571428571429,0.37142857142857144,0.6142857142857143,0.04285714285714293,-0.4714285714285714,-0.38571428571428573,0.0428571428571428,0.0,0.983632999018247,-0.02240455923526985,68.27835814672765,0.0
2006-10-31,0.04747873234228139,0.14838056032244618,0.01871609703892707,0.10023943076637631,0.05582262655372583,1.0,0.0,0.0,0.002409040007354349,0.18115138163960562,,0.08248992159077351,0.06589063873167267,0.06542647272355762,0.033226666374536196,0.04198314329657382,0.008474884753761902,0.005542689960529978,0.0031746031746031633,-0.015008081274532459,-1.4375653131608446,-0.8800000000000008,-3.8499999999999996,,,,-1.2683706630116391,-2.1999969400000055,-2.5,,,,-1.1128328290363736,-0.040000000000000036,0.9932644910472961,-0.2599999999999998,0.5104087415294486,-0.3799999999999999,1.3169099344216215,-0.07000000000000028,-2.029128329993548,-0.43999999999999995,-1.665479118041426,-0.31000000000000005,1.3955813175384768,0.0,-1.0154792695839254,-0.1200000000000001,1.8836031347659352,-2.42083679457927,-0.021696518813448806,1.965876113661968,0.002888750539241647,-2.1380379427578595,-0.014316009748361225,-0.5133849240577665,-0.0009347501986944895,1.1652910460490373,0.022355888883523134,-1.3117931764908064,0.0032350568566603677,-1.6959227453060768,-0.20000000000000018,0.07,1.863892134449245,0.1,0.0,0.39558059750179286,-0.07699999999999996,0.8,0.38571428571428573,0.7142857142857143,0.3142857142857143,-0.0857142857142857,0.028571428571428498,0.1,0.1,0.9706650471061344,-0.016291515437447557,68.27835814672765,0.0
2006-11-30,0.03428816337641316,0.13367057071399846,0.1358857373176119,0.07256726624114473,0.08630899644409151,1.0,0.0,0.0,0.025376272662496507,0.127780059703917,,0.08043795901115658,0.05323261170284188,0.0744429360003489,0.027847641315871696,0.03371458337588784,0.005707988055997593,0.006804482362906983,-0.023781492818460093,-0.0359933035714286,-1.4713778435629197,-0.1899999999999995,-1.4000000000000004,,,,-0.7929368063259192,7.599998470000003,8.700000760000002,,,,-1.077824547155509,-0.09000000000000008,0.8853131252087214,-0.16999999999999993,0.07548579937569865,-0.28000000000000025,0.6900795117444459,-0.08000000000000007,-1.2562691203860736,-0.19999999999999973,-1.36810806263885,-0.20000000000000018,1.3382663110287474,0.0,-1.0514724195666023,-0.11000000000000032,0.7274065962943485,-2.0796395354050627,-0.019144956429038462,1.7581430987578746,0.0009653809166325633,-1.8843641855329316,-0.012558556564460144,-0.4983586625392299,0.0006182433981787305,1.101753401231519,0.01848957056638456,-1.2298389131849226,-0.009187217986427854,-1.6056519529853335,-0.20000000000000018,0.07,1.7440121374795199,0.0,0.0,0.2682193178446567,-0.03500000000000003,0.7,-0.05714285714285716,0.7428571428571429,0.3000000000000001,0.0285714285714285,-0.0285714285714286,0.0714285714285714,0.014285714285714297,0.9814918162815836,-0.007897363864080797,68.27835814672765,0.0
2006-12-31,-0.01877659109524532,0.06305239207720348,0.11525328982179217,0.07140443566406796,0.060176182662186495,1.0,-0.01877659109524532,-0.01877659109524532,0.12148767147815458,0.13769802955266108,,0.06609305812002608,-0.003040666042822604,0.07580549949830195,0.01143674931094063,0.015590037280449831,0.004106324960348351,0.0022131816833137474,-0.02617192043736183,-0.019408037293416225,-1.0810303400494805,0.6500000000000004,-0.41999999999999993,,,,-0.8734543565482396,-1.6999969499999992,3.700004579999998,,,,-1.0459527027801538,-0.08000000000000007,1.0421647179365305,0.11000000000000032,0.791006717276677,0.07000000000000028,1.4759151813901699,0.14000000000000012,-1.117152949525971,0.009999999999999787,-1.3147973785983718,-0.07000000000000028,1.2047045057846297,-0.16999999999999993,-0.9668710360248737,-0.040000000000000036,0.5097208495046381,-1.8986650885657548,-0.01957865402095016,0.8362530300415417,-0.0021712679030763127,-1.9561963580557793,-0.014112094822845478,-1.1703008524427558,-0.0010004646877619372,-1.1263272417779069,-0.007048044432476752,-1.6098026933587886,-0.01618905491929956,-1.5285014540087674,-0.09999999999999964,-0.07,-1.1846794642870118,-0.14,0.0,0.4142105992153137,-0.015000000000000013,0.4714285714285714,-0.37142857142857144,0.6857142857142857,0.0714285714285714,-0.5571428571428572,-0.08571428571428574,-0.0142857142857142,-0.057142857142857,0.9872046604547569,0.0035716614365098875,68.27835814672765,0.0
2007-01-31,0.02108456897802058,0.036265806693735136,0.19002750773394328,0.05263112395887992,0.07659560485270589,1.0,0.0,0.0,0.09569864319373808,0.08986297876727461,,0.04906439941957785,-0.012798592725842717,0.07905852032826033,0.0038405304979078903,0.005999797333136936,0.002151005831731334,0.0020917547130729908,-0.008321612751992391,-0.003004772285394419,-1.6157604561875571,-1.1400000000000006,-0.6799999999999997,,,,-1.1554141060232257,-5.200004579999998,0.6999969400000055,,,,-1.3298724135831848,-0.06999999999999984,1.1061881054298852,0.23000000000000043,1.0823311138087222,0.21999999999999975,1.3561112594985119,0.06000000000000005,-0.35174319487214684,0.31999999999999984,-0.3472281699096683,0.16000000000000014,1.2408013081098717,0.020000000000000462,-0.9246437511864475,-0.010000000000000675,0.244374322953151,-1.0852421231369027,0.005119053543878094,0.7956708821302756,-0.003175366037913463,-1.1628355594790671,0.0020672530228456054,-1.0376918360145015,-0.0014372599767844552,-0.6529055373911103,-0.02045194015069507,-0.7128032120769546,0.004968263896323988,-1.6608684931336313,-0.1999999999999993,-0.03,-0.3358001765620488,-0.1,0.0,-0.3437179962990111,-0.04800000000000004,0.5142857142857142,-0.2857142857142858,0.7857142857142857,0.0714285714285714,0.3142857142857143,0.39999999999999997,0.0,-0.1,0.9886498155902296,0.017984768484095137,68.27835814672765,0.0
2007-02-28,-0.016791691215331972,-0.014911716745687253,0.1167655962805898,0.05761867267539733,0.0544384787634129,1.0,-0.016791691215331972,-0.016791691215331972,0.07781340496539599,0.10401866938780581,,0.008431352086704758,-0.02334306883239201,0.04896548929065547,0.009542215618741023,0.011634448094513639,0.0020724566475809336,0.0042049535205737065,0.007838880849011076,-0.01230336481072214,1.0997921050009214,5.0,4.51,,,,-0.5963535703765593,8.200004579999998,1.3000030500000008,,,,-1.1339520283756923,-0.039999999999999813,0.789342784799406,0.03000000000000025,0.25185406149616996,0.09999999999999964,0.6573946538429472,0.040000000000000036,-0.46136708020078965,0.1599999999999997,-0.8899250650967475,0.06000000000000005,1.229441244437338,0.10000000000000053,-0.8633380413011918,0.0699999999999994,-0.2929569162680276,-1.0371265547253277,0.005119053543878094,0.7691220530737475,-0.003175366037913463,-1.107285411901487,0.0020672530228456054,-0.9937649510357095,-0.0014372599767844552,-0.633905093003573,-0.02045194015069507,-0.6908522742834874,0.004968263896323988,-1.5657494270278187,-0.2999999999999998,-0.03,-0.33070593188022435,-0.1,0.0,-0.5162129331295686,-0.04400000000000004,0.4714285714285714,-0.22857142857142854,0.7857142857142857,0.042857142857142816,0.1,0.07142857142857151,-0.0285714285714285,-0.0999999999999999,0.9979300730155845,0.0164382567340009,68.27835814672765,0.0
2007-03-31,0.005241522598289139,0.009201000267230475,0.0728335374207858,0.04138448544522566,0.04764327039389604,1.0,-0.011638182646011574,-0.011638182646011574,0.06589500308493225,0.09372073293197351,,0.006662179869936002,0.0025388203972944723,0.04796405351212929,0.013560839499831223,0.014074242145040605,0.0005065336240324125,-0.0011028054370681994,-0.009436215957954963,-0.017708024874148354,0.7397087130693035,-0.7799999999999994,3.08,,,,-0.6757754434429396,-1.9000015200000036,1.0999984799999964,,,,-0.2982834354463644,0.1100000000000001,0.6858058807536843,-0.2400000000000002,0.4802781017750209,-0.05999999999999961,0.6488976727402088,-0.20000000000000018,0.09138246504799165,0.25,-0.2782260927078814,0.14000000000000012,1.1042789484454796,0.1299999999999999,-0.623395606509881,0.1800000000000006,-0.5819715482446126,-1.307526659836794,0.002976969239826266,0.05305721094228851,-0.0025066623157667944,-1.2290101290462194,0.0026647632173031344,-2.460934973095985,-0.004093770679822528,-0.46018640757100154,0.00686436707416993,-2.218870644631804,-0.012987301077079572,-1.2716909838874677,-0.20000000000000018,0.07,1.7151803031178068,0.14,0.0,0.4569587395870291,0.008000000000000007,0.4571428571428571,-0.014285714285714346,0.6571428571428571,-0.02857142857142858,0.1857142857142857,0.7428571428571429,0.0,0.0142857142857142,0.9881378560855568,0.0009331956307999656,68.27835814672765,0.0
2007-04-30,0.055823799710124966,0.04353592948709273,0.08138060178383877,0.10161982606283848,0.08706884639777512,1.0,0.0,0.0,0.12897316613249765,0.10168825250049836,,0.0356761631135607,0.007859766373532029,0.07626126591372118,0.020258383623395604,0.022158558875958967,0.0018624451247486462,0.001223095743797531,-0.03563408580546035,-0.029353159851301158,0.5887501835306266,-0.41999999999999993,3.8000000000000007,,,,-1.2474525034225386,-8.100002289999999,-1.7999992300000045,,,,-0.659173261619487,0.10999999999999988,0.667199143477202,-0.34000000000000075,0.4072128982109627,-0.20000000000000018,0.603072291260652,-0.19999999999999973,-0.25097526128407693,0.03000000000000025,-0.35960643363919137,0.0,1.0499680373792866,-0.040000000000000036,-0.6421403150114956,0.14000000000000057,0.006302109366514543,-0.5847284175461157,0.0027421950694848096,0.4524240308803984,-0.0010827272806261945,-0.4869333176815658,0.002781463875985768,-1.6694779665146664,-0.0026286200445102548,-0.2850631666644398,0.003600700131527468,-1.5480246880795936,-0.016718727213359763,-1.4544427083487905,-0.09999999999999964,0.03,0.8604805813336887,0.06,0.0,0.7450843092677777,0.07600000000000007,0.7428571428571429,0.22857142857142865,0.7857142857142857,0.0,-0.7746478873239436,-1.088933601609658,-0.0142857142857142,-0.0142857142857142,0.988622118025572,-2.7697564657591656e-05,68.27835814672765,0.0
2007-05-31,0.03154894864784974,0.09484265065788988,0.07851666717018224,0.22507169969793583,0.09444224081957109,1.0,0.0,0.0,0.0876346485959441,0.10040863681092732,,0.09223330708150934,0.0026093435763805406,0.09119850018476128,-0.005368585693191208,-0.010043135973279549,-0.004699781459593488,-0.0015066814256389227,-0.014933588608352144,-0.01751647278842139,-0.0821678060959337,-1.17,-2.369999999999999,,,,-1.2860813930351942,-0.899997710000001,-10.900001520000004,,,,-1.0756897692654146,0.0,0.9941123247586782,0.2699999999999996,1.2164597239377597,0.34000000000000075,1.655801069833452,0.33999999999999986,-0.8623757296389936,-0.06999999999999984,-0.8644044847664826,0.0,1.001109971595269,-0.1299999999999999,-0.683905775792644,0.07000000000000117,0.6155261039355557,-0.5704785822031454,0.0027421950694848096,0.44255432247308935,-0.0010827272806261945,-0.4760160135095554,0.002781463875985768,-1.557984342649533,-0.0026286200445102548,-0.2795044570819094,0.003600700131527468,-1.4545617751152358,-0.016718727213359763,-1.3811798064182914,-0.09999999999999964,0.03,0.8354282355600394,0.06,0.0,1.3024934146027123,0.11399999999999999,0.7142857142857143,0.24285714285714288,0.8,0.014285714285714346,0.352112676056338,0.252112676056338,0.1,0.1285714285714285,0.982288021466506,-0.015642051549078495,68.27835814672765,0.0
2007-06-30,0.004791310406513594,0.09435230928388072,0.10442144517404595,0.2317096500800928,0.07764070561646519,1.0,0.0,0.0,0.08842572660570086,0.08715255820729584,,0.06392920199877872,0.030423107285102002,0.05848574117932648,-0.00707757644702911,-0.011565988942064398,-0.00452040601417214,-0.005180272661221341,-0.012178946099119847,-0.01877761634348518,1.7929076110479036,3.1799999999999997,1.5899999999999999,,,,0.24398920053062267,18.599998470000003,9.599998470000003,,,,-1.0908558301727058,-0.15999999999999992,0.8888891393798628,0.29000000000000004,1.5314791717899663,0.3799999999999999,1.8672527532764418,0.43999999999999995,-0.8398664675579371,-0.17999999999999972,-0.6691644438972626,-0.06000000000000005,0.9781356175718809,0.009999999999999787,-0.35309607518804526,0.08999999999999986,0.8745177984803834,-0.6731628807896926,0.004434861432735193,-0.27729998032051,-0.0009884751456155083,-0.8741852071980117,0.0016183358544539228,-1.479675569789779,0.001604704044551486,0.15044082863440594,0.006312458216434891,-0.8560186793218298,0.01718453588532265,-1.31658857788054,-0.09999999999999964,0.0,0.22579141501622688,-0.07,0.0,1.693091605079817,0.07799999999999996,0.5915492957746479,0.1344064386317908,0.7142857142857143,0.05714285714285716,-0.4225352112676056,-0.6082494969818913,0.0428571428571428,0.0428571428571428,0.9787220289915174,-0.00941582709403943,68.27835814672765,0.0
2007-07-31,-0.0014707980636465834,0.03496695028701757,0.08002519845618439,0.28525969520867056,0.059299845058999656,1.0,-0.0014707980636465834,-0.0014707980636465834,0.06075341767567726,0.09036258906611819,,-0.01309812578880798,0.04806507607582555,0.015361816571997089,-0.002314118290798861,-0.02837808717123791,-0.02612442388759395,-0.019878953853316284,-0.008860837061094418,-0.025379046710027664,4.236267752134999,7.2899899999999995,9.29999,,,,1.8136597312564642,18.900001529999997,36.60000229,,,,0.6044691379150573,0.17000000000000015,0.4610122303818126,-0.040000000000000036,0.7523609063485953,0.15000000000000036,1.1472641183887373,0.23999999999999977,-1.5993886138502773,-0.28000000000000025,-0.9449045814229021,-0.0900000000000003,0.9185058450811189,-0.009999999999999787,-0.19169826378640348,0.1900000000000004,2.1535636890711047,-0.6792289937670706,-0.0010543218196970017,-0.5330784928119182,-0.003234979271548033,-0.9153110681946062,-0.0024726450077365847,-1.426719553403154,-0.0001234995642671599,-0.10856856441284107,0.0018323094059289335,-1.6247741409025513,-0.004835844752902219,-0.7646680845681646,0.1999999999999993,0.03,0.7957904026398791,0.0,0.0,3.5294074044453376,0.20999999999999996,0.3380281690140845,-0.4048289738430584,0.5714285714285714,-0.2142857142857143,-0.647887323943662,0.12676056338028163,0.0142857142857142,0.0285714285714284,0.9755809865074314,-0.01304113151814057,68.27835814672765,0.0
2007-08-31,0.02819272048184973,0.031599601375474684,0.12943924198754742,0.2613188885409208,0.07384289199361804,1.0,0.0,0.0,0.05416205920208551,0.07575406827965768,,-0.033226492579710776,0.06482609395518546,0.02008264065017884,0.019804216220172588,0.007201634866073503,-0.012357843940682622,-0.006332340744909737,-0.018597701707927516,-0.021011814601635925,3.3645527944639113,-0.14000000000000057,10.329989999999999,,,,2.8579884993171114,14.599998470000003,52.09999847,,,,2.0904733177689616,0.44999999999999973,-0.14902256492225244,-0.7699999999999996,0.0050598061726557265,-0.3600000000000003,0.7929757042294233,-0.20000000000000018,-2.3993802028082634,-0.3600000000000001,-1.929509871152731,-0.1599999999999997,0.6299410215841044,-0.3200000000000003,0.22789535345499948,0.40999999999999925,2.550979660875994,-1.6684164125285514,-0.009007488170430511,-0.8035812044126912,-0.0041664820479612175,-1.6923044315071607,-0.00691183497207315,-2.228885040441755,-0.0031705868707674334,-0.42227431165780077,-0.0013905250940478009,-1.39453220531619,-0.0023307838478157095,-0.721423809999368,0.1999999999999993,0.1,2.009568421027303,0.07,0.0,5.213032033168904,0.7150000000000001,0.5211267605633803,-0.19315895372233405,0.6428571428571429,-0.15714285714285714,0.7916666666666666,0.4395539906103286,0.0857142857142857,-0.014285714285714304,0.9733306237007904,-0.00895739776571558,68.27835814672765,0.0
2007-09-30,0.05252161141848366,0.08060336861303075,0.18256079186161078,0.26869087754801746,0.11188832312939145,1.0,0.0,0.0,0.0936696273974832,0.08187807566605224,,0.019102317145559544,0.0615010514674712,0.04891447790813852,0.030140779174953725,0.022864685893446035,-0.007063202844309502,-0.0034150856137474817,-0.051281738281250044,-0.052263950081031685,1.4094970089380163,-5.379989999999999,1.7699999999999996,,,,2.16358502457212,-7.300003050000001,26.19999695,,,,1.8481825375562309,0.4099999999999999,-0.4971878625136363,-0.8999999999999999,0.12151955265290174,-0.4400000000000004,0.5389897820239586,-0.3799999999999999,-1.643589743589744,-0.2200000000000002,-1.0020766230212708,-0.06000000000000005,0.27094418178800006,-0.7299999999999995,0.856964532694789,0.4599999999999995,2.145909267175874,-1.570859535332746,-0.00812437263771737,-0.7825668039252106,-0.0017927890854096962,-1.591401444188012,-0.0047926788866134995,-2.0318901247385046,-0.0031286921708504334,-0.4144074498257203,-0.00588097540495891,-1.3301362135496115,-0.011276645040222855,-0.6795306113463323,0.09999999999999964,0.1,1.846872599704548,0.1,0.0,3.799559812462473,0.676,0.7183098591549296,0.12676056338028174,0.7285714285714285,0.014285714285714235,-0.2361111111111111,0.18642410015649452,0.0428571428571428,0.0,0.9621091640572174,-0.01661286493430003,68.27835814672765,0.0
2007-10-31,0.07041431637618611,0.15839708427620836,0.19890269753472056,0.2964701205403637,0.16018848964540155,1.0,0.0,0.0,0.07341262813405698,0.09507174208392313,,0.06631455862340419,0.09208252565280417,0.05239557262793548,0.029483422215044186,0.04131496564907944,0.011492699327375844,-0.001332152100920081,-0.052898407359778465,-0.057795141729290345,1.5276318973551328,0.5300000000000011,-4.989989999999999,,,,1.1778184436034687,-13.519996640000002,-6.22000122,,,,1.8828343574954711,0.1399999999999999,-0.6736742666876895,-0.6199999999999997,-0.26617878507020665,-0.2999999999999998,0.09216615805318111,-0.2999999999999998,-0.910655698821043,0.08999999999999986,-0.8277311668821593,0.0,0.23709684629280725,-0.6800000000000006,0.8344336485236217,0.31999999999999984,0.8467460025989851,0.06860630016200621,0.004581224599902622,0.06204721950203044,0.0017212290518506812,0.25113028077134225,0.005279996682954868,-1.8306164537142084,-0.0028519122984198564,-0.29782403489757775,-0.00213790287703719,-0.34154046468846755,0.018878903836076377,-0.3525998299461852,0.2999999999999998,0.2,3.062496367813444,0.17,0.0,2.5255274812674116,0.354,0.6666666666666666,0.32863849765258213,0.7,0.12857142857142856,0.75,1.397887323943662,0.1408450704225352,0.12655935613682098,0.921117059266445,-0.054463927240986365,68.27835814672765,0.0
2007-11-30,-0.06759949117990804,0.050474302413536565,0.08366887162498426,0.16875493974105016,0.06530938852367707,1.0,-0.06759949117990804,-0.06759949117990804,0.25998861227479686,0.16863588254983802,,0.012026304615534444,0.03844799779800212,0.006997681167252745,0.03471218492559314,0.0274125395017788,-0.007054759313904313,-0.005696516003887542,-0.057481650183807464,-0.05343957437287117,2.5730819030783834,4.34,-0.5099899999999984,,,,3.4881145297127856,41.31999969,20.5,,,,4.087735494671812,0.4200000000000004,-2.2331099947719664,-1.1100000000000003,-1.792031546435654,-0.5699999999999998,-1.5174861854319182,-0.71,-0.9500293312661361,0.27000000000000024,-0.7811569676976055,0.13999999999999968,0.24174960474392487,-0.2999999999999998,2.094734919104812,0.5400000000000005,0.9850009060333085,0.06758685081099686,0.012534390950636132,0.061126053409167165,0.0026527318282638657,0.24717315847915602,0.009719186647291433,-1.7158550477172698,0.0001951750080804171,-0.293013932061998,0.0010849316229395445,-0.3358779123450719,0.016373842930989868,-0.30528283146191065,0.2999999999999998,0.2,2.6505341904464634,0.1,0.0,3.536223986365802,0.234,0.3611111111111111,-0.16001564945226915,0.5285714285714286,-0.11428571428571432,0.1111111111111111,-0.6805555555555556,0.0,-0.0857142857142857,0.9204371136557112,-0.05289351004507914,68.27835814672765,0.0
2007-12-31,-0.0007074351002401835,-0.002651205797678413,0.07773846669717299,0.19027747490935232,0.047105030499623224,1.0,-0.06825910402732915,-0.06825910402732915,0.23908434401177583,0.16957040699308656,,-0.03666008691228895,0.034008881114610534,-0.009622159653804863,0.028200386893233453,0.011771615427144555,-0.01597818059155709,-0.009834121751967406,-0.019313166664522097,-0.04381840352875632,2.212152983903239,-0.370000000000001,4.5,,,,3.4547475075357483,13.899993899999998,41.69999695,,,,3.456371720709889,0.52,-2.207215265574811,-0.9200000000000004,-1.525902590094735,-0.5499999999999998,-1.2115277653713006,-0.54,-0.7662056100712711,0.16000000000000014,-0.9524341828659015,-0.009999999999999787,-1.4826619222619493,-1.52,2.373815557140751,0.37000000000000055,0.37216280949247227,1.6237274204081569,0.0247581884783179,0.011655727689859544,0.0025029599953831916,1.6272602755686947,0.017259119302165615,-1.8336099647022766,-0.0006898903758636443,0.44907628997220644,0.00817016003967197,0.107583337906234,0.023581385761618057,-0.25794332908218814,0.2999999999999998,0.23,2.6554448162392204,0.13,0.0,3.3589080217496736,0.42000000000000004,0.5,-0.21830985915492962,0.5714285714285714,-0.15714285714285714,-0.6111111111111112,-0.37500000000000006,-0.0422535211267605,-0.0851106639839033,0.9051503132078615,-0.05695885084935581,68.27835814672765,0.0
2008-01-31,-0.11889886754454004,-0.17904204140341484,-0.049004694448367525,0.02709889360930151,-0.0805937471092536,0.0,-0.11952218941250037,-0.17904204140341484,0.205306540982995,0.2545665998923559,,-0.10701932566157712,-0.07202271574183772,-0.06785325886803506,0.04148176902960676,0.02781774543874449,-0.013119791432925187,-0.00709418166312159,-0.018487087761443366,-0.04760336274127264,2.7580421964713353,3.6999999999999993,7.669999999999998,,,,3.168133297890907,8.300003050000015,63.519996640000016,,,,3.947051691414743,0.97,-3.2178152059933294,-1.77,-2.4208295993398123,-0.8100000000000005,-2.3303477060682063,-0.81,-1.2470040197365209,-0.10999999999999988,-0.6927782373084835,0.0,-1.3861795563357218,-1.3799999999999994,3.364639674026089,0.9599999999999995,1.7063026154181775,0.858450100038753,0.006570887923575297,-0.4731730306544368,-0.0016251027405520535,0.9043624956308913,0.003872667655395734,-2.0387735016961024,-0.00227448256358298,-0.6534137237727272,-0.0033290449878915496,-0.6658948124635701,-0.0053533201779683015,-0.20670138095062932,0.10000000000000053,0.23,2.3575787622829463,0.03,0.0,2.508913678515264,0.43600000000000005,0.2361111111111111,-0.4305555555555555,0.2571428571428571,-0.44285714285714284,0.3055555555555556,-0.4444444444444444,-0.028169014084507,-0.1690140845070422,0.9434730555148428,0.02235599624839779,68.27835814672765,0.0
2008-02-29,-0.04830489701329954,-0.16205357937542508,-0.11975881833447966,-0.005821067013471626,-0.11980136040682288,0.0,-0.16146036700610267,-0.2186983310456716,0.20600117358484293,0.25287947258116317,,-0.09504499225955099,-0.0670085871158741,-0.0842613950190132,0.021486572897534417,0.010257924759307535,-0.010992457890440788,-0.0095443524041664,-0.03195135724322695,-0.05673246105121732,2.495103395117781,0.33999000000000024,3.6699899999999985,,,,2.781180718744904,1.5,23.699996950000013,,,,3.673756759411619,0.75,-3.293430600606567,-1.3900000000000001,-2.4936116321148845,-0.4400000000000004,-2.69715384137153,-0.5299999999999998,-0.5197731477256821,0.05999999999999961,0.028182564909681077,0.0900000000000003,-1.6848388535677254,-1.6500000000000004,3.526373240690527,0.9499999999999997,1.085585873761296,0.8380054941678872,0.006570887923575297,-0.4652584935703821,-0.0016251027405520535,0.8818256658193501,0.003872667655395734,-1.9012612871374812,-0.00227448256358298,-0.6406389860482149,-0.0033290449878915496,-0.6527242623724884,-0.0053533201779683015,-0.14958669988967735,0.10000000000000053,0.23,2.1292437052805124,0.03,0.0,2.8378146971445295,0.30099999999999993,0.2777777777777778,-0.08333333333333331,0.2394366197183098,-0.2891348088531188,-0.8194444444444444,-0.9305555555555556,-0.0555555555555555,-0.0555555555555555,0.946795592805382,0.02635847914967071,68.27835814672765,0.0
2008-03-31,0.01871174210133386,-0.14576982965177365,-0.14803456963195283,0.007500913974755941,-0.09676908427688502,0.0,-0.030497023687110048,-0.20407881571285647,0.23837541182217495,0.23380705171068206,,-0.09292601969492797,-0.05284380995684568,-0.08080377546820605,0.02281073993293492,0.01233146523936135,-0.01024556575761093,-0.012398335836017571,-0.047954551418300184,-0.059718860306122945,2.076733362628705,-0.9299999999999997,3.10999,,,,2.1846177610924897,-9.699996950000013,0.10000610000000165,,,,3.3984382017198427,0.9300000000000002,-2.8524083319046505,-1.4299999999999997,-2.3922366089914213,-0.5899999999999999,-2.4076407494906453,-0.6199999999999999,-1.0168238510676313,-0.08000000000000007,-0.6381612141805697,0.029999999999999805,-2.179662251144102,-0.5500000000000003,2.933507114910879,0.8399999999999999,1.2235373545768653,1.2104494962835315,-0.0023030805612069827,-0.13459324702129138,-0.00041706462521617915,0.90844422462476,-0.003267043268573522,-2.168233130428288,-0.003383884021138206,-1.7440062941558572,-0.021484873542833016,-1.7387107435476634,-0.031731506491292194,0.7418794437873805,0.3000000000000007,0.43,3.374801212682035,0.19999999999999998,0.0,2.9360868121826544,0.3809999999999999,0.5138888888888888,0.01388888888888884,0.2394366197183098,-0.33199195171026163,0.5833333333333334,1.1944444444444446,0.0138888888888888,0.0561424100156493,0.920021261948102,0.01487094874024042,68.27835814672765,0.0
2008-04-30,0.07982639520231993,0.04689490404986807,-0.14054329670605237,0.03040495999341175,-0.024105188117542475,0.0,0.0,-0.14054329670605237,0.22200837275526045,0.24315903295195532,,0.011461187250147553,0.035433716799720516,-0.030282048972786302,0.0029643141955839614,-0.0007119293492502399,-0.0036653782121676137,-0.0005493187752928508,-0.025313256537816797,-0.03973548988233078,1.0387725461283674,-4.82,-5.41001,,,,1.1977619036803075,-26.400001529999997,-34.59999848000001,,,,2.3346742385169605,0.14000000000000012,-1.9552040065481435,0.1200000000000001,-1.5707316783431868,0.10000000000000009,-1.4025383411162111,0.16999999999999993,-0.618530693783793,0.10999999999999988,-1.1665169314587711,-0.06999999999999984,-2.2335311058255622,-0.8500000000000001,2.0765905449752813,-0.020000000000000018,-0.20804647931865913,0.49389454132212013,-0.002037715418802488,-0.5946028075414336,-0.0003241399040105897,0.18439062794539185,-0.003363070794058398,-2.2757299247010057,-0.00362928818856334,-1.8209147133114858,-0.012866476325205989,-2.0319725834975593,-0.02732562607556699,0.8198915917499404,0.20000000000000018,0.43,2.872444164047822,0.19999999999999998,0.0,2.2246416606541133,0.33299999999999996,0.7638888888888888,0.5277777777777777,0.3943661971830985,0.1372233400402414,-0.2083333333333333,-0.5138888888888888,0.0,0.028169014084507,0.9094582363122378,-0.03401481920260507,68.27835814672765,0.0
2008-05-31,0.05930903213254024,0.16527365127048665,-0.023563114869766477,0.05813425752209467,0.028266922272339956,1.0,0.0,-0.08956975147386459,0.1077413845174536,0.2531112044070997,,0.05398878375014804,0.11128486752033862,-0.013405097218376572,-0.008131666753446232,-0.01579612395958896,-0.007727292977542377,-0.006959321465768387,-0.011327563285128961,-0.03481494627045145,0.41545149390394526,-2.960000000000001,-8.71,,,,1.478231723087413,11.09999848000001,-25.0,,,,1.9511176513449542,-0.2200000000000002,-1.4939980105086785,1.0100000000000002,-0.9262447097427104,0.5299999999999998,-1.1945621796165613,0.48,0.13446402484325723,0.10000000000000009,0.594037590086865,0.04999999999999982,-2.453902963451009,-1.0299999999999998,1.7926152232232004,-0.4800000000000004,0.46985210688138074,1.2275847206110997,0.004075647271661431,0.4089847262412841,0.002641221239730873,1.0615350187568304,0.0014917502644555825,-2.4048453443220366,-0.005726774108554045,-2.5446810840976277,-0.022428190638655532,-1.7880049748628857,-0.02540583975613142,1.3530345778523913,0.2999999999999998,0.5,2.8802513741290916,0.27,1.0,1.5897337017031616,-0.19899999999999995,0.7638888888888888,0.48611111111111105,0.5694444444444444,0.33000782472613466,0.3424657534246575,1.161910197869102,0.0416666666666666,0.0972222222222221,0.9055212999315988,-0.04127429287378315,68.27835814672765,0.0
2008-06-30,-0.09614273768614212,0.03389507429379046,-0.11681563456382338,-0.04815823618389925,-0.06375186778822617,0.0,-0.09614273768614212,-0.17710100803944206,0.33332071839780664,0.286071273108393,,-0.02538193989617543,0.05927701418996589,-0.08506870157503099,-0.011243076324330747,-0.02267447013338031,-0.011561379278694495,-0.014395616356368324,-0.0026735388558908335,-0.030758475121073325,1.542815547510305,6.120010000000001,-1.6599900000000005,,,,1.263576974339285,-4.199996950000013,-19.5,,,,1.879411544890356,-0.40000000000000036,-1.4530260949183766,1.0099999999999998,-1.09132818055048,0.54,-1.4074052973018822,0.3699999999999999,1.28089972820171,0.43999999999999995,0.8013374573115251,0.16999999999999993,-1.8672661904189423,-0.03999999999999959,1.60854956124111,-0.46999999999999975,-1.5635975156200295,1.0250630391752802,-0.0005454544748797474,-0.06565745051213381,0.00025134936023318843,0.8429614324642705,9.221204374787462e-05,-2.5782900390091332,-0.006612086239504711,-3.2428031829570507,-0.024985882826939032,-1.7117689623687597,-0.0070233032260511585,2.9884162111599526,0.7000000000000002,0.73,3.460145562812497,0.3,1.0,1.784563690030273,-0.2809999999999999,0.1111111111111111,-0.40277777777777773,0.2777777777777778,0.038341158059468,-0.3972602739726027,-0.980593607305936,-0.0694444444444444,-0.0833333333333332,0.8952576007577434,-0.024763661190358555,68.27835814672765,0.0
2008-07-31,0.006420411861998154,-0.03638852401094539,0.00879994369691306,-0.04063598930348444,-0.04623444057216708,0.0,-0.09033960179762912,-0.17181765759023215,0.2737942970155382,0.22869621605525053,,-0.07808042382501701,0.04169189981407162,-0.07783407459780944,-0.01059383345896503,-0.030916855126439824,-0.02054062563459058,-0.01040650542317001,0.002033435687478713,-0.010939421656040449,1.2663490154493824,-1.0100099999999976,2.150000000000002,,,,1.362009058889949,5.699996950000013,12.59999848000001,,,,1.9933669769879663,0.1200000000000001,-1.4718538585974557,0.22999999999999998,-1.0582234855572945,0.2200000000000002,-0.9613960378312228,0.1499999999999999,-1.119983349582656,-0.09999999999999964,-0.6516518142455998,0.06999999999999984,-2.0905588868607845,-0.28000000000000025,1.6629679448722678,-0.009999999999999787,1.417724699402314,0.6831985013991744,0.0024361937429009384,-0.6504961805326751,9.377240164365475e-06,0.4053566352252415,0.0016711926802510657,-2.3725384796700255,-0.005541618479226518,-2.9052822994843583,-0.02375839362004417,-1.2606429359568645,0.009158671948441333,2.6738221218143825,0.7000000000000002,0.73,2.9228086725736904,0.3,1.0,1.7926197308123644,0.006000000000000005,0.3150684931506849,-0.4488203957382039,0.3611111111111111,-0.033255086071987405,-0.3287671232876712,-0.12043378995433793,-0.0277777777777777,-0.0277777777777777,0.8846127466686532,-0.024845489643584573,68.27835814672765,0.0
2008-08-31,0.014518034505544009,-0.07713312074820011,0.07539245802234418,-0.05339527199622329,-0.014247346002335903,0.0,0.0,-0.15979407776624488,0.21368470998071762,0.21126508900168486,,-0.07777428619368543,0.0006411654454853144,-0.047288536752167376,0.009519800133631406,-0.007626775544936848,-0.01698488298723677,-0.012194076304479884,0.06177362477531245,0.04125961450478233,0.7773424207960687,-2.2900000000000027,2.8200000000000003,,,,0.43081692968660434,-28.699996950000013,-27.199996950000013,,,,1.9323729469018776,0.29000000000000004,-1.531499025886123,-0.30000000000000027,-1.3837842235800182,-0.22999999999999954,-0.8926168798626376,0.09999999999999987,-2.2393033536191296,-0.51,-2.0839573221184606,-0.33000000000000007,-2.058526297129324,-0.040000000000000036,1.5517543780944811,0.07000000000000073,2.02194855224821,2.420231240066287,0.012494581601245836,-0.18462840422700474,-0.0015998841949369513,2.085311683359467,0.006827306915320186,-2.4163740898966313,-0.005596758838363525,-2.9306005109655113,-0.02071521966392398,-1.8413451856576857,-0.004253871265360809,3.4054703126797947,1.0999999999999996,0.97,3.279286298669705,0.47,1.0,1.6478709063912735,0.245,0.5616438356164384,-0.20224505327245046,0.4305555555555556,-0.13888888888888884,-0.8904109589041096,-1.2328767123287672,-0.0138888888888888,-0.0555555555555554,0.8795616539667471,-0.025959645964851674,68.27835814672765,0.0
2008-09-30,-0.1557612372144943,-0.1380054961767665,-0.108788128428839,-0.24071829428776303,-0.14542453759607055,0.0,-0.1557612372144943,-0.29066559172831985,0.3327566352971927,0.31840102057088004,,-0.08844104257345875,-0.049564453603307745,-0.1175881536326272,-0.006412168756885439,-0.10252503462520146,-0.09673313505466907,-0.08598257258252873,0.09802539761500073,0.06452554979208625,3.47232899681931,18.74001,15.440000000000001,,,,3.1009098140083657,105.5,82.5,,,,2.6629826113771786,0.9500000000000002,-1.7289537854065655,-0.6299999999999999,-1.2791959688170838,-0.14000000000000012,0.45751034072941543,0.77,-4.38215696060448,-1.66,-4.316220725819979,-0.9099999999999997,-1.8392373536592852,-0.4400000000000004,1.94595776593571,0.48999999999999977,4.053181652000561,2.053948439888085,0.012196033389672456,0.5019145379812253,0.0017590140664323073,1.805663711082223,0.006984833737226248,-2.422145735754215,-0.004789248420325132,-3.289042911123657,-0.02244971853737654,-2.18655932714207,-0.011668120255947434,3.454508898628699,1.1999999999999993,1.1,3.1263955249300714,0.3700000000000001,1.0,2.6331278698454845,0.8529999999999999,0.1506849315068493,0.0395738203957382,0.1944444444444444,-0.0833333333333334,0.8356164383561644,1.2328767123287672,-0.0138888888888888,0.05555555555555561,0.9169075051433224,0.02164990438557901,68.27835814672765,0.0
2008-10-31,-0.1547160114082522,-0.27601810958124895,-0.3023627419842413,-0.4004109821307469,-0.24753003813527008,0.0,-0.28637849126890536,-0.3569404861994292,0.3395181443482677,0.3229554292930232,,-0.23211846847293716,-0.04389964110831179,-0.23597280442311896,-0.032882439373628225,-0.12336819503554253,-0.09356231273818405,-0.06473718899158154,0.16628078012638903,0.13289296302715115,4.349017534714959,20.5,36.95001,,,,2.6512699429674713,-1.3000030499999866,75.5,,,,3.679303983671081,2.31,-1.9376219354277266,-0.96,-0.8921068394725858,0.019999999999999574,2.3314754386591248,1.4900000000000002,-5.101265637985818,-3.12,-4.754651317920975,-1.4699999999999998,-2.8351912531054415,-1.8699999999999999,2.4700019426378756,0.9799999999999995,5.286935429917184,0.4010345656854326,-0.0011676630877535121,-0.5231421345528007,0.0006158505719113805,-0.33599028499094047,-0.003918695956708129,-2.942934582935801,-0.012048731348254349,-3.8482933844088607,-0.054591706330710976,-4.060610245223716,-0.07994027581653707,3.5215054110118067,1.5999999999999996,1.5,3.488999222671233,0.77,1.0,3.493434331500289,1.923,0.0547945205479452,-0.2602739726027397,0.0694444444444444,-0.2916666666666667,0.3424657534246575,0.6712328767123288,-0.0138888888888888,0.0138888888888889,0.8333645288959829,-0.0512482177726703,68.27835814672765,0.0
2008-11-30,-0.11462450590657414,-0.3681770041115111,-0.4169114835448674,-0.4306508652373414,-0.30861051597989053,0.0,-0.2516062709513195,-0.4302478025344153,0.081248408883832,0.26434121433253294,,-0.2964406153146203,-0.07173638879689082,-0.26290055252210165,-0.010975792312474142,-0.0952781892763378,-0.0852379510113046,-0.04500967257336652,0.11806515811374885,0.12767166568041932,3.1621887410920104,-4.609999999999999,34.63001,,,,2.47485192849238,6.800003049999987,111.0,,,,3.40835808064467,2.8099999999999996,-2.1678506212902096,-1.3599999999999999,-2.7358890633878046,-0.8999999999999999,1.0799706159127993,0.9200000000000002,-4.470110057602415,-4.13,-4.287537620139552,-1.8199999999999998,-2.3360423270583484,-1.42,1.6615732103254142,0.45999999999999996,4.5733555352826345,0.4193136438077738,-0.01733941363656233,-0.624384244406525,-0.0007402491367287656,-0.3049292055779399,-0.01392963125029123,-2.5676152962900516,-0.009896105069126637,-3.1583013932924286,-0.048073165973381626,-3.2813191618358237,-0.06844751892217049,2.9634027418031366,1.5,1.5,2.931443698916732,0.53,1.0,3.1706354205185128,2.2310000000000003,0.2054794520547945,-0.35616438356164387,0.0416666666666666,-0.38888888888888895,0.0684931506849315,0.9589041095890412,0.0,0.0138888888888888,0.8205910328577556,-0.05897062110899154,68.27835814672765,0.0
2008-12-31,0.022790215877221076,-0.2345502163051415,-0.3401864935023491,-0.4172630269576535,-0.27019954560185555,0.0,-0.09444660726378362,-0.40362277037932637,0.3224859541171708,0.30146787925744617,,-0.2156832493316766,-0.018866966973464905,-0.22999626983582178,0.07381091672639295,0.15346946266164196,0.07418302858951642,0.024348019926540232,0.023218353195827213,0.04939004558525162,1.6688475228565263,-15.280000000000001,0.6099999999999994,,,,1.7987696608149202,-24.0,-18.5,,,,2.7111923683423576,1.8200000000000003,-2.1271492406932984,-1.24,-3.2432084552200533,-1.6,0.06811205819606223,-0.10999999999999988,-2.182322164564893,-1.23,-3.6296904634074774,-1.49,-2.3089841958799804,-1.8899999999999997,1.0468321896604353,-0.3600000000000001,0.32471847251586516,-0.4701243568469832,-0.02385812963527445,-1.6724370402904813,-0.005569904945341486,-1.186742490489184,-0.018503257603804668,-2.3664662975839525,-0.008644083737366581,-2.8424890558386844,-0.037647920077720554,-3.0132340521249907,-0.0690234909630788,2.589661986891187,1.0999999999999996,1.5,2.5577169646607967,0.3999999999999999,1.0,2.6590037040366505,1.36,0.6712328767123288,0.5205479452054795,0.0833333333333333,-0.11111111111111109,0.6712328767123288,-0.1643835616438356,0.0,0.0138888888888888,0.8593305059540303,-0.057576999189292155,68.27835814672765,0.0
2009-01-31,-0.022865156884775528,-0.115152227656238,-0.35938623704574246,-0.3537488720002774,-0.2605092008434837,0.0,-0.022865156884775528,-0.4172590292971109,0.2424334834871574,0.2876815374430007,,-0.13763589544704768,0.02248366779080968,-0.2639079937569301,0.07704693559211417,0.1551252918759185,0.07249299329827275,0.03134910760302789,0.004274053227143693,0.0910145030498013,1.910847490902815,4.840000000000003,-15.049999999999997,,,,1.1648465985345748,-27.1000061,-44.300003050000015,,,,2.1259242801230305,-0.15000000000000036,-1.8358336842592573,-0.6200000000000001,-2.063537515165298,-1.1399999999999997,-0.8059628594934121,-1.4100000000000001,-1.4679647269774665,1.3399999999999999,-1.7174833893891237,0.2699999999999999,-2.047225576923033,0.010000000000000009,1.4942647919588208,-0.5199999999999996,1.0189423930688744,-2.8933317363435354,-0.034635488544119575,-1.3914796409659598,-0.002158142322316703,-3.3511828187320805,-0.023107171640507573,-2.892729183460554,-0.011262072372698606,-3.3016991976247354,-0.042909260470497035,-3.6543183754620516,-0.06641420517141483,3.1751123773243535,1.8999999999999995,2.07,3.106067087249769,0.5699999999999998,1.0,1.8372897699641177,-0.472,0.589041095890411,0.5342465753424658,0.0833333333333333,0.013888888888888895,-0.6027397260273972,-0.9452054794520548,-0.0547945205479452,-0.040905631659056405,0.8387199069030284,0.0053553780070455526,68.27835814672765,0.0
2009-02-28,-0.05264969022222965,-0.05321435161884125,-0.4017990551755908,-0.35669921555398987,-0.2627749346606275,0.0,-0.0743110036801391,-0.44794016088441935,0.1316260682422798,0.2550227031022249,,-0.17271147202972315,0.1194971204108819,-0.304854908285637,0.03439491236283687,0.05947855336695396,0.024249578864245835,-0.0008191358940605742,0.01723360726793577,0.09601597048996169,1.869473002258024,1.5099899999999948,-8.930010000000003,,,,1.1720829629941236,3.7000122000000033,-47.3999939,,,,1.8435965539375534,-0.8799999999999999,-1.6657240524014554,0.0,-1.7077554980910954,0.08999999999999986,-0.09226136910375014,-0.54,-1.2087540549220233,2.8200000000000003,-1.8515957068265836,0.6299999999999999,-1.882997101298614,-0.30000000000000004,1.5031261820026243,0.08999999999999986,0.2708366050137639,-2.5323650884493167,-0.034635488544119575,-1.360975885294557,-0.002158142322316703,-2.8421786075441124,-0.023107171640507573,-2.5420776374890655,-0.011262072372698606,-2.8117020725671913,-0.042909260470497035,-3.034385875163801,-0.06641420517141483,2.726747138858938,1.5,2.07,2.6832708479525524,0.5699999999999998,1.0,1.6444623903665374,-0.843,0.2191780821917808,0.0136986301369863,0.0547945205479452,0.0131278538812786,-0.1506849315068493,-0.2191780821917808,-0.1095890410958904,-0.1095890410958904,0.842221824180319,0.021630791322563403,68.27835814672765,0.0
2009-03-31,0.10316114751962058,0.021184135426503437,-0.21833482442516183,-0.30337071593394827,-0.14191898023652483,0.0,0.0,-0.390989034381759,0.2865196851379553,0.32327975318019764,,-0.11248230033876527,0.1336664357652687,-0.20378517284120434,-0.019515083357587892,-0.06471156029524028,-0.04609604510023857,-0.010993585798291683,0.0515939390957838,0.04833835005915854,1.5820030559515263,-2.2099899999999977,4.140000000000001,,,,0.13775140616683748,-49.30000305,-72.69999695,,,,2.0231386098302155,-0.08000000000000007,-1.6674211845561573,0.050000000000000044,-1.9608877843035606,0.45999999999999996,-1.370915451012828,-0.7100000000000002,-1.0142206266510008,0.99,-1.2692610715361776,1.17,-1.768649339722013,0.01999999999999999,1.2799175358090042,0.4099999999999999,0.5631685625217325,-2.8061520161677347,-0.03528259105539777,-3.03171978830182,-0.00545401731452011,-3.0510292776784715,-0.024516339438921952,-2.31112607283489,-0.010716742331034146,-2.3937452858772286,-0.03360734720269343,-2.4035471186338615,-0.041639183321080964,2.4098291556745255,1.2000000000000002,2.07,2.382775245960458,0.5699999999999998,1.0,1.4637717377337038,-0.8420000000000001,0.7671232876712328,0.09589041095890405,0.1643835616438356,0.0810502283105023,0.5342465753424658,-0.136986301369863,0.0,0.0,0.8586840002179147,-0.0006465057361155768,68.27835814672765,0.0
2009-04-30,0.13060648740785874,0.18157428985985313,0.045513378241153646,-0.27061091358504874,0.0005032351569784765,1.0,0.0,-0.3114482513694923,0.3423830909346677,0.32465865400952293,,0.06297469778373022,0.11859959207612292,-0.09015656864088173,0.005511620438823472,-0.02112202018324727,-0.026487650744849045,0.004109028452993879,-0.016895545297038184,0.021355864225122145,0.9462570310627749,-7.640000000000001,-8.340000000000003,,,,0.24847947606031803,6.899993899999998,-38.69999695,,,,1.4684598984908455,-0.2999999999999998,-1.5002756061878557,-0.029999999999999916,-1.284488620496194,0.29000000000000004,-0.7768583836973978,-0.040000000000000036,-0.8828152641039958,0.43999999999999995,-0.9229934064885421,0.33000000000000007,-1.6249772492602437,-0.03,1.5787549308030138,0.31999999999999984,0.7172921092961084,-2.4678262173406615,-0.008735639425205388,-2.664370407856777,-0.006098238136489353,-2.6409467049825803,-0.006824583819824537,-2.109547137044356,-0.0002749171809870443,-2.157249140564456,0.0043643679635195776,-2.1756105787839353,0.015996693866223488,2.1696914893998303,0.7999999999999998,2.07,2.152893858765964,0.0,1.0,0.956415263271404,-0.6750000000000003,0.9041095890410958,0.31506849315068486,0.547945205479452,0.4646118721461187,0.2328767123287671,0.8356164383561644,0.0136986301369863,0.0684931506849315,0.8715687428930188,0.03284883598999033,68.27835814672765,0.0
2009-05-31,0.032088681372006045,0.2872634738997324,0.21876258277354088,-0.2893535336995503,0.06335805016505947,1.0,0.0,-0.22995777367522885,0.17612666028743323,0.24481817124843816,,0.26055471451257217,0.02670875938716022,-0.004154265173416438,0.023455012844390666,0.056535527624258286,0.03232239264521275,0.010801699526539421,-0.09840014544132347,-0.04824962276869782,0.3446142105484955,-7.579999999999998,-17.429989999999997,,,,1.050478191012038,41.19999695,-1.2000122000000033,,,,0.887188990655673,-0.9299999999999997,-1.4061030216651333,-0.07999999999999996,-0.8243483742146382,0.4500000000000002,-0.7738779559896,-0.3900000000000001,-0.363125725684545,0.7800000000000001,-0.38102212311444567,0.8400000000000001,-1.5226894382584293,-0.03,1.7788016487979466,0.5300000000000002,0.2931637574949375,-2.2008851794586253,-0.008438334599212616,-1.0959964065923693,-0.0007322214136018523,-2.516379494106046,-0.009286999431490695,-2.97844998279614,-0.02014795884466969,-2.601071077512646,-0.03568715357995467,-2.0316639903736955,0.013092718372053058,3.1888593085379657,2.5,3.53,3.3529888535753303,1.46,1.0,0.47977646133672147,-1.1020000000000003,0.7671232876712328,0.547945205479452,0.6575342465753424,0.6027397260273972,0.4794520547945205,0.6301369863013698,0.0,0.1095890410958904,0.8778326818796173,0.03561085769929828,68.27835814672765,0.0
2009-06-30,0.029527467263161356,0.20134135159142663,0.2267907294769982,-0.19054690704497068,0.12700586719975115,1.0,0.0,-0.20722037704617235,0.1996461181052175,0.24416180921312797,,0.1628470544103815,0.038494297181045134,0.03258496361091545,0.016551469895095927,0.08197853966991597,0.06436178758520894,0.032983875033673726,-0.06864086640234845,-0.047393472646385715,0.12175966371418656,-2.5700100000000035,-17.790010000000002,,,,0.936459233151964,-2.8999938999999983,45.19999695,,,,0.4179503180930613,-2.1,-1.2172627458520267,0.30000000000000004,-0.6992910124159827,0.8199999999999998,-0.5025891955614809,0.3500000000000001,-0.35132705516963386,0.6100000000000001,-0.42548554228366725,0.47,-1.414568890468398,0.06,1.530673269247966,0.52,0.21390865653457022,-2.22989571446406,-0.004097065888791884,-1.2645896543661999,0.00450405991668279,-2.4617037148732677,-0.005678804299887541,-2.666801923266705,-0.021146253238816803,-2.366199753657684,-0.04351553981552969,-1.8853377954949457,-0.00390677479474133,2.961967718464149,2.9000000000000004,3.73,2.9987570145756006,1.6600000000000001,1.0,0.22134172351270825,-1.269,0.684931506849315,-0.0821917808219178,0.7945205479452054,0.6301369863013698,-0.273972602739726,-0.8082191780821918,0.0,0.0,0.8591920582980468,0.0005080580801321011,68.27835814672765,0.0
2009-07-31,0.08438702580969437,0.1522302319537976,0.3614456180758623,-0.12783919954683698,0.2194337630494947,1.0,0.0,-0.1403200625425679,0.10724968822849588,0.2280015119893086,,0.1366776796552127,0.015552552298584876,0.12835670715482528,0.024179265292885832,0.10151685100052088,0.07551176666862025,0.05882725670455158,-0.07332103233742593,-0.0615361211629013,0.0656519697876245,-0.42998999999999654,-10.579999999999998,,,,0.3972283757920877,-24.0,14.30000305,,,,0.032737140340580485,-1.9700000000000002,-1.1407516693425537,0.21999999999999986,-0.669702486158429,0.3599999999999999,-0.6144010560685512,0.020000000000000018,-0.34082071803158004,0.5000000000000001,-0.30053320638641656,0.3400000000000001,-1.3492310519280966,-0.020000000000000018,1.4085619586106997,0.14000000000000012,0.34418523532430667,-1.6176239572545024,0.0041182420923240315,-0.9379996234498361,0.0054717898455918235,-1.8489621891930013,0.00020816587279703924,-2.5159252383102535,-0.024468681077570276,-2.179398990552689,-0.04671298983417971,-1.538564599849469,0.01025732345239716,2.6340810815493527,2.2,3.9,2.728154658367037,1.83,1.0,-0.053849563230238526,-1.033,0.9315068493150684,0.0273972602739726,0.958904109589041,0.410958904109589,0.0547945205479452,-0.1780821917808219,0.0547945205479452,0.0410958904109589,0.8754831127738126,0.003914369880793855,68.27835814672765,0.0
2009-08-31,0.014702154658651656,0.1328198052439844,0.45823755780078956,-0.1276809151451287,0.2101212206370744,1.0,0.0,0.0,0.12716400689722873,0.1625127831806626,,0.11357395969877682,0.019245845545207585,0.15993250593464303,0.029370522765012286,0.09067806233713349,0.059558281703503635,0.04394516616552391,-0.007410394716943047,-0.04875780523448903,0.04369062588151093,0.08998999999999668,-2.9100100000000033,,,,0.1938536028878722,-7.800003049999987,-34.699996949999985,,,,-0.0811215112301926,-1.31,-1.1760973168927356,0.04999999999999993,-0.7925379259281062,-0.07000000000000028,-0.4779747655158704,0.09000000000000008,-0.4938322605649879,-0.24,-0.535418945119623,-0.16000000000000014,-1.2857673351985868,-0.04000000000000001,1.3689075770432588,-0.12000000000000055,0.3778269335283038,-2.3557424502734863,-0.013824365793855709,-1.9656438280902206,-0.004052273234264936,-2.409997245967181,-0.00898435238019235,-2.262324902571648,-0.004665260977206986,-1.793615916900132,0.007952387120392923,-1.3615356684539335,0.018709081212095358,2.3423733090978605,2.2,3.8,2.347600580387257,0.27,1.0,-0.2790670975140222,-0.7509999999999999,0.863013698630137,0.09589041095890416,0.9315068493150684,0.273972602739726,-0.7162162162162162,-1.1956682710107367,0.0,0.0,0.8844299117149389,0.006597229835321627,68.27835814672765,0.0
2009-09-30,0.0564737725114246,0.16246962929824615,0.3965228356451398,0.09161326751882903,0.2290572411755718,1.0,0.0,0.0,0.12149073244547305,0.14961617948192513,,0.15381478351057698,0.008654845787669174,0.1772567977909778,0.0372354133970727,0.07867244816203689,0.03994949866708919,0.03239146619241273,-0.030715523520104426,-0.05712027616500992,-0.01806023518207814,-0.3999999999999986,-0.7399999999999984,,,,-0.21039578796994796,-16.899993900000013,-48.69999695,1.0410000160093775,,,-0.1887792530747485,-0.7800000000000002,-1.1257092764983343,-0.16000000000000014,-0.8706047447057684,-0.21999999999999975,-0.863090406561546,-0.21999999999999997,-0.23967529102433616,0.030000000000000027,-0.33366233970997594,0.0,-1.2498423946333042,-0.15,1.225669604386117,-0.05999999999999961,0.09439107279457687,-2.068957812226746,-0.007968499632879045,-2.3028063752956633,-0.005198403496484483,-2.1330299495918985,-0.004970268029392155,-1.9820792164148588,-0.001411283357014459,-1.4804595692718774,0.025130664436237904,-1.17370144177973,0.02713817614218328,2.117922371800711,2.2,3.8,2.1234747223014874,0.06999999999999984,1.0,-0.42969605216080725,-0.629,0.7397260273972602,0.0547945205479452,0.9315068493150684,0.136986301369863,-0.1081081081081081,0.1658644946316179,0.0684931506849315,0.0684931506849315,0.9043707424771616,0.04517868417911486,68.27835814672765,0.0
2009-10-31,-0.030532307657391122,0.039275389792351456,0.19748452344431455,0.251986089497763,0.1534998818322435,1.0,-0.030532307657391122,-0.030532307657391122,0.150738731753998,0.13464812912390622,,0.05306744094397242,-0.013792051151620965,0.13577103552335124,0.026505123073405246,0.02578889201456036,-0.0006977374420698013,0.012945413963423524,-0.02612735650375886,-0.06223076006012551,0.35270236504549457,5.080000000000002,4.76999,,3.3099999999999987,,-0.25691528620354165,-0.3000030500000008,-25.0,0.9472143848857558,,,-0.21595203474937882,-0.25,-1.0974380852859011,-0.22999999999999987,-0.6852956115147515,-0.10999999999999988,-1.1200163825790022,-0.30000000000000004,-0.0031182349220199666,0.29000000000000004,0.07958073671723326,0.18999999999999995,-1.1650441431866685,-0.06999999999999999,1.3137241113338547,0.1200000000000001,0.10202903057352078,-1.340589533100257,-0.003283619887238576,-1.8868406863528322,-0.00498174521127237,-1.388841358424322,-0.0006423193330973298,-1.6971505574319752,0.005286928233463661,-0.6992826913714186,0.07756865847178995,-0.48800913389704403,0.05409736364373008,2.0800274567035637,2.500000000000001,3.57,1.7950764866391393,-0.33000000000000007,1.0,-0.5510503805181262,-0.45499999999999996,0.2432432432432432,-0.6882636060718252,0.8356164383561644,-0.12328767123287665,-0.945945945945946,-1.0007404664938913,0.0,-0.0547945205479452,0.886520274592655,0.0110371618188424,68.27835814672765,0.0
2009-11-30,0.06347630293175555,0.08923071089381507,0.23390212178049818,0.5038337368309522,0.178237930612813,1.0,0.0,0.0,0.18142057371495524,0.1422963968710683,,0.07811820985858398,0.011112501035231093,0.16913586448941298,0.02716922674368827,0.03229642566080493,0.004991581507334253,0.009164795272037951,-0.04779075672930433,-0.06562176843626588,-0.18822870550309592,-6.180000000000003,-1.5,,-5.079999999999998,,-0.9093733028024967,-27.400001529999997,-44.59999848000001,1.0705838721272427,,,-0.15253707114888268,0.010000000000000231,-1.1807322754128875,-0.29999999999999993,-0.9208931466558724,-0.18999999999999995,-1.5978102021928813,-0.6300000000000001,0.14125431140208744,0.6299999999999999,0.2190430377893246,0.44000000000000017,-1.0951456382976288,-0.01999999999999999,1.280807283067085,0.11000000000000032,-0.02858126353745274,-1.1397431574952048,0.017347927095619387,-1.1379468112438753,0.0018563387861567637,-1.096165937765012,0.014793944354984712,-1.639312436175504,0.003999160093867915,-0.6203475807848523,0.06544208424909681,-0.29140463277471734,0.058941420447703674,1.9980237265215648,1.0,3.57,1.6669073390928557,-0.22999999999999998,1.0,-0.6171511964548773,-0.279,0.5,-0.363013698630137,0.9178082191780822,-0.013698630136986245,0.0533333333333333,0.7695495495495496,0.0547945205479452,0.0547945205479452,0.8764955139333233,-0.007934397781615643,68.27835814672765,0.0
2009-12-31,0.05213869330466947,0.0847612185798412,0.2610019716396217,0.5469855286597045,0.18087702502216496,1.0,0.0,0.0,0.17776757104166624,0.14328820614996868,,0.06108679119532612,0.023674427384515084,0.14356173335830613,-0.003996775358916738,-0.006515355558747493,-0.002528686792895196,0.0012166153892685383,0.008706016479245404,-0.017517117108022617,-0.4585122910377117,-2.8299999999999983,-3.9299999999999997,,-3.080000000000002,-4.850000000000001,-0.44861978476084524,21.400001529999997,-6.300003050000001,1.1019377776465764,,,-0.5053163986282552,-0.31999999999999984,-0.8295280848555348,0.18999999999999995,0.03305101158051115,0.54,-0.8296635427775427,-0.08000000000000007,0.5028175886479561,0.7599999999999998,0.6831211039067321,0.6200000000000001,-1.073574850708928,-0.020000000000000004,1.39395801004918,0.34999999999999964,-0.21505303962496744,-1.0906826495291817,0.01588643164942738,-1.0801756525057629,0.0038644258545810217,-1.046309542266013,0.0139962486924059,-1.534255729463744,0.0020183940488095464,-0.5837895190168529,0.051727825205307276,-0.26256692938921355,0.05151512481818665,1.8405762222168014,0.5999999999999996,3.57,1.5570733583534897,-0.22999999999999998,1.0,-0.7438007736733898,-0.25,0.8108108108108109,0.07108478341355062,0.9178082191780822,-0.013698630136986245,-0.8266666666666667,-0.7185585585585585,0.0136986301369863,-0.0547945205479452,0.8865338411052733,-0.017836901371888314,68.27835814672765,0.0
2010-01-31,-0.06469967195994464,0.046530515247232174,0.08763340916315743,0.48075373897809204,0.0697129298136594,1.0,-0.06469967195994464,-0.06469967195994464,0.2458000224947151,0.18247775122240117,,0.04256801106323005,0.003962504184002125,0.07003430109781505,0.007859843337587602,0.010914310875971056,0.0030306471267556034,-0.0008156816591139426,0.04144167758846673,0.010400017293096253,-0.24794034855378405,2.940010000000001,-6.069990000000001,,4.150000000000002,-4.009999999999998,-0.9921348360627403,-21.19999695,-27.19999695,1.0308692120227456,,,-0.5130882754766344,-0.29000000000000004,-0.9951645105561382,-0.08000000000000007,-0.248994937273504,0.21999999999999975,-1.136359696514374,-0.10999999999999988,0.3112893731848259,0.2999999999999998,0.625119748360126,0.33000000000000007,-0.987855525078364,0.009999999999999995,1.4336819466426554,0.2999999999999998,0.11447721262376213,0.3542848955192193,0.033367158096758054,-0.7236546124987372,0.0037894236289230943,0.21588805386646218,0.024544660123217432,-1.112011360533287,0.006985349058504453,0.17240689982462815,0.05019017229528566,0.9849957704365646,0.08674939244952462,1.6654538721640628,0.40000000000000036,3.07,1.1399709411379981,-0.5,1.0,-0.8513914324235791,-0.232,0.2162162162162162,-0.027027027027027,0.7808219178082192,-0.0547945205479452,-0.5466666666666666,0.3992792792792794,0.0,0.0,0.8954458641924695,0.008925589599814487,68.27835814672765,0.0
2010-02-28,0.046038804734526595,0.029370871987988156,0.12122236666886255,0.6350085657228235,0.09003403574193158,1.0,-0.021639562789169786,-0.021639562789169786,0.22782195881383946,0.1875585738514448,,0.01270142382352657,0.016669448164461587,0.07692347376550157,-0.0029612528327925824,-0.003419900995928926,-0.0004600103701479785,0.0015022780303117766,0.07155048269241027,0.027309439225216448,-0.7158274874908728,-5.120000000000001,-5.009989999999998,,-6.02,-4.949999999999999,-1.135639577728119,-5.100006100000002,-4.9000015200000036,1.11025641025641,,,-0.5065446742766689,-0.3700000000000001,-0.9543707294188019,0.14,-0.2439812534404762,0.3999999999999999,-0.723519737349754,0.3500000000000001,0.2524124127686313,0.08000000000000007,0.31353267251729466,0.04999999999999982,-0.9345992835650041,0.0,1.3623079919404806,0.2599999999999998,-0.14080398151013349,0.35005330017016045,0.03038091417408706,-0.680465644639165,0.0011093859884632185,0.21941695557918592,0.02076333029979094,-1.052676440042353,0.008342738761419555,0.1958680044392682,0.04770289110688042,0.9900611878150317,0.07635755338002326,1.5565520726043212,0.40000000000000036,3.07,1.0779806035080146,-0.5,1.0,-0.8902427971836603,-0.20299999999999999,0.4533333333333333,-0.04666666666666669,0.7945205479452054,-0.12328767123287676,0.12,0.0666666666666667,0.0405405405405405,-0.014253980007404701,0.9031525848110084,0.026657070877685096,68.27835814672765,0.0
2010-03-31,0.0771197820414804,0.05381138088653681,0.1431337176837848,0.5964123409413298,0.13814335710146253,1.0,0.0,0.0,0.2582316591908495,0.19899118015821243,,0.05421936211523115,-0.00040798122869434295,0.11389337761312612,0.016094169007702108,0.02424111688925712,0.008017906341802217,0.0071737560975215775,0.03745183662984841,0.030720251121305164,-0.8999627623672141,-1.9100000000000001,-4.08999,,-1.4600000000000009,-3.3299999999999983,-1.0630134331086714,4.100006100000002,-22.19999695,1.1324616259238205,,,-0.6460814155453177,-0.06999999999999984,-0.7637483436039274,-0.11999999999999988,0.1506023060753413,-0.010000000000000231,-0.4436162331792396,0.1200000000000001,0.2734777865963658,-0.2999999999999998,0.5045741690283196,-0.1299999999999999,-0.9076108922858579,0.039999999999999994,1.3246794323815756,0.10999999999999988,0.051176398602459414,0.3435683208614788,0.030409296656419005,-0.7693516774664404,0.0006576169438623491,0.43623076294651403,0.024418350845092807,-0.9783652628149908,0.008772855857090978,0.5460286981096952,0.06876839729002204,1.3556909275092666,0.10172343107079851,1.4597597089520322,0.40000000000000036,1.53,-0.02177549361312749,-2.04,1.0,-1.06684173328357,-0.256,0.88,0.06918918918918915,0.9041095890410958,-0.013698630136986356,-0.5066666666666667,0.31999999999999995,0.0405405405405405,0.0268419104035542,0.8938999816448403,0.007366140539566968,68.27835814672765,0.0
2010-04-30,0.022373338898230344,0.1519173336586097,0.20551664071596254,0.44358752001194524,0.12893497802718246,1.0,0.0,0.0,0.09511313747786118,0.17710613906846667,,0.11092444158591475,0.040992892072694964,0.10161279167783399,0.011669903230587142,0.030911242890463653,0.01901938527422109,0.012781745092954155,0.030253454481387276,0.04166216025356384,-0.5288020900047898,4.459990000000001,-2.57001,,3.7399999999999984,-3.740000000000002,-1.1044126297424743,0.19999694999999917,-0.8000030500000008,1.0734698745895124,,,-0.7427486801901275,-0.18999999999999995,-0.7595764635779139,0.15000000000000002,-0.04778161162968064,0.06000000000000005,-1.0284772132435678,-0.010000000000000009,0.46314502028973165,0.09999999999999987,0.7686249282942729,0.06999999999999984,-0.8089781325674281,0.08000000000000002,1.1637165416587019,-0.0900000000000003,-0.01179579597584197,0.34329100633443854,2.8382482331945624e-05,-0.7247757624785773,-0.0004517690446008693,0.43847016263472977,0.003655020545301868,-0.9258622315620477,0.00043011709567142287,0.56634790693754,0.021065506183141625,1.3163311886882232,0.02536587769077525,1.3740739138485751,0.09999999999999964,1.53,-0.05210245322219027,-1.5399999999999998,1.0,-1.1143256282715626,-0.20600000000000002,0.68,0.4637837837837838,0.8493150684931506,0.06849315068493145,-0.8133333333333334,-0.2666666666666667,0.0135135135135135,0.0135135135135135,0.8982012994742384,0.0027554352817689143,68.27835814672765,0.0
2010-05-31,-0.07387641548156654,0.01986446897404992,0.04981877773738419,0.2953736173351673,0.030645660030301114,1.0,-0.07387641548156654,-0.07387641548156654,0.2648057398223356,0.22098572078580042,,-0.008310048171697448,0.02817451714574737,0.0029360290297182345,0.020589997819304484,0.012291255431437387,-0.008131318556520384,-0.009758058861372376,0.07613050944476263,0.08910018260814812,0.34608560890116713,10.019999999999996,12.569989999999997,,9.55,11.829999999999998,-0.48073225943398584,26.599998470000003,30.900001520000004,0.9978175858489511,,,-0.37792414324624535,0.27,-0.8908596071128088,-0.050000000000000044,-0.63011093483015,-0.2999999999999998,-0.9185121891171695,-0.15999999999999992,0.1699009012018067,-0.14000000000000012,0.11458262987998999,-0.1399999999999999,-0.7737531816417632,0.06,0.9263523717687785,-0.25,-0.21051767315441225,0.06127424164057073,-0.006073523706779271,-2.7871697628393886,-0.008561628827420398,0.3388869436243275,0.0019240416219659107,0.1544210381257969,0.024456926485455055,1.4975005270808048,0.0813243347513053,1.4265057276025894,0.035754779940095016,1.296776958137374,-0.09999999999999964,1.2,-0.31817716289170744,-1.8699999999999999,1.0,-0.8465574273999908,0.091,0.2133333333333333,-0.24000000000000002,0.581081081081081,-0.2134394668641244,-0.6133333333333333,-0.7333333333333333,0.0266666666666666,-0.013873873873873902,0.8958102958402306,-0.007342288970777711,68.27835814672765,0.0
2010-06-30,-0.061596107153371604,-0.1114778469231088,-0.06366524291776243,0.1807199747954078,-0.039165185847187645,0.0,-0.13092202303082856,-0.13092202303082856,0.18147004745147108,0.22719784251576042,,-0.11357822161227593,0.0021003746891671282,-0.05129467172532609,0.03870705091841242,0.03871580192601609,8.424904400117228e-06,0.0036011723754514335,0.048776864415172705,0.05894205793456542,0.537785180241024,2.470000000000006,16.949990000000003,,3.530000000000001,16.82,-1.1052426077032005,-22.400001520000004,4.399993899999998,1.0199771337513415,,,-0.26534703711036217,0.6099999999999999,-0.9966534415910703,-0.41000000000000003,-1.1948434488966067,-0.8699999999999997,-1.2296787171987096,-0.4500000000000002,0.04439497076632084,-0.29000000000000004,-0.14140709741697047,-0.42000000000000015,-0.7919458746020079,0.0,0.6465130706084894,-0.4599999999999995,-0.2660372480945733,-0.001558461029914451,-0.007603662779770426,-2.6411607905035583,-0.009023117044489437,0.27741881213395747,-0.002795610064070031,0.30925645128459867,0.02669977091097686,1.617006316057381,0.07101525369060357,1.2605504543656842,0.001521536587160588,1.2264447412575539,-0.09999999999999964,1.2,-0.349364372345463,-0.33000000000000007,1.0,-0.7894437788253283,0.33,0.0533333333333333,-0.8266666666666667,0.3918918918918919,-0.512217697149204,-0.8157894736842105,-0.3091228070175438,-0.0266666666666666,-0.0672072072072071,0.8885174842473944,-0.005382497397445896,68.27835814672765,0.0
2010-07-31,0.07258228206419681,-0.06784236017067058,0.07376854302170388,0.16786654109885224,0.021929773912483075,1.0,0.0,-0.06784236017067058,0.281441987601204,0.2295176687647806,,-0.06748105215295075,-0.00036130801771983023,0.007785482758051465,0.03749189932410579,0.040786685446237536,0.0031757222627744053,0.012362921669456517,-0.0039943322014022176,0.013716546259931794,-0.5115259886512951,-11.039990000000003,1.450009999999999,,-10.620000000000001,2.460000000000001,-1.3818530337059831,-11.5,-7.300003050000001,1.1548936170212767,,,-0.4416205916622986,0.5300000000000002,-1.0368153312524617,-0.41999999999999993,-1.2155899980221618,-0.75,-1.192954531412456,-0.15000000000000013,-0.044689229985583986,-0.5799999999999998,-0.1508403427096482,-0.5999999999999999,-0.7057787266756061,-0.020000000000000018,0.6528350604147325,-0.33000000000000007,-0.09317634101109028,-0.4257556749146249,-0.01695400777372935,-2.207200373378165,-0.008282958865053702,-0.08340385249702024,-0.008930014997163171,0.6374734404971275,0.03313686496634882,1.8403810092325206,0.09149000647858474,0.8412619429076317,-0.02536850335844343,0.9450915365136607,-0.5,0.43,-0.940731288396418,-1.1,0.0,-0.9859556342254124,0.18800000000000003,0.7066666666666667,0.026666666666666616,0.581081081081081,-0.2682339874120696,0.1447368421052631,0.9580701754385965,0.0,-0.0135135135135135,0.895094524351484,-0.0031067751227544793,68.27835814672765,0.0
2010-08-31,-0.051298624616100685,-0.04511746621749857,-0.026149231751314006,0.09190326315808162,-0.036285624835014296,0.0,-0.051298624616100685,-0.11566076501930567,0.25867492077725346,0.23780786192431533,,-0.032529355662708315,-0.012588110554790255,-0.040363582618741733,0.039588532574030166,0.08470458437357054,0.04339798909462056,0.02214167371294451,-0.045767807585568865,0.01806239737274229,-0.27700221480930487,2.5500000000000007,-6.019989999999996,,2.9299999999999997,-4.16,-0.691363451560774,25.5,-8.400001520000004,1.1147792706333972,,,-0.38610147983637255,0.11999999999999966,-1.0985456307466137,-0.29000000000000004,-2.001140205199446,-0.8399999999999999,-1.5257797297226783,-0.3700000000000001,-0.2635433215434933,-0.5,-0.5878045224843614,-0.47,-0.6526271061569489,0.01999999999999999,0.015520956468981637,-0.5499999999999998,-0.18150837048021978,-0.3136349187332587,-0.008659922720483326,-1.9947008105655382,-9.75496300572587e-05,-0.033558748718142566,-0.006447323582905895,0.7532207600769919,0.011020976518202441,1.6494773129647546,0.02318803448892992,0.8143988724241373,-0.03698335660223018,0.8945138700040117,-0.5,0.13,-1.168123166386859,-1.0699999999999998,0.0,-1.0122767670600514,-0.14200000000000002,0.3066666666666666,0.0933333333333333,0.3648648648648648,-0.21621621621621623,-0.1428571428571428,0.4704761904761905,-0.0933333333333333,-0.1199999999999999,0.89586394621139,5.365037115934168e-05,68.27835814672765,0.0
2010-09-30,0.13171754528969748,0.15159082929013423,0.023213963104472546,0.16967038162957482,0.07673067449623283,1.0,0.0,0.0,0.3235378705612982,0.28873347397990284,,0.11161729982132917,0.03997352946880506,0.03955768328119813,0.021604165868581937,0.05506719464006582,0.03275537619116209,0.021188457527808735,-0.07823787714245245,-0.04030007214218034,-0.5224802121502834,-2.3500000000000014,-10.839990000000004,,-2.4899999999999984,-10.18,-1.1587018965724123,-18.599998479999996,-4.5999984799999964,1.1139240506329113,,,-0.3850135101285136,-0.03000000000000025,-1.1440282993599051,-0.19,-1.8070134200741907,-0.4400000000000004,-1.8342321055381134,-0.3999999999999999,-0.1316046996140366,-0.24,-0.1284592087165614,-0.040000000000000036,-0.6589661773285225,0.06,0.13486345966466895,-0.25000000000000044,0.11250959509547345,-0.305876050465195,-0.007158166129824117,-1.8344651319887526,0.0008157076316126499,-0.02955938299584848,-0.005382692442171821,0.7811498982394415,0.008348014997009212,1.584537346534556,0.012431609366490015,0.8061522096704689,-0.028115990940071,0.8462626725894723,-0.5,0.13,-1.1696426095654286,-1.0699999999999998,0.0,-1.0331717350490544,-0.265,0.8289473684210527,0.7756140350877193,0.6933333333333334,0.30144144144144147,-0.3376623376623376,0.4781271360218729,0.0133333333333333,0.0399999999999999,0.8932374224819709,0.004719938234576504,68.27835814672765,0.0
2010-10-31,0.06337842600160482,0.14170899885807686,0.06425276574745142,0.28297441903653997,0.12845119932254567,1.0,0.0,0.0,0.3203622312646602,0.29970739752454406,,0.08029830829419593,0.06141069056388093,0.07086158078817117,0.01447944515943389,0.03053998643613176,0.01583131265333204,0.013745543781082503,-0.05240437091453165,-0.04970869917609266,-0.7760303796983989,-2.5,-2.3000000000000007,,-2.7200000000000024,-2.280000000000001,-0.7836830574748452,14.700004579999998,21.6000061,1.0825471698113207,,,-0.33296072000504695,0.23999999999999977,-1.2591072183393748,-0.21000000000000002,-1.5513942431651038,-0.31000000000000005,-2.1603028270439166,-0.6399999999999999,0.07242485748843988,0.050000000000000044,0.4752223827809384,0.32999999999999985,-0.5917773791151177,0.020000000000000018,0.4011875067669558,-0.09999999999999964,0.4331631142275336,-0.38555580881251766,-3.2483468354493894e-05,-1.9590430950863975,-0.0013581193515765921,-0.13928138322521494,-0.0014266752670188954,0.9328146258125897,0.004530683579779815,1.3488138399035094,-0.022046460426980108,1.1227496470476908,0.02098157385229249,0.8456244702531656,-0.40000000000000036,0.03,-1.2361611702557127,-0.4,0.0,-1.122594890146769,-0.19699999999999998,0.8701298701298701,0.16346320346320342,0.7733333333333333,0.1922522522522523,0.2857142857142857,0.1409774436090226,0.2,0.2,0.8829545848790042,-0.01213993947247971,68.27835814672765,0.0
2010-11-30,-0.0018202380371888927,0.2012534674041071,0.14705595466984933,0.2042008803278894,0.10367121039176719,1.0,-0.0018202380371888927,-0.0018202380371888927,0.2313155446284316,0.2645623064944331,,0.13120299805530644,0.07005046934880066,0.05881078993280875,-0.006770627916862448,-0.014258521131553903,-0.007538936548953212,1.8537415277686264e-05,-0.01608056033542582,-0.003510020741031683,-0.5511157444926653,2.3399900000000002,-2.510010000000001,,3.150000000000002,-2.0599999999999987,-0.7011196169798981,2.0999984799999964,-1.799995420000002,1.0700939125292748,,,-0.46128864861825164,0.020000000000000018,-1.08845486253615,-0.019999999999999962,-1.1249576220124502,0.33999999999999986,-1.5577373626817799,-0.20999999999999996,0.15492265385090553,0.3500000000000001,0.3891482301422448,0.5499999999999998,-0.5707576833369691,-0.009999999999999981,0.49394846876983656,0.3599999999999999,0.1603197634868994,-0.3374389410788015,-0.0017408333155064515,-2.161961810995727,-0.0035503557519287465,-0.15263089535742372,-0.002789702111628989,1.1255558710202669,0.00618835688980468,1.23840029010982,-0.019867552982086867,1.1154678297600917,0.022831632231544496,0.7525998869082852,-0.5,0.07,-1.199555683637942,-0.06,0.0,-1.1095171546766711,-0.18,0.6363636363636364,0.32969696969696977,0.7866666666666666,0.4218018018018018,-0.4545454545454545,-0.3116883116883117,0.0,0.0933333333333333,0.8869769366528273,-0.008887009558562697,68.27835814672765,0.0
2010-12-31,0.047677763967994835,0.11205004457766665,0.28062663304732594,0.1990952273674118,0.13219246443639854,1.0,0.0,0.0,0.11787645043215546,0.21953314868773924,,0.10760606890368973,0.004443975673976919,0.11243876532274588,-0.013557947505222323,-0.026122785260194736,-0.01273753255266763,-0.003940875357175799,0.012037701055219951,-0.028514670377491114,-1.0888371296705153,-5.7899899999999995,-5.949999999999999,,-5.91,-5.48,-0.4517434318333732,8.5,25.300003059999995,1.1774647887323944,,,-0.7906129101611814,-0.36999999999999966,-0.8485271495011522,0.19,-0.09895087065739695,0.77,-0.9898171236808769,0.25,0.47010176022969,0.53,0.7838332782649025,0.5199999999999998,-0.5970990682007247,-0.01999999999999999,1.1501813144788469,0.5800000000000001,0.009984970579317255,-0.17969791312881322,0.000822570515281118,-1.7540148393281445,-0.002103650294810633,0.0076147784003801665,-0.0007710322031941885,1.1873501732887672,0.007180199179191993,1.2274902269127814,-0.01894790153683057,1.2373063351769622,0.0325000373182911,0.902662298811246,-0.09999999999999964,0.13,-1.1498301997413627,0.0,0.0,-1.0959750559816535,-0.172,0.7792207792207793,-0.0497265892002734,0.8666666666666667,0.17333333333333334,-0.4025974025974026,-0.06493506493506501,0.0263157894736842,0.0129824561403509,0.8906849430886574,-0.0025524793933134893,68.27835814672765,0.0
2011-01-31,0.028277446194485245,0.07534246691314839,0.22772817132898537,0.3182958897546253,0.1448380784189216,1.0,0.0,0.0,0.0863978602550757,0.21442891214149257,,0.09170784874152327,-0.01636538182837488,0.12496321781687847,-0.01589117312242505,-0.02319419012182533,-0.0074209445133945895,-0.004086175228243394,0.011220976885046419,-0.03638603756877201,-0.890342795366419,1.7800000000000011,-1.6699999999999982,,2.3099999999999987,-0.4499999999999993,-0.7818278110916506,-14.200004579999998,-3.6000061000000017,1.0317460317460316,,,-0.7796409121405881,-0.46999999999999975,-0.846070344289431,0.23999999999999994,0.16497684926817743,0.79,-0.8129098668753654,0.5800000000000001,0.6130011728800016,0.48,0.8523651495886099,0.20999999999999996,-0.5203739500828437,-0.03,1.4024288008349772,0.5499999999999998,-0.19233226844656673,-0.14241326477357932,0.0031948077498475946,-1.7679128883906636,-0.0015249218336976789,-0.014076746538944118,0.0005811690092965005,1.3144811181778044,0.007143777520515204,1.215057494961395,-0.003504816363937957,1.1305657669321816,0.0046255347556736215,0.6074210966118684,-0.09999999999999964,0.1,-1.1659099547231682,0.07,0.0,-1.14632388013301,-0.16399999999999998,0.7012987012987013,-0.16883116883116878,0.8933333333333333,0.12,0.3896103896103896,0.10389610389610388,0.0657894736842105,-0.1342105263157895,0.8866191013027521,0.0036645164237478767,68.27835814672765,0.0
2011-02-28,0.03158767855849032,0.11133292956867624,0.3349925350847367,0.30008350589853183,0.1600446841018648,1.0,0.0,0.0,0.03595054426575222,0.15766983662260392,,0.129607227902224,-0.018274298333547767,0.14783994769083963,-0.004717471053712896,0.003568442710441655,0.008325187595653816,0.003632345180094143,-0.048278834903626944,-0.04154087730482903,-0.9680572394122303,-1.17999,-5.1899799999999985,-0.8993406316202538,-1.2399999999999984,-4.84,-0.8818441502915924,-5.699996949999999,-11.400001529999997,1.0899176621702114,,,-0.8558775217194612,-0.45999999999999996,-0.6401576508353976,0.23999999999999994,0.17166259599791106,0.6099999999999999,-0.9033470889531638,0.29000000000000004,0.81867128991017,0.6099999999999999,0.9417299927580455,0.3200000000000003,-0.4943411182471347,-0.04000000000000001,1.0961558313827,0.3700000000000001,-0.49820193734897106,-0.11160232908644599,0.002710978732864744,-1.6454916824442296,0.0005917651144775604,0.017670966748841922,0.001192483362985275,1.313382010007505,0.0035751832688530882,1.1844863012229234,0.002359419612659952,1.107436616815764,0.0040014273708885995,0.5656451848840477,-0.09999999999999964,0.1,-1.1596490824293852,0.03,0.0,-1.0978073610528265,-0.14099999999999996,0.7532467532467533,0.11688311688311692,0.8666666666666667,0.08000000000000007,-0.0129870129870129,0.4415584415584416,0.1688311688311688,0.1688311688311688,0.8860931410021994,-0.0008837956506279054,68.27835814672765,0.0
2011-03-31,-0.0044665160684532745,0.05602044944723539,0.17434758788272586,0.20160884945966173,0.1272618885266359,1.0,-0.0044665160684532745,-0.0044665160684532745,0.06903665190575056,0.09286415110435615,,0.05897676259087836,-0.0029563131436429746,0.12332444522912622,-0.00018257213584293996,0.005711253265248795,0.005894901645875805,0.0016053429097571126,-0.04042870881206673,-0.04683915811436723,-0.9913783118079496,-0.6099999999999994,-0.009989999999998389,-1.0217482178833746,-0.8100000000000023,0.259999999999998,-0.8270449738923898,0.4000015299999973,-19.5,1.118375919742999,,,-0.8166628257523382,-0.10000000000000009,-0.440333830885381,0.19000000000000006,0.274808673341414,0.17000000000000037,-0.9688403862332895,-0.010000000000000009,0.8804273081582876,0.3799999999999999,1.0823408692107899,0.18000000000000016,-0.5292341981669865,-0.03,0.9130974030585879,-0.020000000000000018,-0.44316927264930356,0.5126783479603666,0.011962059783438894,-0.6590224544364914,0.004623962729467301,0.4628200743363906,0.005502592311471988,1.4423241502339499,0.005621421434255147,0.9274810185959989,-0.016591982935126426,1.0726918744521934,-0.005687917832191358,0.35571340242306454,-0.40000000000000036,-0.2,-1.3488557857258543,-0.33,0.0,-1.002925118278472,-0.062000000000000055,0.7012987012987013,-0.07792207792207795,0.8533333333333334,-0.013333333333333308,-0.1688311688311688,0.23376623376623382,0.1688311688311688,0.1425153793574846,0.8966412450558453,0.0059563019671878825,68.27835814672765,0.0
2011-04-30,0.028730807612827647,0.056486042590926155,0.1360843072990361,0.20908086616527677,0.12302687116676148,1.0,0.0,0.0,0.06942807733759224,0.07104679117990592,,0.06483540399292775,-0.008349361402001598,0.12281176764900481,0.01635774629963893,0.03051542716073241,0.013929820393103531,0.009755948868141573,-0.06655318495386053,-0.06950901491684225,-1.2335863393998538,-2.9900100000000016,-4.780000000000001,-1.5771720790937722,-3.1999999999999993,-5.25,-1.1413460924340626,-14.099998479999996,-19.3999939,1.1864406779661016,,,-0.7975034042627253,-0.10000000000000009,-0.691163967071291,0.030000000000000027,-0.012322906960319365,-0.10000000000000009,-1.3530074425991565,-0.33000000000000007,1.1194347046230606,0.4900000000000002,1.204590811481251,0.22999999999999998,-0.5046250549678559,-0.08000000000000002,0.9539031310106996,-0.1299999999999999,-0.7755718766459067,0.532640200972473,0.01181448488136172,-0.6186495946291516,0.005478903072107855,0.482765649414712,0.006328778856921513,1.4154490422293755,0.0030380804547893714,0.9075874631757191,-0.01803175110253008,1.0355543470014787,-2.0940116333356684e-05,0.30839697737197885,-0.5,-0.2,-1.3169308437111942,-0.30000000000000004,0.0,-0.994728965791748,-0.0050000000000000044,0.8571428571428571,0.15584415584415579,0.9210526315789472,0.02771929824561392,-0.1038961038961039,-0.49350649350649345,0.1428571428571428,0.0770676691729323,0.9047955293513416,0.018176428048589433,68.27835814672765,0.0
2011-05-31,-0.012186865178683837,0.011654958001262594,0.12428546818821928,0.28961834103407624,0.0829674505461584,1.0,-0.012186865178683837,-0.012186865178683837,0.07531164633251212,0.08019461380672671,,0.01754689356395467,-0.005891935562692074,0.08673089550003765,0.025978129216529977,0.03244999209674271,0.006307993022380387,0.007599655707097197,-0.033620187641539956,-0.03884419846836995,-1.1561525859227544,0.6999999999999993,-2.9000100000000018,-1.470665016230884,-0.09999999999999787,-4.109999999999999,-1.2091443338728152,-5.300003050000001,-19.0,1.136569579288026,,,-0.7224317754098178,0.08000000000000007,-0.9368884916749699,-0.23999999999999994,-0.5406357804334962,-0.3700000000000001,-1.1936733800032109,-0.22999999999999998,0.6699192080012161,-0.1499999999999999,0.6838307829095877,-0.14000000000000012,-0.4473354307542412,-0.06,0.6676835781548889,-0.13000000000000034,-0.5093347690686162,0.8007117159421323,0.016394414225689324,-0.39005489710789704,0.006536443461119035,0.7689235998852291,0.010104283589723151,1.4020275782248584,0.0034778940366189115,0.7995405764219323,-0.024908676333244673,0.9622621381367391,-0.003018019543704842,0.3222519939611423,-0.3000000000000007,0.0,-1.151177515235629,-0.1,0.0,-0.9442899072705969,0.01200000000000001,0.7662337662337663,0.012987012987012991,0.8961038961038961,0.029437229437229373,0.8311688311688312,0.8441558441558441,0.0909090909090909,-0.0779220779220779,0.9120799746777888,0.025986833675589405,68.27835814672765,0.0
2011-06-30,-0.020258589964907814,-0.004392849643918617,0.05138151039191019,0.34642716370140425,0.034225310434527145,1.0,-0.032198566438979004,-0.032198566438979004,0.09098757896248366,0.08133677124692018,,0.0002554302085806537,-0.004648279852499271,0.04410885216586391,0.023691156427865234,0.029784866865638193,0.005952684459086921,0.0020728724654783814,-0.019569316788205615,-0.032892503287689445,-1.0265119574422685,1.0700000000000003,-1.220010000000002,-1.1148392322884078,1.4199999999999982,-1.879999999999999,-0.7423781338895697,17.400001529999997,-2.0,1.144673123486683,,,-0.6491513660066373,0.14000000000000012,-0.9461596659773946,-0.35000000000000003,-0.2150836630857563,-0.29000000000000004,-1.2206288112622103,-0.24,0.7326202956520842,-0.18000000000000016,0.9973131851986018,-0.04999999999999982,-0.46985316347492795,-0.03,0.9496154578692615,0.06000000000000005,-0.2206885937727732,0.8292131898780426,0.004579929344327605,-0.34930435246238595,0.00105754038901118,0.7973085207848489,0.003775504732801638,1.3606168458431398,0.0004398135818295401,0.7752659866402399,-0.006876925230714592,0.931504625938917,-0.002997079427371485,0.27267901716299203,-0.7000000000000011,0.0,-1.1220592032873722,0.2,0.0,-0.8606532748004925,0.016000000000000014,0.5064935064935064,-0.19480519480519487,0.7272727272727273,-0.1260606060606061,0.7272727272727273,0.8961038961038961,0.1298701298701298,-0.038961038961039,0.9121458470874982,0.015504602031652936,68.27835814672765,0.0
2011-07-31,0.01665205969632133,-0.016082679193135663,0.03949491649591086,0.2762171929353008,0.034188671064351306,1.0,-0.003943877518045591,-0.016082679193135663,0.06721952673717152,0.07608358851257467,,-0.04734444994262199,0.03126177074948633,0.009764089169141066,0.0248842466118111,0.029045675710617225,0.004060389368422346,0.006406783149922823,0.013217610683778247,-0.03350309840881205,-0.25238530844513574,8.73,10.5,0.556932873322339,8.219999999999999,9.54,-0.7299126672808384,-0.9000015299999973,11.19999695,0.9073267326732674,,,-0.591033239532652,0.18999999999999995,-1.184772538945539,-0.25,-0.979050882686017,-0.5,-1.7420946170136462,-0.37,0.7799038603882374,-0.38000000000000034,1.0050987667061237,-0.1299999999999999,-0.3537619307958221,0.020000000000000004,0.20845019186652605,-0.25,-0.30103813879338354,1.068816755698017,0.008830766402819323,0.19000207021316917,0.003738925029323381,1.01926719808664,0.006779058721019471,1.3002878446343173,-2.3192422447415595e-05,0.613545954719056,-0.018241443146393754,1.1361373424919923,0.015299198104489209,0.21806059053901045,-0.20000000000000107,0.2,-0.9628031480417305,0.4,0.0,-0.7487678003174668,0.14299999999999996,0.2857142857142857,-0.5714285714285714,0.5584415584415584,-0.36261107313738883,-0.5844155844155844,-0.48051948051948046,0.0,-0.1428571428571428,0.8697735538599562,-0.035021975491385304,68.27835814672765,0.0
2011-08-31,-0.050689655096433195,-0.05443361882334641,-0.04341308236332675,0.27703639420467674,-0.02375725406761231,0.0,-0.050689655096433195,-0.06595710882824224,0.11681911089099907,0.09741458838768739,,-0.089506533718544,0.03507291489519759,-0.04978306441251268,0.02772439510566027,0.019598560263111686,-0.007906628354105716,-0.005021697221981425,-0.0026514187768658104,-0.022327411823853893,0.2924667125921104,6.370000000000001,16.17,1.5374093896405046,5.290000000000003,14.93,-0.48158805729983845,9.900001529999997,26.400001529999997,1.0015812776723594,,,-0.16624907145908477,0.6000000000000001,-1.7188904725589027,-0.25,-2.144481750445471,-0.8199999999999998,-1.9096107597321337,-0.6200000000000001,0.41039713107159903,-0.28,0.3486472349321736,-0.20000000000000018,-0.406407942841708,-0.020000000000000004,-1.1114139829539345,-0.5699999999999998,-0.3957930395790987,1.3679803304338312,0.00829385347956868,1.089311666701824,0.0071686909413946065,1.3105055496408324,0.006299188899308472,1.3514536196230085,0.0017609280921286885,0.6921936670712051,-0.003293166944483117,1.0575975884484128,0.015664178964820863,0.07781666009340775,-0.3000000000000007,0.23,-0.9183786574507528,0.23,0.0,-0.5015130270050125,0.37799999999999995,0.3506493506493506,-0.41558441558441567,0.4155844155844156,-0.48051948051948046,0.2077922077922078,-0.6233766233766234,0.0129870129870129,-0.077922077922078,0.8618056824612558,-0.05027429221653301,68.27835814672765,0.0
2011-09-30,-0.04490232594481802,-0.0782177398276448,-0.08226699070101351,0.07773754579061998,-0.06890542687541168,0.0,-0.09331589762608072,-0.10789780717407671,0.12928528239204862,0.11072897649497634,,-0.13817274691063441,0.05995500708298962,-0.11364736077535442,0.04027876308650513,0.031396914968171874,-0.008537950050985232,-0.008733005208290567,0.0565441364376118,0.034739849596328476,1.2911697030826255,11.340009999999996,26.440009999999997,3.159829218597296,13.609999999999996,27.119999999999997,-0.368963714555547,2.6999969400000055,11.699996940000005,0.9599625325971759,,,-0.10531177179376111,0.5799999999999996,-1.703332202895008,-0.2,-2.5237566978590817,-1.2600000000000002,-1.799716792209887,-0.58,0.15813004455683674,-0.5299999999999998,-0.16901548192841176,-0.6800000000000002,-1.1783229005627622,-0.010000000000000009,-2.1160717197061625,-1.06,-0.5497835000841268,1.4490731580940321,0.00829385347956868,1.1631164361548145,0.0071686909413946065,1.3685825190462175,0.006299188899308472,1.2991408568892964,0.0017609280921286885,0.6641556826595593,-0.003293166944483117,1.0133230379913316,0.015664178964820863,0.010334808363388166,0.0,0.23,-0.8923749244467275,0.23,0.0,-0.32367759718313727,0.489,0.2597402597402597,-0.24675324675324672,0.2467532467532467,-0.48051948051948057,-0.8831168831168831,-1.6103896103896105,-0.1038961038961039,-0.2337662337662337,0.8362787435722218,-0.07586710351527648,68.27835814672765,0.0
2011-10-31,0.10401960302004665,0.0009970227674416243,-0.015101691223011082,0.11892751288689762,0.021084124222479295,1.0,0.0,-0.015101691223011082,0.30379660515640017,0.19738034326090043,,-0.024594121935001212,0.025591144702442836,-0.018098719925964013,0.024326326399442877,0.03219079744235409,0.007677700787556141,0.012861491706305683,0.04552282230672411,0.02009532737427211,0.23548069730731627,-12.999999999999996,4.7100100000000005,0.6376512475630796,-16.159999999999997,2.740000000000002,-0.13173081953874352,6.5999984799999964,19.19999695,1.0136845748716372,,,-0.3073940146783032,0.25,-1.7138677142407233,-0.10999999999999999,-1.8909913452796707,-0.6499999999999999,-1.971873515813951,-0.3,0.5318295687159721,-0.18999999999999995,0.3673618253885454,-0.3500000000000001,-0.7665476882313732,-0.020000000000000004,-1.3096235705813473,-0.54,-0.62321496145811,1.3899444105529668,0.003103035421826439,1.1049461181490488,0.004040450795909534,1.2762084874977793,0.0023057842283047414,1.327624065745495,0.004479327926130816,0.5366953546946852,0.00043502756812396903,0.9328998509493354,-0.004779098247336799,-0.05910894945191428,0.0,0.2,-0.8780801492073051,0.0,0.0,-0.32456350894127933,0.352,0.8441558441558441,0.5584415584415584,0.5584415584415584,0.0,-0.7532467532467533,-0.1688311688311689,0.0,0.0,0.848906914237091,-0.02086663962286528,68.27835814672765,0.0
2011-11-30,-0.026919758488631595,0.026061108357192886,-0.029791110904582863,0.0907917551170132,-0.007622494592578133,0.0,-0.026919758488631595,-0.04161491583114929,0.28158916900773273,0.2004198848369087,,0.027954621993312445,-0.0018935136361195593,-0.0206749857065478,0.005643619004732203,-0.003778800064884069,-0.009369540950243893,-0.013016539306735297,0.052430886558627376,0.03457970199606386,0.10687416702336354,-2.1600099999999998,-3.8200000000000003,0.4624893603306974,-1.0500000000000007,-3.6000000000000014,-0.30143944510563164,-7.5,1.799995420000002,1.0999999999999999,,,-0.030915014123831082,-0.009999999999999787,-1.6006469496761633,0.04999999999999999,-1.9174486408406857,-0.1499999999999999,-1.9981278527861313,-0.15,0.38667583978542314,0.040000000000000036,0.23983911038185698,0.0,-0.781815043257855,0.020000000000000004,-1.5401250827216446,-0.19999999999999973,-0.7341744960680429,1.1903956394163357,-0.004542035122406141,1.0307817285782863,-0.0009939654095134642,1.031945443360649,-0.004265837938563166,1.1777192712597775,8.660268202742571e-05,0.5404485320790635,-0.004726048876736888,0.732857079979446,-0.014373638781584264,-0.14448884667579537,-0.09999999999999964,0.2,-0.8446560542688475,-0.03,0.0,-0.266836478605939,0.11,0.7792207792207793,0.42857142857142866,0.5194805194805194,0.10389610389610382,0.948051948051948,0.7402597402597402,0.0649350649350649,0.051948051948052,0.8494486243677195,-0.012357058093536266,68.27835814672765,0.0
2011-12-31,-0.0070190114275332505,0.06675914033627994,-0.016680348561305403,0.0338441003276615,-0.012053584997662736,0.0,-0.03374981982370673,-0.04834183168890793,0.2444206620739267,0.19865883272418763,,0.11618252398926665,-0.04942338365298671,-0.006592858707406446,0.011490435839893731,0.02736088874591691,0.015690166059598054,0.006558034023231407,0.02068667014627068,0.054219085286321356,-0.3608250456010443,-4.400010000000002,-19.560019999999998,-0.27127610705866056,-4.640000000000001,-21.849999999999998,-0.568396834511846,-8.599998479999996,-9.5,1.147863738403307,,,0.08303974358558991,-0.029999999999999805,-1.498705885441185,0.0,-2.1837872609544458,-0.030000000000000027,-2.0372399716316174,-0.24000000000000002,-0.01010455848130423,0.09000000000000008,-0.057482616523549,0.20999999999999996,-1.787147224356747,-0.019999999999999997,-2.1464569680912438,-0.030000000000000027,-0.1317749095506747,1.170454543559892,-0.004551875781620085,1.4357876246165158,0.0010579623167747965,1.016004476273451,-0.004187556012960947,1.187391571250245,0.0017332491704744601,0.5816738590228094,0.0014140343878497053,0.6877688386778823,-0.014572239810348275,-0.7635499813025193,-0.5,0.0,-0.9382644939693479,-0.23,0.0,-0.21263578198871613,-0.05499999999999999,0.6103896103896104,0.35064935064935066,0.6233766233766234,0.37662337662337664,-0.5064935064935064,0.37662337662337664,0.0259740259740259,0.1298701298701298,0.8384145002551471,0.002135756682925316,68.27835814672765,0.0
2012-01-31,0.08418413044802242,0.04759311138967948,0.04863758557275011,0.09005343944941924,0.06451819831962946,1.0,0.0,0.0,0.2052224498363218,0.23337296713978506,,0.05301169336461675,-0.0054185819749372754,0.038744159280796664,0.01753919713285379,0.023707662621865966,0.006062140413257033,0.01838468848080166,0.026235746366213286,0.0378024055005306,-0.8026221081565941,-3.9599899999999977,-10.52001,-0.774267783720402,-3.2399999999999984,-8.93,-1.273333704647297,-19.0,-35.09999848,1.1363168724279835,,,0.13048952227304927,0.2200000000000002,-1.5006739596283238,-0.03,-2.0960121008592654,-0.33999999999999986,-2.1859652330855583,-0.36000000000000004,0.5793966047699532,0.0,0.2808466466258692,0.020000000000000018,-0.46889036341337065,0.020000000000000004,-2.1115493128618144,-0.30999999999999983,-1.1999497858890533,0.8932913244412037,-0.00750554854399299,1.6726047805432354,0.0028893987765787887,0.8420952506584197,-0.004924054930041333,1.1574105436148916,0.00036295459731428004,0.48434977507192034,0.004467506673900834,0.5694024203256715,-0.018322435758780786,-1.0175530817591765,-0.5999999999999996,-0.17,-0.9973055739285416,-0.37,0.0,-0.41899882075747386,-0.19300000000000003,0.8831168831168831,0.038961038961038974,0.8441558441558441,0.2857142857142857,0.1948051948051948,0.948051948051948,0.0909090909090909,0.0909090909090909,0.8471565888848507,-0.0017503253522402895,68.27835814672765,0.0
2012-02-29,0.06410044615377708,0.1455831180848799,0.17543828385746085,0.12440888482734946,0.12142596436677766,1.0,0.0,0.0,0.16600810046177467,0.21794218344124458,,0.10320106637143112,0.042382051713448776,0.08142527436769376,0.020781406735343344,0.07433863263710361,0.052466890118078036,0.02791106770743701,0.004503470095937878,0.022820124109674822,-0.9221810012706383,-1.0100100000000012,-9.37001,-0.7632824661963895,-0.060000000000002274,-7.940000000000001,-1.112007243857288,3.8000030599999945,-23.799995420000002,1.182854684131679,,,0.028464923667340106,-0.14000000000000012,-1.160594807281961,0.04999999999999999,-1.705869758420482,-0.10000000000000009,-2.0389662406480147,-0.31000000000000005,0.8204307783218536,0.22999999999999998,0.6862154242497082,0.20999999999999996,-0.6161606786737963,0.0,-1.8226435040746853,-0.15000000000000013,-0.8296228133009654,0.8458700739458076,-0.0039034944208373723,1.6216988560830383,0.0034365086809193812,0.7970472108788197,-0.0016480676742640643,1.0957463609100795,0.002531745745012026,0.44443548270673816,0.0015572321475656459,0.5276808340876136,-0.006095796657493491,-1.1781183459098574,-0.5,-0.17,-0.9470131539853057,-0.37,0.0,-0.5659961790858526,-0.31,0.7922077922077922,0.012987012987012991,0.8181818181818182,0.2987012987012988,-0.4805194805194805,-1.4285714285714286,0.0389610389610389,-0.025974025974026003,0.8305721268837918,-0.018876497483927723,68.27835814672765,0.0
2012-03-31,0.05052780259901435,0.2119737735023195,0.29288410073145155,0.18652241643908907,0.15849688715290422,1.0,0.0,0.0,0.058656959215004335,0.17861008915905574,,0.12690815746003636,0.08506561604228313,0.10857362304807805,0.001346095401168812,0.02337773540548116,0.022002023182090547,0.012840623039865218,-0.014642420614133456,0.020552103651841458,-1.3474761074985437,-2.92999,-7.899989999999999,-1.1511404037760116,-2.639999999999997,-5.939999999999998,-0.9382502985259307,2.6999969400000055,-12.5,1.2006451612903226,,,0.12501686973291498,-0.20000000000000018,-1.0022100459343495,0.08000000000000002,-1.2417437087498955,0.3400000000000001,-1.606544006296046,-0.01999999999999999,0.8784605806297453,0.42999999999999994,0.8560041034853266,0.3599999999999999,-0.7710782811528116,0.049999999999999996,-1.23584120520186,0.26,-0.5381328930261644,0.40474086483853355,-0.010828625025044003,1.1080991593518938,-0.0008856568655117858,0.4470974391802922,-0.005965321579412652,1.0834625389568868,0.0021104990212212904,0.4703400866714095,0.0004646261360610193,0.44553534993868965,-0.008609731120107433,-1.7214170442938528,-0.6999999999999993,-0.13,-0.8749375204976582,-0.13,0.0,-0.6572002432015313,-0.346,0.8311688311688312,0.22077922077922085,0.8831168831168831,0.2597402597402597,0.1298701298701298,0.6363636363636362,0.0779220779220779,0.05194805194805201,0.8128531236881634,-0.02556137656698365,68.27835814672765,0.0
2012-04-30,-0.01169518884422538,0.10479343656505047,0.15737399365407767,0.1398956889723706,0.125493107851667,1.0,-0.01169518884422538,-0.01169518884422538,0.1400063970107111,0.16061636129156143,,0.06977493416958902,0.03501850239546145,0.09259212285971019,0.003141011345518141,0.01273435233888165,0.009563302551548691,0.011968520433125684,-0.005347593582887611,0.012836401697821298,-1.048823732497244,1.649989999999999,-2.2900100000000023,-0.8684091672316211,1.5799999999999983,-1.120000000000001,-1.534458078720729,-15.699996940000005,-9.199996940000005,1.1265312691144427,,,0.6707882406711067,-0.040000000000000036,-1.1390144162076599,0.05000000000000002,-1.584854945473336,0.11999999999999988,-1.8042475211435514,-0.019999999999999962,0.9790599079573602,0.18000000000000016,0.572766633360464,0.14000000000000012,0.6333333333339499,0.05,-1.7049576024408504,0.06999999999999984,-1.4644339446908645,0.4911037676106426,-0.0047919155708728844,1.411506783594326,-0.0002832516842938837,0.5517891527755001,-0.002285974127844037,1.0928557729112993,0.003045894421237927,0.35764780754925224,-0.0003044192421963743,0.4591547598573807,0.0010309747237120526,-2.233053211301548,-0.8000000000000007,-0.1,-0.8125254826335427,0.07,0.0,-0.5793752859639332,-0.11699999999999999,0.5844155844155844,-0.2987012987012987,0.8571428571428571,0.012987012987012991,-0.3506493506493506,-0.5454545454545454,0.0649350649350649,-0.025974025974025997,0.807252571548931,-0.03990401733591964,68.27835814672765,0.0
2012-05-31,-0.07040129866233591,-0.034851881145787855,0.10565739141076458,0.0727186294407749,0.038491980954993066,1.0,-0.0812731310238265,-0.0812731310238265,0.2094848706995298,0.2013099882989105,,-0.036300908115973196,0.0014490269701853409,0.023637809072957428,0.014098293730263611,0.004005646932753626,-0.00995233584348676,0.0019631370568302664,0.05274521508312491,0.05238701027629444,0.09756996017855775,6.91001,5.630009999999999,0.29372860675205287,7.120000000000001,6.060000000000002,-1.049721515870451,11.5,-1.5,1.0897755610972568,,,1.582857092886301,0.2999999999999998,-1.0772768365741845,-0.02999999999999997,-1.9678630835422057,-0.3899999999999999,-1.9513660614212023,-0.21999999999999997,-0.11409881142832194,-0.27,-0.05253952269505665,-0.16999999999999993,0.660753968962836,0.06,-2.3343903098264276,-0.3599999999999999,0.20276164716145922,0.15947051272345872,-0.009584759185780722,1.1501252915593423,-0.0015309238976637385,0.17574565687236898,-0.006607476417418878,0.9468549425806752,0.0006150203383106234,0.35771101193097765,0.0030279905672272456,0.3164791230171799,-0.004793367367361245,-2.058895194257696,-0.8000000000000007,-0.1,-0.7676071866542357,0.07,0.0,-0.2137448032733955,0.10700000000000004,0.2207792207792207,-0.5714285714285716,0.6103896103896104,-0.20779220779220786,-0.4230769230769231,0.05744255744255744,0.0,-0.0389610389610389,0.7929651751731817,-0.037606951710610126,68.27835814672765,0.0
2012-06-30,0.036216399919496434,-0.048000151320198525,0.15379884897809615,0.13455308200750848,0.059082363355781764,1.0,-0.03673458033004651,-0.048000151320198525,0.1849824927863522,0.1975181660552176,,-0.02840362793801965,-0.019596523382178876,0.05169747965385807,0.019746944057531968,0.027353188729586364,0.007458953141638691,0.006011845386506787,0.033200850589843345,0.02703117568754343,-0.9958847019374266,-6.98,1.5799999999999983,-0.8860737883248602,-7.240000000000002,1.4599999999999973,-1.1793643609310727,-1.200004579999998,-5.4000015200000036,1.1896955503512883,,,1.653253318855711,0.3200000000000003,-0.8323760546239363,0.0,-1.7147049504684173,-0.56,-1.7704173598536599,-0.37,-0.15161686374034636,-0.30000000000000004,0.06045461486676001,-0.18999999999999995,-0.7222530326997364,0.0,-2.073957866539464,-0.56,0.5723524976836142,0.0836968305402045,-0.0030692566250862807,1.6860773276575773,0.004073734890891467,0.13828470809335466,-0.0021740296817762683,0.9526353919796899,0.000787828739494012,0.4619196763877396,0.007800838369143914,0.14401394634123596,-0.008309038517257727,-1.8893415442581865,-0.40000000000000036,-0.03,-0.6799148232936869,0.1,0.0,-0.016581977747122174,0.181,0.5974025974025974,-0.23376623376623384,0.6753246753246753,-0.20779220779220775,0.9230769230769232,0.7932067932067934,0.0909090909090909,0.012987012987012991,0.7928799556210454,-0.01997316806711802,68.27835814672765,0.0
2012-07-31,0.009975062374392829,-0.027125947685742946,0.07482486760123463,0.1271017540749093,0.04773018078713109,1.0,0.0,-0.03850389344920502,0.19243856609603494,0.1706454910025186,,-0.010339497066922054,-0.01678645061882089,0.04287297885484653,0.024356843276702733,0.05175450290667705,0.026746206470720457,0.02089886727323842,0.05318015824710898,0.03914594309206554,-0.6613382244969201,1.8499900000000018,1.7800000000000011,-0.5990664174748583,1.6500000000000021,1.5300000000000011,-1.3928424044386758,-3.3999938999999983,6.9000015200000036,1.097729053211333,,,1.1951810259855176,0.06999999999999984,-1.1401320950443694,-0.04000000000000001,-1.799931698518499,-0.43999999999999995,-1.9559953385316673,-0.38999999999999996,0.1668400752387714,-0.22999999999999998,0.29617999383777605,-0.04999999999999982,0.16324749980613812,-0.03,-2.008915936967398,-0.3999999999999999,0.23949576774306927,-0.22494808097436186,-0.009290048330344636,1.174611518644521,-0.0005605185413926073,-0.20319447005970118,-0.007520077994734642,0.8309224523327345,-0.002995255080397552,0.34463135503418163,0.00881858364004251,-0.2949298743932378,-0.029038544376415842,-1.7459313377892487,-0.3000000000000007,0.0,-0.6198163279480472,0.1,0.0,-0.32958832223427015,0.05300000000000005,0.6538461538461539,0.06943056943056947,0.6493506493506493,-0.20779220779220775,-0.4810126582278481,-0.1303633075784975,0.0,-0.0649350649350649,0.7773085445163151,-0.029944027032615894,68.27835814672765,0.0
2012-08-31,0.05185185178995555,0.10081841983279882,0.0624528271016922,0.24884772776792063,0.08346988931091492,1.0,0.0,0.0,0.07330403321925444,0.16255049999400603,,0.07927045857309256,0.02154796125970626,0.05491110054585602,0.013427244938064797,0.04328647762801863,0.029463617481271243,0.017085867958453793,-0.020291953190975986,0.011007945341231284,-0.8530259300939986,-1.4599900000000012,-6.59,-0.9037480326436566,-1.9499999999999993,-7.539999999999999,-1.4625237177823804,-1.1000061000000017,-5.700004579999998,1.1803091013165428,,,0.9514566921195032,-0.18999999999999995,-1.1207211387928784,-0.05000000000000002,-1.5986918586570882,-0.020000000000000018,-1.8190548272509013,-0.18000000000000005,0.5322874823508872,0.22999999999999998,0.45115763185136387,0.16000000000000014,0.17618994847001196,-0.03,-1.7251348488653886,0.030000000000000027,-0.38080031765220196,-0.30540078903747575,-0.004176560043591904,0.6851704410424099,-0.0018831774477838792,-0.35291336441426874,-0.0035400978108945935,0.832568300993212,0.00041150161804237584,0.002981088314174375,-0.008763367926461596,-0.009028966637484979,-0.006343427479182484,-1.7701962629096122,-0.40000000000000036,0.03,-0.5584589481869858,0.13,0.0,-0.7617204590888178,-0.15600000000000003,0.782051282051282,0.5612720612720614,0.7012987012987013,0.09090909090909094,0.5875,1.010576923076923,0.0389610389610389,0.0389610389610389,0.7661825188852259,-0.02678265628795573,68.27835814672765,0.0
2012-09-30,0.008887283213269148,0.07178549285894209,0.020339627018919337,0.3191808811190202,0.07135967481926975,1.0,0.0,0.0,0.08486227557919293,0.14834332575530026,,0.0634361553606273,0.00834933749831479,0.06438357196997924,0.016304272509353845,0.045651019075676036,0.028875945285423477,0.019416169685619433,-0.02072843544415437,-0.006758293167525853,-1.0732612365938117,-1.7399999999999984,-1.3499999999999979,-1.070480008840659,-1.3399999999999999,-1.639999999999997,-1.920555478911696,-8.229995729999999,-12.729995729999999,1.119516846789574,,,0.44902072644941454,-0.3200000000000003,-1.0324444880359205,-0.1,-1.3977034188927508,-0.020000000000000018,-1.8128732006938855,-0.31,1.0614799183330563,0.3899999999999999,1.1099225752208217,0.29000000000000004,-0.7191844707057774,0.0,-1.486066363143583,0.08000000000000007,-0.26337620600343625,-0.43949226986388723,-0.0037570913408657702,0.652314829910634,-0.005217598416196179,-0.5269719194547198,-0.0037345725669908347,0.7951554394155113,-0.0009867065477973114,-0.09941754053320806,-0.01858369298146023,-0.1339273198737535,-0.00011522083790804771,-1.6439372040893991,-0.20000000000000107,0.03,-0.519705064402598,0.06,0.0,-1.0988963452378244,-0.26,0.5569620253164557,-0.04044057208614171,0.6233766233766234,-0.051948051948051965,-0.4125,-1.3355769230769232,0.0129870129870129,-0.077922077922078,0.7710011318186738,-0.021878823802371605,68.27835814672765,0.0
2012-10-31,-0.05279290466307718,0.005176128931825286,-0.022090226156537107,0.1318073403865645,-4.4023383618974066e-05,0.0,-0.05279290466307718,-0.05279290466307718,0.18221374691584946,0.16884130289994717,,0.03191477465286097,-0.02673864572103568,0.031513852659925234,0.002188885209423619,0.024053008664816744,0.02181636992593905,0.025333070167625094,-0.036251775867466196,-0.005204695659522529,-0.5769389345793728,2.8700100000000006,-0.32997999999999905,-0.480436469929739,3.3199999999999967,0.029999999999997584,-1.1037147725082672,10.959999089999997,1.6299972599999961,1.0381714848540402,,,-0.7011146391572777,-0.54,-0.7229175957529934,0.06999999999999998,-1.230257468066631,0.20999999999999996,-1.7034527289023627,-0.09000000000000008,1.0389835404738141,0.29000000000000004,1.3639788261200505,0.2999999999999998,1.2042475432081505,0.04999999999999999,-1.3941284825620284,0.1399999999999999,0.4313129148433661,-0.7419600726325348,-0.0018827293376744159,0.426683064549275,-0.003724393363360612,-0.8649777414051946,-0.001766410362888493,0.679016329087805,-0.0007066247299556405,-0.1649934444075933,-0.013402857384252842,-0.6974349946677879,0.0053203022698120606,-1.538736039813804,-0.09999999999999964,0.03,-0.4800287527321715,0.03,0.0,-1.2382959998226772,-0.20500000000000007,0.3375,-0.31634615384615383,0.5194805194805194,-0.1298701298701299,-0.0365853658536585,0.4444272923741896,0.0,0.0,0.7855267524839622,0.008218207967647051,68.27835814672765,0.0
2012-11-30,0.013086990022432854,-0.03186854957850627,0.06573693344342435,0.1783399177611642,0.004256153710128663,1.0,-0.04039681485722524,-0.04039681485722524,0.12776731692822021,0.12377943215604606,,0.012427625286234534,-0.0442961748647408,0.027807815032351746,0.004897232246980021,0.0203316882370006,0.015359238233255912,0.010872057332263374,-0.012991330903359133,-0.004957027918507606,-0.9681166118741874,-2.730010000000002,-1.5999999999999996,-0.9985712255646001,-3.3699999999999974,-1.3900000000000006,-2.264888813452571,-19.63000107,-16.89999771,1.0882167611846252,,,0.053082031512475134,-0.2599999999999998,-0.8691462432757445,0.03,-1.2823694343245329,0.050000000000000044,-1.6001596099845128,-0.10999999999999999,0.6042661728804649,0.05999999999999983,0.9379849566740727,0.16000000000000014,0.7466233413123324,0.03,-1.395444457655265,0.020000000000000018,0.606610944322843,-0.08685949058320745,0.00538719426808365,1.0130313495967656,0.0023441112764208683,-0.09745620339214245,0.0046719540285729,0.7722079618867936,0.0008109944377632239,-0.19013628049920342,0.003649320195093342,-0.5935457106071016,-0.003735546817611679,-1.8660171256300242,-0.39999999999999947,-0.13,-0.6018134269115074,-0.16,0.0,-1.1869165108869348,-0.10700000000000004,0.5625,-0.21955128205128205,0.6233766233766234,-0.07792207792207795,0.0609756097560975,-0.5265243902439025,0.0128205128205128,-0.0261405261405261,0.7990177973549987,0.032835278469772744,68.27835814672765,0.0
2012-12-31,-0.0046735104256862,-0.04488153034751163,0.02368211973517087,0.18112325146989772,-0.0027532561813833345,0.0,-0.0046735104256862,-0.04488153034751163,0.11807685634123997,0.11728647278723887,,-0.003821217020287815,-0.04106031332722382,0.030676815216026165,-0.0002039163949016931,0.005900618351520004,0.006105779815029466,0.004263741722795089,-0.0032151122787265063,-0.012007975557495443,-0.6049701995978833,2.1500000000000004,2.289999999999999,-0.39398800538654416,3.599999999999998,3.549999999999997,-1.6519291644160288,7.600002289999999,-1.069999690000003,1.039400665926748,,,-0.32584153626576356,-0.21999999999999975,-0.8532760670586376,0.01999999999999999,-1.024351322648541,0.13000000000000012,-1.3648345906581838,0.09999999999999998,0.9060290710547269,-0.020000000000000018,1.0851383370347478,0.03000000000000025,-0.8066212354979702,0.0,-1.0434833119449054,0.1100000000000001,0.18278579602295647,-0.6639023281882874,0.001100847879105027,0.6171854541592939,0.0001759876931239912,-0.7370271396028988,0.0018723433428433633,0.6679676809618839,-0.0006667241341078434,-0.46732383019046875,0.0004015693219001637,-1.2880621759071746,-0.007181394453271039,-1.879739820377618,-0.4999999999999991,-0.13,-0.5920879326942315,-0.16,0.0,-1.3231491814094698,-0.07199999999999995,0.6829268292682927,0.12596480395183707,0.6623376623376623,0.038961038961038974,0.9390243902439024,1.3515243902439025,0.0128205128205128,-0.00016650016650010015,0.8161609589082853,0.045159827089611526,68.27835814672765,0.0
2013-01-31,0.02671422272557611,0.03528966580564252,0.04064845859763877,0.11851484173163596,0.023826708765853688,1.0,0.0,-0.019366282819903713,0.05452204397650564,0.12151269112912867,,0.06658325896822781,-0.03129359316258529,0.0746166440215783,-0.005962289790843234,-0.02033816493882179,-0.01446210239343304,-0.003729781593577952,-0.01049383487201272,-0.01809544706799726,-1.13509956430478,-3.74,-4.320010000000002,-1.2683941690243792,-5.729999999999999,-5.499999999999998,-1.1790970577007627,6.1999969400000055,-5.830001839999994,1.088935574229692,,,-0.4655770039888344,0.08999999999999986,-0.7240801804735574,-0.02999999999999997,-0.6617973646896359,0.30000000000000004,-1.1672000547392145,0.21000000000000008,1.6762120196224772,0.20999999999999996,1.578426242949457,0.08999999999999986,0.5031743627025227,-0.03,-0.5993775672198988,0.33000000000000007,-0.7701103703331943,-0.6568326697154275,0.0030623016136528403,0.2255572425255881,-0.0009385080431769666,-0.8166999157974704,0.002710342988095693,0.5432246854440916,-0.000498167233453195,-0.7931581282010688,-0.005846157456019796,-1.3864647226547628,0.002840597423517277,-1.7565835161265635,-0.4999999999999991,-0.13,-0.5878563611189448,-0.16,0.0,-1.5008248441900967,-0.08599999999999997,0.8902439024390244,0.5527439024390244,0.8571428571428571,0.33766233766233766,-0.0365853658536585,0.0,0.050632911392405,0.050632911392405,0.8453270657272606,0.059800313243298375,68.27835814672765,0.0
2013-02-28,0.0034396590081371414,0.02543090520554303,-0.007248090436332344,0.054752072926522066,0.025698852974237463,1.0,0.0,-0.015993237220922163,0.05643967800889385,0.09524600199018374,,0.07407476719434603,-0.048643861988802994,0.07736472391395788,-0.002780575468249835,-0.005652922489511214,-0.002880356068685863,-0.000979991080154452,0.02240714633263874,0.012025904227467077,-0.91531665150307,1.2300000000000004,-0.35999999999999943,-1.0016490321532219,1.4700000000000006,-0.6600000000000001,-1.6887017283154353,-9.719997400000004,4.0800018300000005,1.043197936814958,,,-0.24664080819504047,-0.06000000000000005,-0.769088758384508,0.0,-0.7936575035359028,0.2699999999999998,-1.1995325516804995,0.15000000000000002,1.091752841632496,0.17000000000000037,1.2657750743570058,0.11999999999999966,0.2758386421840124,-0.01999999999999999,-0.7589811383886524,0.2699999999999998,0.11378643691224896,-0.622358181675296,-0.00452826666395012,0.23066281527960938,-0.00443668156319732,-0.7859957139129039,-0.003386499297630907,0.5119355241122636,-0.0029916690166846838,-0.9430712648049538,-0.008648793278285494,-1.374737493817329,-0.004974328295219044,-1.6514210801765188,-0.39999999999999947,-0.13,-0.6581843613512083,0.0,0.0,-1.4735544265114617,-0.09899999999999998,0.8170731707317073,0.25457317073170727,0.8441558441558441,0.22077922077922074,0.048780487804878,-0.012195121951219495,0.1,0.0871794871794872,0.8468381592265001,0.047820361871501404,68.27835814672765,0.0
2013-03-31,0.030252218754990512,0.06141298994240363,0.013775150623060561,0.03439495906778234,0.04438746517574943,1.0,0.0,0.0,0.050460600319848635,0.10482065169405236,,0.1050244880465443,-0.04361149810414067,0.09631352558330519,0.0006536523951528039,-0.0028237881529403763,-0.0034751689955554443,-0.0028633849174030113,0.041667712542985624,0.024843800162991148,-1.3021796704727517,-2.8100000000000005,-5.32,-1.4296393845636235,-3.0200000000000014,-7.279999999999999,-1.50047860481935,1.4199981699999995,-2.100002289999999,1.152755905511811,,,-0.0426346509529756,0.10999999999999988,-0.7547847344575338,0.0,-0.7825996979342941,0.09000000000000008,-1.150772275957766,0.030000000000000027,1.2325002726604142,0.15000000000000036,1.1369486491583929,0.05999999999999961,0.030961426982318966,0.04000000000000001,-0.7522767570554773,0.09000000000000008,-0.6475023532815649,-0.310544561180827,0.002221207868648545,0.6777130193581202,0.0003588725282241967,-0.8073118800035598,-0.0009449412829529713,0.5487426864827646,-0.0008327365232594364,-1.116309506969654,-0.007311997856962016,-1.1704039833791338,0.00036827689873253355,-1.5607447413046844,-0.39999999999999947,-0.03,-0.39889226751694695,0.1,0.0,-1.419276526032742,-0.06800000000000006,0.7926829268292683,0.1097560975609756,0.8974358974358975,0.23509823509823513,0.573170731707317,-0.36585365853658536,0.2125,0.1996794871794872,0.8557634462466577,0.03960248733837235,68.27835814672765,0.0
2013-04-30,0.02537335069686919,0.06002680188966392,0.09743479347337436,0.0731922106934948,0.05926789340558747,1.0,0.0,0.0,0.04947329673275041,0.048962293763978114,,0.07140888055581152,-0.0113820786661476,0.09752609488416897,0.016663842764904624,0.03224607512108024,0.01532682849603284,0.008925638746700715,0.028747459189213176,0.006326901868183521,-1.1209214713321154,0.8200000000000003,-0.7599999999999998,-1.0592259483100064,2.0600000000000005,0.5099999999999998,-1.8297233287850827,-8.099998479999996,-16.39999771,1.0931952662721893,,,-0.6359537529558804,0.010000000000000231,-0.9172332598828262,-0.05000000000000002,-0.9907889647302655,-0.32000000000000006,-1.0953305432373617,-0.07000000000000006,0.6146601314604864,-0.27,0.49680520139912165,-0.25,0.30210675622169636,-0.009999999999999981,-0.9727881966713896,-0.27,-0.5171841096272648,-0.8485359745957392,-0.0025308043477085818,0.49725700578031035,0.0016302666716272451,-1.3320871611905518,-0.0036342002019433828,0.49700903049590345,-6.381791602283471e-05,-0.7399628401517463,0.0074908284924541935,-1.7937416183707247,-0.009133186747574795,-1.7416042324732983,-0.5999999999999996,-0.07,-0.48915081259250626,0.06,0.0,-1.5149629737895935,-0.05499999999999994,0.7926829268292683,-0.09756097560975607,0.8846153846153846,0.027472527472527486,0.1463414634146341,0.18292682926829262,0.1585365853658536,0.1079036739734486,0.8503489370034581,0.005021871276197576,68.27835814672765,0.0
2013-05-31,0.03577488680128793,0.09418551566805711,0.12201164379428975,0.1957692485451421,0.08234451400304987,1.0,0.0,0.0,0.018027488411287998,0.056056704117667444,,0.08285514329879051,0.011330372369266595,0.10216759410781506,-0.009540891386681905,-0.01159758245405551,-0.002076502754619569,-0.002769367219277119,0.017401066516980146,0.02927778340168441,-0.6647657422797885,2.780000000000001,0.7900000000000009,-0.9096622579677388,0.6500000000000004,-0.3100000000000005,-0.02453746119164243,30.79999924,24.11999893,1.050920245398773,,,-0.7846089593619476,-0.10000000000000009,-0.4025382429497712,0.04999999999999999,-0.24577865590357173,0.27000000000000024,-0.21921058714375394,0.59,-0.04640093736894253,-0.31000000000000005,-0.024727654201312316,-0.31999999999999984,-0.8086926584001539,-0.05000000000000002,-0.1860998843191466,0.2200000000000002,0.0723959511255386,-1.0489053652601525,-0.0046504947417962406,0.4880272838690786,0.0017965846541025954,-1.4249052834400528,-0.004663006786305601,0.652304988620293,0.0013119035900932552,-0.7441012420464829,0.006605982513541608,-1.971721805185808,-0.014192902570362875,-1.5205305592278335,-0.20000000000000018,-0.13,-0.7105707109886428,0.0,0.0,-1.5488533951976147,-0.06699999999999995,0.7317073170731707,-0.08536585365853655,0.8875,0.04334415584415585,-0.7195121951219512,-0.7682926829268292,0.024390243902439,-0.075609756097561,0.847068049501464,0.00022989027496389536,68.27835814672765,0.0
2013-06-30,-0.023957813701632857,0.03661142726705102,0.10027283442398316,0.12632962743016773,0.050111800910673576,1.0,-0.023957813701632857,-0.023957813701632857,0.11054185852983561,0.07824255189127237,,0.029354429703154272,0.00725699756389675,0.07126538674474903,-0.02600792297960486,-0.0434492711483665,-0.01790707396934632,-0.016515968563504457,0.0016626906672447817,0.023890280579632828,-0.5384422553389,0.5599999999999987,4.16,-0.7992104404638634,0.47999999999999865,3.1899999999999995,1.1257144399557324,19.80000305,42.50000381,1.0907473309608542,,,-0.5900065679144854,-0.1299999999999999,0.02382827580791849,0.10999999999999999,0.3476698804352614,0.6499999999999999,0.6781792847949323,1.17,-0.4500789977614831,-0.4800000000000002,-0.9156430859130568,-0.5199999999999998,-1.2514629341928243,-0.06,0.43364118992435363,0.54,-1.005265434614689,-0.9207380045136612,-0.006277516623377721,-0.009588391949432376,-0.0034318657226348748,-1.2528687347465606,-0.0037557753089316748,0.6850352527978864,0.0009000546582316193,-1.1583436073514812,-0.00035076133729328163,-1.1037653052157845,-0.0037482727930251425,-1.5879454758227085,-0.20000000000000018,-0.03,-0.2784856479963124,0.0,0.0,-1.0966581364848704,0.019000000000000017,0.5853658536585366,-0.20731707317073178,0.8375,-0.059935897435897445,0.0121951219512195,-0.5609756097560975,0.024390243902439,-0.188109756097561,0.854670745478049,-0.0010927007686086787,68.27835814672765,0.0
2013-07-31,0.06314017110990933,0.07479217146631578,0.13930850821548613,0.1856196429416208,0.10348786113857988,1.0,0.0,0.0,0.15429136886355527,0.10296793629083104,,0.06214210094098882,0.012650070525326962,0.106572965624812,-0.03276177994127505,-0.0534413582711204,-0.021380026038042566,-0.0072464442847054444,0.010456040449658976,0.011047898787150068,-1.0424462295964922,-3.41,-0.07000000000000028,-1.1070642163694366,-2.219999999999999,-1.0899999999999999,0.10526952185622182,-17.200004579999998,33.39999771,1.1092936802973978,,,-1.1566349827360654,-0.1499999999999999,-0.26834837919017596,0.09,0.49689335986008787,0.9000000000000001,0.5005435296332987,1.02,-0.11520180625113544,-0.18999999999999995,-0.0528293224902515,-0.11999999999999966,-0.7394510266548376,-0.05000000000000002,0.7068390975759097,0.81,0.19034562945159858,-0.8469409193954062,-0.0004450383561798166,-0.3643526105320188,-0.004200926316082265,-1.1350922646343566,3.58934143325218e-05,0.5505685389935701,0.0010309016503391444,-1.1595544620643896,-0.009808697831659385,-0.5155562228067511,0.016590377867608197,-1.4920870297033189,-0.20000000000000018,-0.03,-0.21935165637196308,0.04000000000000001,0.0,-1.0978902888215094,0.04299999999999993,0.8048780487804879,0.012195121951219523,0.925,0.04038461538461546,0.0,-0.1463414634146341,0.0853658536585365,-0.07317073170731711,0.8610506505508624,0.010701713547404235,68.27835814672765,0.0
2013-08-31,-0.003959350691721375,0.03356115887770583,0.13090764960107726,0.12271072868162869,0.08142933921364914,1.0,-0.003959350691721375,-0.003959350691721375,0.15804014241323527,0.10669129821846177,,0.006552857963087355,0.027008300914618477,0.056304399857831866,-0.021167393284291958,-0.03173880517330352,-0.010800020163285962,-0.006829034427142999,-0.015448275862068872,0.005471562451387468,-0.42666382006342757,3.559989999999999,0.7099899999999977,-0.5277743183635765,3.280000000000001,1.540000000000001,1.3376205351901636,20.900001529999997,23.5,1.0611411294186535,,,-1.5338545961139192,-0.22999999999999998,0.28958314570362576,0.09000000000000002,0.7690099102922594,0.6199999999999997,0.9972355245127156,0.7300000000000001,-0.5530805542734067,-0.09000000000000008,-0.7080193472382965,-0.10999999999999988,-1.179269355887491,-0.01999999999999999,0.8789585243950989,0.5299999999999996,-0.10481121080119522,-1.0470237088588086,-9.794059543422051e-05,-0.1877090496612786,-0.0032160647108694373,-1.143384043043201,0.0008057829888099555,0.46288071540419257,-0.0006132981489761491,-1.0783910247895796,-0.007747666962658828,-1.06122000068478,0.01315230806800205,-1.6657769490925418,-0.40000000000000036,-0.03,-0.1874622252562626,0.1,0.0,-1.1375066926793556,0.04799999999999993,0.4268292682926829,-0.3048780487804878,0.8536585365853658,-0.03384146341463412,-0.4878048780487805,0.23170731707317072,0.0365853658536585,0.012195121951219499,0.8521245265671052,0.005056477065641274,68.27835814672765,0.0
2013-09-30,0.04831805058738903,0.11009629957357503,0.15073850950483547,0.16659010580102085,0.1113277556479948,1.0,0.0,0.0,0.12210624691053805,0.11326555658408483,,0.05241785625452655,0.05767844331904848,0.06968226328304783,0.005542161000640533,0.008393200920605137,0.00283532608630499,-0.008039645982496513,-0.03602530792917613,-0.018350275786969683,-0.46345401589363855,-0.40998999999999697,-0.259999999999998,-0.6242903919804892,-0.8000000000000007,0.26000000000000156,-0.027829015919218974,-23.30000305,-19.6000061,1.0120481927710843,,,-0.758722657289706,-0.08000000000000007,-0.10255843018224468,-0.02999999999999997,0.5375245289148753,0.1200000000000001,0.6523366860365241,-0.08000000000000002,-0.8325391261352889,-0.020000000000000018,-0.36096586349850757,0.19999999999999996,-1.3431362284420931,-0.010000000000000009,0.7020772674057464,0.1499999999999999,1.2081448491218834,-0.7812583108715544,0.0014842066068057047,0.1499836923292841,0.0013655574171935747,-0.8716630134975829,0.0017575819320778674,0.878215826349494,0.001015519816392807,-0.6818342378690316,0.006998793787930557,-1.142648643123877,-0.000651601192783291,-1.6909025815090284,-0.5,-0.1,-0.6996692191536019,-0.07,0.0,-1.0802491982283582,-0.03300000000000003,0.7317073170731707,0.14634146341463417,0.8658536585365854,0.028353658536585336,-0.3536585365853658,-0.3658536585365853,0.0853658536585365,0.06097560975609749,0.8639419756596556,0.009271230181606582,68.27835814672765,0.0
2013-10-31,0.0495689654569329,0.09592568916347921,0.17789235122173452,0.29266004919689137,0.13724020174668872,1.0,0.0,0.0,0.10582789898904868,0.11893737442632707,,0.047043991892854464,0.04888169727062475,0.09451875804418264,0.011185780214620467,0.015389088335117318,0.004156810946851941,0.004519090568589235,-0.01967547609794018,-0.012562558950073965,-0.8918084139599384,-2.8500000000000014,0.3000000000000007,-0.8901855066092796,-1.8499999999999996,0.6300000000000008,-1.0593472249944305,-18.499996189999997,-20.89999771,1.1090909090909091,,,-1.0818330613348066,-0.03000000000000025,-0.23342222010913813,0.0,0.4283492874343225,-0.03000000000000025,0.5780193158616983,0.020000000000000018,-0.9067790921984122,-0.13000000000000012,-0.4709747593251364,-0.050000000000000266,-1.0629475876290142,-0.01999999999999999,0.6040317141131127,-0.03000000000000025,1.2512491943628845,-0.7027827682656589,0.0015720780753454289,0.6058447216141226,0.005672686061564569,-0.5825122525569033,0.0030284356670349233,1.6719358057485767,0.004570027278526068,-0.3079078363714957,0.011443751140312264,-0.8206916641559551,-0.00563103987308633,-1.595752832646993,-0.2999999999999998,-0.03,-0.12496954693768063,0.0,0.0,-1.2346234812512726,-0.06399999999999995,0.7926829268292683,-0.012195121951219523,0.902439024390244,-0.022560975609756007,-0.0853658536585365,-0.0853658536585365,0.1219512195121951,0.03658536585365861,0.8416155123604665,-0.019435138190395884,68.27835814672765,0.0
2013-11-30,0.035511535179709064,0.13935479803627615,0.1775928654312482,0.3212729066629427,0.14702152538726532,1.0,0.0,0.0,0.026951177002011273,0.1188974181303017,,0.11140975901608496,0.027945039020191187,0.10395455530977205,0.017071129405492824,0.02420038492533627,0.007009593836382555,0.0062834856781668336,-0.017140351090915718,-0.01477832512315258,-0.8524113365340782,-0.05000000000000071,-3.309989999999999,-0.9908615193419449,-0.9500000000000011,-3.6000000000000014,-0.6438877581600173,6.299999239999998,-35.5,1.097080291970803,,,-1.1684834014053733,0.04999999999999982,-0.4082691774590236,-0.10999999999999999,0.7219953689322791,-0.029999999999999805,0.9134438906536197,-0.08000000000000007,-1.1904911830620555,-0.09000000000000008,-0.5909942714279864,0.04999999999999982,-1.0380684981737054,0.0,1.0141036387840507,0.08000000000000007,1.710558643618675,-1.554945999695932,-0.004201849986812833,-0.18408825525231587,0.001027902661854041,-1.5543180194204724,-0.0027858363551036547,0.9723405784050673,0.0023387663035585593,-0.49242638345397144,0.0074636278478346085,-1.2436745938149698,-0.00492465738585901,-1.5076961406475213,-0.39999999999999947,-0.03,-0.10333866812396798,0.0,0.0,-1.3804948598388516,-0.08899999999999997,0.7439024390243902,0.3170731707317073,0.8658536585365854,0.012195121951219523,-0.1463414634146341,0.34146341463414637,0.1707317073170731,0.1341463414634146,0.8291920618001046,-0.022932464767000615,68.27835814672765,0.0
2013-12-31,0.029275989383129142,0.1186591095613736,0.24181933800835131,0.36634008287296305,0.1472838890462127,1.0,0.0,0.0,0.036008283916679616,0.08063140575171952,,0.10524945517185236,0.013409654389521242,0.10806086968521122,0.00019706862546953197,0.01882046180066821,0.01861972381182042,0.01047442912467611,-0.001322668796246762,-0.02036504820144247,-0.8229858012144031,0.02000000000000135,-2.880000000000001,-0.7179316378816547,1.5099999999999998,-1.290000000000001,-0.264590615803043,5.5,-6.699996949999999,1.0765306122448979,,,-2.0669828616393926,-0.41999999999999993,0.33956028433537716,0.04999999999999999,1.2216544196545212,0.3999999999999999,1.2643690372226526,0.35000000000000003,-1.1537150768967053,-0.050000000000000044,-0.11419119120308718,0.050000000000000266,-0.9833577219423694,0.010000000000000009,1.398850578350775,0.3500000000000001,2.629221537449007,-1.1306550774044766,-0.003059392924048332,-0.13413567079222447,-0.0004043994353055691,-1.1579954544138333,-0.0020931787021769566,1.2677453460905788,0.0013102461353147188,-0.5760987078983792,0.0002260911427254264,-1.3415530939975613,-0.006287821700314833,-1.8432356606188802,-0.5999999999999996,-0.1,-0.6274100090110213,0.0,0.0,-1.3968507921258975,-0.10799999999999998,0.8292682926829268,0.09756097560975607,0.902439024390244,0.03658536585365868,0.4756097560975609,0.8292682926829267,0.2926829268292683,0.20731707317073178,0.8350356248266478,-0.028906350833007743,68.27835814672765,0.0
2014-01-31,-0.019213278867612038,0.04534912544210168,0.1456249607165756,0.3052202649684266,0.09951253153502337,1.0,-0.019213278867612038,-0.019213278867612038,0.10377761260876409,0.09860505113993667,,0.019100049342210212,0.026249076099891466,0.0538742798781624,0.007234323687795197,0.019589292206005027,0.012266230635364472,0.01112547665634489,0.007371524852569644,-0.0026873510519426214,-0.05902797118236071,4.6899999999999995,4.66,-0.1275843084282813,3.5299999999999994,4.089999999999998,-0.7795829548213205,-8.80000305,2.9999961899999974,0.9826181423139598,,,-1.7274210546493483,-0.25,0.10340393445067607,0.030000000000000027,0.6797576330434554,0.10000000000000009,0.8741874249505427,0.13,-0.9696474078299986,-0.020000000000000018,-0.6038587455614832,-0.029999999999999805,-0.9391054724553558,0.0,0.796101634745962,0.07000000000000028,1.0919849385764266,-1.116583403042188,-0.003985810168457338,-0.23383925425702454,-0.0029453036497317786,-1.1316448990456633,-0.003879553629506427,1.2534440996123342,-0.001630076481349052,-0.5518654916399216,-0.00416271365961407,-1.2643107840367602,-0.010617089374778121,-1.7320980785095916,-0.5999999999999996,-0.1,-0.5877901815308783,-0.07,0.0,-1.2850562410978696,-0.05300000000000005,0.5975609756097561,-0.19512195121951226,0.8414634146341463,-0.060975609756097726,-0.5,-0.4146341463414635,0.1097560975609756,-0.01219512195121951,0.8372629455989656,-0.0043525667615008645,68.27835814672765,0.0
2014-02-28,0.05152586212295951,0.06151559205878243,0.20944288300249236,0.3677682081430993,0.12651559354559683,1.0,0.0,0.0,0.12530197157678596,0.09291635603548368,,0.034815682996995445,0.026699909061786986,0.08321441422278841,0.013552183546358343,0.03270076815553957,0.018892549313229923,0.014497492389837108,-0.01225830441249387,-0.020402995422294623,-0.7470519898719666,-4.41,0.3000000000000007,-0.7452909933087729,-3.959999999999999,1.08,-1.1627724223609686,-6.999996189999997,-10.299999239999998,1.1285714285714286,,,-1.8196141147291087,-0.2599999999999998,0.11737822595503966,0.04999999999999999,0.7363527359902496,-0.08999999999999986,0.8610381112665606,-0.10999999999999999,-0.6084550771865928,0.10000000000000009,-0.41839609341819406,0.020000000000000018,-1.1669331074989053,-0.010000000000000009,0.8441721106840556,-0.13999999999999968,0.5928335753917469,-1.1027954216151754,0.0035607105270429873,-0.3762342444918675,0.0005483001622905714,-1.1062417279151175,0.002193635402516936,1.2646427873107233,0.0008696627868176598,-0.5479129992401562,-0.0013587752572243872,-1.1935949125030294,-0.0028256862396112137,-1.6376719718250063,-0.39999999999999947,-0.1,-0.5486290143241956,-0.07,0.0,-1.2617750577633564,-0.014000000000000012,0.7682926829268293,0.024390243902439046,0.902439024390244,0.03658536585365868,0.073170731707317,0.2195121951219511,0.0975609756097561,-0.073170731707317,0.8542540567375438,0.025061994937439214,68.27835814672765,0.0
2014-03-31,-0.0273351988768602,0.0031311940520151182,0.12216184831146482,0.2913148527491263,0.07481334370038972,1.0,-0.0273351988768602,-0.0273351988768602,0.1502601650121401,0.11973053487057934,,0.017028511105343647,-0.013897317053328528,0.0753696535691013,0.017719629172460616,0.03020747982349259,0.012270423300360322,0.010540479726560248,0.0007371774848503598,-0.011462219847030775,-0.7432329014128338,-0.11999999999999922,0.16000000000000014,-0.2322328396559336,3.110000000000001,2.6800000000000015,-0.8511011422365156,4.0999984799999964,-11.700000760000002,1.0864553314121037,,,-1.9960059632977485,-0.07000000000000028,1.5858937680388099,0.06,0.9587236926272951,-0.31000000000000005,1.1055594978478491,-0.20000000000000007,-0.9720765762508256,0.010000000000000009,-0.5857578693668329,-0.11000000000000032,-1.1138638152918192,-0.010000000000000009,0.8033542753378231,-0.3700000000000001,1.108426090467866,-1.782594899755865,-0.007335935677508454,-2.1361561680310728,-0.0054202377074756836,-1.8020509858705487,-0.0053447939195521155,-1.0660865932040586,-0.005417543866215624,-1.511471759106822,-0.007416920708035013,-2.3686592949447687,-0.023740308942728605,-1.5394902574066458,-0.2999999999999998,-0.1,-0.5859374021189081,0.0,0.0,-1.2355788451237302,-0.0010000000000000009,0.6829268292682927,-0.14634146341463405,0.9146341463414634,0.012195121951219412,0.5487804878048781,0.0731707317073172,0.0853658536585365,-0.20731707317073178,0.8510676856990452,0.01603206087239739,68.27835814672765,0.0
2014-04-30,-0.0031937948891284096,0.019515637015190546,0.0657497795283768,0.25533851362272486,0.049491658488740375,1.0,-0.030441690747522343,-0.030441690747522343,0.13997224862119353,0.11129433182274019,,0.06151493252955986,-0.04199929551436932,0.06434470451714303,0.01051021305105726,0.02459029653939271,0.013933637984541614,0.011228957809801932,-0.021940450861507088,-0.014068617362865687,-0.808673282065918,-0.47000000000000064,-5.0,-0.30950047434824224,-0.4400000000000013,-1.2899999999999991,-0.9909842564445603,-2.899997710000001,-5.799995420000002,1.0961968680089484,,,-2.1471716935158485,-0.23999999999999977,1.7152194007673842,0.07999999999999996,0.9287055109085066,0.0,0.9333609795320493,-0.040000000000000036,0.34553578409970404,0.24,-0.27578535713812286,0.040000000000000036,-0.26069153123851085,0.01999999999999999,0.7714758267799334,-0.08000000000000007,-1.4223019485313573,-1.3857738237505366,-0.0045020085461926485,-2.3904229691880485,-0.006398352259171292,-1.4972466589885614,-0.004016534360801183,-1.5816741347213672,-0.006485194092411772,-2.002172808111606,-0.011491139231297964,-1.8121683141207403,-0.016553706140971514,-1.4530974269634125,-0.2999999999999998,-0.1,-0.6258920600784282,0.0,0.0,-1.1588674704411497,-0.006000000000000005,0.5,-0.09756097560975607,0.8048780487804879,-0.03658536585365846,0.2926829268292683,0.7926829268292683,0.048780487804878,-0.060975609756097594,0.8382090748299184,0.0009461292309527192,68.27835814672765,0.0
2014-05-31,0.04485639093584215,0.013049195807400826,0.07536751687216658,0.2663451155851808,0.07527574951890914,1.0,0.0,0.0,0.12730477904618076,0.11686010363798785,,0.038864184659196166,-0.02581498885179534,0.07301601167583649,0.018596840624091726,0.028332101676623145,0.009557521351201581,0.009822357679625249,0.008507861615489887,-0.0011943066000040803,-1.0936927563278842,-2.01,-2.5999999999999996,-0.9256134516365144,-3.91,-1.2400000000000002,-0.9916603168846241,-0.600002289999999,0.5999984799999964,1.2061403508771928,,,-1.8450962859460522,-0.1299999999999999,1.0842341793356973,0.03999999999999998,0.596848631452687,-0.18000000000000016,0.5527430277443016,-0.22999999999999998,0.2003011921090554,0.1399999999999999,-0.04930981499020914,0.050000000000000266,-0.5271217697370283,0.020000000000000004,0.4988008314373162,-0.2200000000000002,-0.5851768105061972,-0.056783068618404285,0.007822551074107231,-0.15589090533103425,0.0007938777763987215,-0.17728908432074678,0.004776433555599757,0.9824123113030779,-0.0006356701736105475,0.5988184721433922,0.006303553564640296,0.26011732901635376,0.02057377719726361,-2.2154013741942062,-1.0,-0.1,-0.5987557100172356,0.0,0.0,-1.1350697994998953,-0.0050000000000000044,0.7926829268292683,0.024390243902439046,0.8292682926829268,-0.07317073170731725,0.024390243902439,-0.048780487804877995,0.0853658536585365,-0.012195121951219606,0.832856065319141,-0.021397991418402817,68.27835814672765,0.0
2014-06-30,0.031239273032604098,0.07405564077611682,0.07741871741004847,0.3379593984119533,0.08380343753784913,1.0,0.0,0.0,0.0857890718484286,0.11756124813894138,,0.05158834971255133,0.022467291063565487,0.07399839811295572,0.01952014809613356,0.028699169632943944,0.009003276251039694,0.006917162276671718,-0.0034834069967787373,-0.005270576622767975,-1.0304868344474478,0.16999999999999993,-2.3100000000000005,-1.1312790768684708,-1.5599999999999987,-5.91,-1.2638106490249903,-5.5999984799999964,-9.099998479999996,1.1244598098530683,,,-1.825016015351008,-0.07999999999999963,2.546627559618947,0.02999999999999997,0.78597075903765,-0.20000000000000018,0.6140416016760263,-0.32999999999999996,0.5720821686785758,0.30000000000000004,0.20239653466121604,0.1299999999999999,-0.26190476190529005,0.03,0.44952195837608355,-0.23000000000000043,-0.9058134009121903,0.13514441492996235,0.016676710586352117,0.21017733454947274,0.007458829852099447,-0.009249622554804526,0.011051752195498032,0.9052175153375386,0.004693847568504994,1.089936882163053,0.016857534451662826,0.030969189583571123,0.039720816859732055,-1.9435912824871893,-0.6000000000000005,-0.13,-0.8235599010351077,-0.03,0.0,-1.137435724779338,-0.01100000000000001,0.8414634146341463,0.15853658536585358,0.8902439024390244,-0.024390243902439046,0.2560975609756097,-0.2926829268292684,0.1463414634146341,0.060975609756097615,0.8368383458011098,-0.0142293398979354,68.27835814672765,0.0
2014-07-31,0.011819827472916655,0.09023277300478649,0.11150936006481271,0.27337286696035723,0.07538684600672552,1.0,0.0,0.0,0.057514438035612216,0.10464844591705515,,0.03029546524112625,0.05993730776366024,0.043806681335387454,0.008670741248998803,0.011963212946352275,0.003264168933141187,0.003376927802964058,0.022319463829894248,0.01179779475819509,-0.16903469396183105,5.379999999999999,3.539999999999999,-0.3655854111929258,4.609999999999999,-0.8599999999999994,-0.9760354062814821,3.759998320000001,-2.4400024499999944,0.9663716814159292,,,-1.727055801118885,0.009999999999999787,2.9459903099506395,0.11000000000000004,0.9303334587878695,-0.08999999999999986,0.6605325091709413,-0.2,0.43389329468147325,0.010000000000000009,0.4033393148722803,0.10999999999999988,-0.5224404824934005,-0.009999999999999995,0.4662551047713119,-0.20000000000000018,-0.14793690268404666,0.18236435183386665,0.013842783455036312,0.17786349157845227,0.008436944403795055,0.0348853526331993,0.0097234926367471,0.8844975262846354,0.0057614977947011425,1.037998387598242,0.020931752974925777,0.09326433506101947,0.032534214057974964,-1.8283037929613783,-0.6000000000000005,-0.13,-0.7872433742721879,-0.03,0.0,-0.9155938606925762,0.02300000000000002,0.4512195121951219,-0.04878048780487809,0.7682926829268293,-0.03658536585365857,-0.8414634146341463,-1.1341463414634145,0.0,-0.048780487804878,0.8218585281271328,-0.016350546702785573,68.27835814672765,0.0
2014-08-31,0.050094716909325765,0.09569859079708531,0.1099965762542896,0.34247745930788387,0.10671117268748231,1.0,0.0,0.0,0.06629645225806714,0.10356704278609861,,0.04666514610100991,0.0490334446960754,0.06912427431941981,0.008374356567296015,0.01684727565537858,0.008402553112244915,0.008838242077534808,0.029600965546417113,0.02719558276603462,-0.9146880226634626,-4.969999999999999,0.5800000000000001,-0.9879426475405907,-4.109999999999999,-1.0599999999999987,-0.6846982513225534,4.030002599999996,2.1900024400000007,1.191151919866444,,,-1.4741928306831833,0.009999999999999787,2.102742382165479,0.10999999999999999,0.3953565723476104,-0.1299999999999999,0.5392453045594554,-0.03,-0.6872136929342888,-0.16999999999999993,-0.5927792991263395,-0.10000000000000009,-0.7952241751889624,-0.009999999999999995,0.012944385386677216,-0.23999999999999977,0.3365996193835315,0.026943666006126948,-0.0004088743327557154,-0.16175269329956057,0.00023907703992587237,-0.05797030458863905,-3.872125439730034e-05,1.779022676509667,0.0018091734037757323,1.939879225693546,0.010054672145528132,-0.13841949381081256,-0.009316664977863987,-1.8373861338109536,-0.7000000000000002,-0.03,0.22478591678330834,0.07,0.0,-0.7685336641528352,0.052000000000000046,0.8048780487804879,0.012195121951219523,0.926829268292683,0.09756097560975618,0.524390243902439,0.5,0.1829268292682926,0.0975609756097561,0.8193919291727159,-0.013464136146425165,68.27835814672765,0.0
2014-09-30,-0.007568415404245021,0.05446516355637976,0.1325542569196405,0.2709091782579611,0.08113702745265416,1.0,-0.007568415404245021,-0.007568415404245021,0.1016455404968208,0.08493737985648976,,0.011348553460570177,0.04311661009580958,0.043500904378121596,0.0027480524253380434,-0.0003153759749608964,-0.0030550330094279987,-0.0029632468874700724,0.07714088830420351,0.060251780816511724,-0.10462941485157337,4.329999999999998,4.739999999999998,0.11129368368590678,5.550000000000001,6.050000000000001,-0.40506094251311436,3.7099952700000003,11.499996189999997,1.0472103004291846,,,-1.2493896932149169,0.10999999999999988,2.851233031400452,0.10999999999999999,0.7433506746462898,-0.009999999999999787,1.1273742226758783,0.28,-1.7917318421927124,-0.43999999999999995,-1.632493515285027,-0.2899999999999998,-0.8092878999154411,-0.01999999999999999,0.17532805493086748,-0.11999999999999966,0.903050144128914,-0.23462803722931216,-0.004518493387829059,-0.5196170002187499,-0.0020913135894127244,-0.2814250767949523,-0.002599224118053023,1.4619936282175334,0.0014360629840652894,0.8247613969337687,-0.0010072343479783363,0.575739262793685,0.004800975964620591,-1.8494207189059009,-0.8000000000000007,-0.07,-0.11460085995996021,0.06,0.0,-0.5835122006253498,0.09900000000000009,0.4390243902439024,-0.4024390243902439,0.7804878048780488,-0.1097560975609756,-0.3658536585365853,-0.621951219512195,0.024390243902439,-0.1219512195121951,0.8156868025194549,-0.021151543281654916,68.27835814672765,0.0
2014-10-31,0.026419678057359564,0.0696803564359989,0.16620058122596748,0.24287801232743966,0.09243123426277222,1.0,0.0,0.0,0.10040652160103086,0.07415988819704578,,0.04926631385171576,0.020414042584283143,0.05715272947118355,0.015971205926442078,0.015265459179506946,-0.0006946523118159798,-0.0017108827542655636,0.0690634916730215,0.06288505232676167,-0.6514306792628131,-2.2799999999999994,-2.92,-0.494413871459502,-2.450000000000001,-1.0099999999999998,-0.0359515922950988,4.5,12.239997869999996,1.1767640769779046,,,-0.9408915986872403,0.2200000000000002,1.8160202664495917,-0.030000000000000027,0.3442020600571903,-0.22999999999999998,0.8680010997943195,0.14,-1.8080021443588485,-0.43999999999999995,-1.8415512377721985,-0.3700000000000001,-0.7868240544139978,-0.009999999999999995,-0.0534017912433889,-0.19999999999999973,0.6124173880153269,-0.3263556818530538,-0.005574059849284829,-0.2133257307929284,-0.0012789465139997347,-0.5672603628642965,-0.004332214265607703,1.7996089853841626,0.0023585441660385342,0.6103732643074751,-0.002340810075512234,0.4545713289092372,0.0017032115611479437,-2.185789986198195,-1.2000000000000002,-0.13,-0.8307005825964219,0.0,0.0,-0.29183721891413716,0.10999999999999999,0.7804878048780488,0.3292682926829269,0.7560975609756098,-0.012195121951219523,0.6951219512195121,1.5365853658536586,0.2682926829268293,0.2682926829268293,0.8192539133272505,-0.0026046147998822766,68.27835814672765,0.0
2014-11-30,0.04546351085280387,0.06496277233096737,0.16687820889439808,0.2548229219910103,0.11715272189306059,1.0,0.0,0.0,0.09306173507117274,0.07453159483076982,,0.03716174591926613,0.027801026411701235,0.06856632823598008,0.011022851172419967,0.004392772518285737,-0.006557793077026419,0.0005175224292666147,0.06777203074394533,0.07125320232640742,-0.8832957919961112,-0.6999999999999993,1.3499999999999996,-0.8205793337154033,-1.0700000000000003,2.0299999999999994,-0.1334323614826619,-2.0999984799999964,6.109996790000004,1.1950487621905477,,,-0.5688729052858961,0.29000000000000004,1.4064212357664247,-0.010000000000000009,-0.04868073874330318,-0.16999999999999993,0.7659913240353837,0.16,-2.290294702196419,-0.3700000000000001,-2.397652489952037,-0.33000000000000007,-0.48616205427850673,0.009999999999999995,-0.4075200727295299,-0.15999999999999992,0.7009792263234811,-0.2746601561049017,-0.003646961681792682,-0.20187473414206697,-0.0002733091857005654,-0.5272646635460059,-0.0033629682908642433,1.7034074296417436,0.00046134463816271953,0.5963251124916519,-0.00925842204205285,0.5133791791556225,0.006426607258751771,-2.050946876657387,-0.5,-0.13,-0.9003111519977542,-0.1,0.0,-0.33403773900092454,0.06799999999999995,0.8780487804878049,0.07317073170731703,0.8170731707317073,-0.10975609756097571,0.3292682926829268,-0.19512195121951226,0.4146341463414634,0.2317073170731708,0.82270220270995,0.0033102735372341208,68.27835814672765,0.0
2014-12-31,-0.022408012600001914,0.049038633261667686,0.10617469399922563,0.19181332004009866,0.07629098377492216,1.0,-0.022408012600001914,-0.022408012600001914,0.12127122196363396,0.10012442531038415,,0.04900182918093887,3.6804080728813915e-05,0.05339009228197633,0.018785650055344716,0.021398476717030768,0.0025646480803338534,-0.0010468268016133875,0.049981389289536216,0.08058833880596472,1.2786346115402059,5.869999999999999,2.8900000000000006,0.9612307974357862,4.9,1.379999999999999,0.10523635755848361,2.3000030599999945,4.700004579999998,1.028125,,,-0.5532322917675467,0.21999999999999975,2.933922488676557,0.09000000000000008,-0.08979729352947738,-0.3500000000000001,0.91451281250474,-0.06000000000000005,-2.5944487046421485,-0.29000000000000004,-2.71529929603821,-0.29000000000000004,-1.090262117481841,-0.010000000000000009,-0.93437485190529,-0.43999999999999995,0.8081775132886954,-0.54740423277415,-0.002926293179679851,-0.830523626619936,-0.001082445655435249,-0.8338860964862277,-0.0032385707550768306,0.6192461229254843,-0.0011279028669954894,0.28654313517254876,-0.003733947066442145,0.3366200370462917,-0.00605469373915879,-1.9086670292513674,-0.5999999999999996,-0.13,-0.8521572868684814,-0.06,0.0,0.10051522855056425,0.09599999999999997,0.7682926829268293,0.3292682926829269,0.8048780487804879,0.024390243902439046,-0.7073170731707317,-0.34146341463414637,0.0121951219512195,-0.0121951219512195,0.8339959033758266,0.01830910085637172,68.27835814672765,0.0
2015-01-31,-0.020823244579588063,0.0007546300865253208,0.0704875694159306,0.18985695323883767,0.03851108945328385,1.0,-0.04276464965267768,-0.04276464965267768,0.13418635646918017,0.1140844758317548,,-0.005500690687748722,0.006255320774274042,0.014270265578874008,0.028747554249022977,0.04679994914170926,0.017547934688276978,0.012749567131306927,0.09074174212179442,0.11523752498297224,1.8750347888696226,1.7699999999999996,6.9399999999999995,1.6187477155623649,1.9499999999999993,5.779999999999999,1.5121578210567994,17.699996940000005,17.900001520000004,1.0405340963280878,,,-0.24808817107485767,0.21999999999999975,1.0636214049538861,-0.030000000000000027,-1.191591394590658,-0.6700000000000002,0.038585034606978715,-0.4,-2.2472278121370723,-0.24,-2.5347947658411587,-0.27,-1.035398207342749,-0.010000000000000009,-1.5983758183075232,-0.6400000000000001,0.13130643285972068,-1.4477140311084957,-0.006902764308997167,-0.1906702126932563,-0.00022502317531825078,-1.4627765468403713,-0.004248551743984752,2.4181673220939195,0.0020714653942903727,1.1372858725500217,0.003859858854142084,0.01076026738967993,-0.007302953317594341,-1.8862683066867474,-0.7000000000000002,-0.1,-0.3644465322808765,0.03,0.0,0.728171383712256,0.13,0.3780487804878049,-0.4024390243902439,0.7317073170731707,-0.024390243902439046,-0.6707317073170732,-1.3658536585365852,-0.024390243902439,-0.2926829268292683,0.8234554707897843,0.0042015574625338115,68.27835814672765,0.0
2015-02-28,0.07220573698163579,0.02635323428402514,0.0930279857739702,0.21325732195922953,0.08913779159903101,1.0,0.0,0.0,0.18766280670337318,0.13435289637863615,,0.02230983007901477,0.00404340420501037,0.057752015834903636,0.012888887078027933,0.02260905910218347,0.009596484025208518,0.0068771636904751965,0.07851192901444182,0.1005780480340015,-0.8559787409262247,-7.629999999999999,0.009999999999999787,-0.8236264329219846,-6.970000000000001,-0.120000000000001,1.789154481103778,4.8000030599999945,24.800003059999995,1.2661169415292355,,,-0.6166716355403038,-0.06000000000000005,2.2513668045784123,0.16000000000000003,-0.4668449543223948,-0.18000000000000016,0.27881090048149276,-0.22,-1.3512499842878891,0.10000000000000009,-1.5833749048396968,0.040000000000000036,-0.9893929058443715,-0.020000000000000004,-1.1583893798537137,-0.3400000000000001,-0.15938524306953317,-1.4582635591808653,-0.006902764308997167,-0.14665717112207766,-0.00022502317531825078,-1.4626275133076567,-0.004248551743984752,2.1773752421680017,0.0020714653942903727,1.0998358347441963,0.003859858854142084,0.057654691387539224,-0.007302953317594341,-1.76726157159178,-0.6000000000000005,-0.1,-0.41653464997650336,0.03,0.0,0.7091676099205066,0.139,0.7926829268292683,-0.08536585365853655,0.8658536585365854,0.04878048780487809,-0.4146341463414634,-0.7439024390243902,0.0609756097560975,-0.3536585365853659,0.8273865568987422,0.004684354188792206,68.27835814672765,0.0
2015-03-31,-0.023589249175911986,0.025113078886102702,0.07538322321333735,0.21792984727022913,0.04731362191354638,1.0,-0.023589249175911986,-0.023589249175911986,0.18888473503525946,0.14262434382412273,,0.008812220161068085,0.016300858725034617,0.03205431536653425,0.015179572630189098,0.024781216322149247,0.009458074168182673,0.003081481281992371,0.08769344957848202,0.11111614069196207,-0.14142982515296157,1.9499999999999993,-3.91,0.1336825323722908,2.67,-2.3500000000000014,1.3352998052637544,-5.3000030599999945,17.199996940000005,1.1471550032701112,,,-0.33303201154445544,0.040000000000000036,1.55330861885076,-0.10999999999999999,-0.5819270071049486,-0.22999999999999998,0.28336915809138985,-0.31,-1.1999392244695497,0.24,-1.752395898107168,0.08000000000000007,-0.9533402038717296,0.0,-1.079913450533019,-0.1200000000000001,-1.3165096262575666,-1.388377119744904,-0.005032037590773086,-0.12065741753472306,0.001669789555529988,-1.4006464741944227,-0.002742971136462602,1.9875821810618304,0.004121849443259107,1.0986367007824658,0.006260230193050331,0.1004889950322911,-0.004346023981908198,-1.6560346962212584,-0.5,-0.1,-0.43772804275727484,0.03,0.0,0.6083387822498157,0.05799999999999994,0.4756097560975609,-0.2926829268292684,0.7317073170731707,-0.07317073170731714,-0.6585365853658537,0.04878048780487798,0.0121951219512195,0.0,0.8329200034657952,-0.0010758999100314304,68.27835814672765,0.0
2015-04-30,0.01922348486935488,0.06703852891080087,0.06784374828819861,0.2453199999122131,0.052308932626538907,1.0,-0.004819231881169728,-0.004819231881169728,0.16623314114967994,0.14134186679337662,,0.04983867282307419,0.017199856087726673,0.03414769228410863,-0.008449367852790823,-0.02400167669838249,-0.015684835792916574,-0.00587558447778358,0.005200202523100161,0.05986478235386361,-0.38613090173568354,-0.7399999999999984,-6.419999999999998,-0.12449667858880226,-0.7799999999999976,-5.079999999999998,0.4801931847804684,-10.799995420000002,-11.299995420000002,1.1326460481099656,,,-0.15081562705113036,-0.009999999999999787,1.5976618521846078,0.10999999999999999,-0.3406042941778411,0.3699999999999999,0.130891308394563,0.08,-0.3476077086918301,0.42999999999999994,-0.9319963749650406,0.29000000000000004,-0.3552773336238753,0.020000000000000004,-0.8421979435217456,0.2599999999999998,-1.7583139789433009,-1.353384414680011,0.0,-0.07472537433371267,0.0,-1.3878552288967154,0.0,1.85643733856003,0.0,1.0614830112009894,0.0,0.16015835285218943,0.0,-1.555729253780557,-0.10000000000000053,-0.1,-0.43772804275727484,0.0,0.0,0.606913401228844,-0.03500000000000003,0.4390243902439024,0.060975609756097504,0.7073170731707317,-0.024390243902439046,-0.6951219512195121,-0.024390243902438935,0.0121951219512195,0.0365853658536585,0.8238230129387201,0.0003675421489357511,68.27835814672765,0.0
2015-05-31,0.022484437410169367,0.01755684781140232,0.044372761819090334,0.2186558177295559,0.05957669353750572,1.0,0.0,0.0,0.0890656904036179,0.13155664143772455,,0.006751560416174751,0.01080528739522757,0.03671827383467252,-0.0038736866265352,-0.021031051282510593,-0.017224085365108555,-0.011416351163226257,0.01693723568362837,0.05938466113071583,-0.6356802312430814,-0.7100000000000009,0.5,-0.7752561659967987,-1.7600000000000016,0.13000000000000078,1.0166465018529345,7.399993899999998,-8.700004579999998,1.111271676300578,,,0.2716951769313527,0.26000000000000023,1.7007432175319293,-0.020000000000000018,-0.2214784898914303,0.1200000000000001,0.4910868890664257,0.15,-0.9135297957441175,0.08000000000000007,-1.447546020641668,-0.030000000000000027,-0.3083969773727083,0.020000000000000004,-0.7692477934326426,0.14000000000000012,-1.5195437670776362,-3.080077408267789,-0.010232962606455231,-0.00762316289936491,7.697839990195021e-05,-3.1605515846746135,-0.00797765622794322,1.2922087131955509,-0.0012347823622715914,-3.453468191460661,-0.04022389745005406,-1.8684662497155764,-0.021566034151839775,-1.667710342672787,-0.2999999999999998,-0.1,-0.43772804275727484,0.0,0.0,0.7062165474843305,-0.028000000000000025,0.6219512195121951,-0.1707317073170732,0.7439024390243902,-0.12195121951219512,-0.4337349397590361,-0.019100793417572703,0.1219512195121951,0.06097560975609761,0.8219632924248659,-0.00542326447387631,68.27835814672765,0.0
2015-06-30,-0.024839495590189387,0.016253915823787546,0.04177518058018115,0.15238534159426997,0.024997150799566548,1.0,-0.024839495590189387,-0.024839495590189387,0.09156128759551142,0.1329364722442287,,0.0020412224287242875,0.014212693395063258,0.01116513362968563,-0.018271956864682526,-0.04134285604300192,-0.023500295565194063,-0.017157037863282487,-0.01909660335081731,0.03747670498001754,1.217793949061704,4.390000000000001,2.9400000000000013,1.1879608854060824,4.59,2.0500000000000007,1.6367877385236298,9.600006100000002,6.200004579999998,1.013165112452002,,,0.7208835420449603,0.28000000000000025,1.7794248158347543,0.07999999999999996,0.27704223081376605,0.41000000000000014,0.7524968163098307,0.3,-0.7405012886579971,0.10000000000000009,-1.1089586839460885,0.1100000000000001,-0.2994351155230939,0.020000000000000004,-0.3172817554348099,0.33000000000000007,-1.0697333114408407,-2.48954161454841,-0.008842320530073167,-0.15967068867191248,-0.000441858976571341,-2.622984478092743,-0.007228034711092457,1.532369497103947,-0.0003504268954628298,-3.5137229242399637,-0.0483842030170033,-1.1816461236544606,-0.01529470301528435,-1.3703805523926353,-0.10000000000000053,0.0,1.4623558522074032,0.1,0.0,0.9248181580979927,-0.0050000000000000044,0.3292682926829268,-0.1463414634146341,0.5609756097560976,-0.1707317073170731,0.3132530120481928,0.9717895974140465,-0.0121951219512195,-0.024390243902439,0.8186680568039436,-0.014251946661851589,68.27835814672765,0.0
2015-07-31,0.045577659438544416,0.04253130591716414,0.11242107100930698,0.19083292847181932,0.05756258565960337,1.0,0.0,0.0,0.12434972666326935,0.13221547067295936,,0.014698214312363067,0.027833091604801075,0.02575518353234796,-0.006595013941926298,-0.021750659007721995,-0.015256260315276382,-0.012328834986212622,0.021396266409225984,0.03584860281331603,-1.3006019855136073,-6.110000000000001,-2.4300000000000015,-0.8004945227816369,-4.75,-1.9200000000000017,0.42333809002290096,-16.5,0.5,1.2293729372937294,,,1.1905043689091617,0.33999999999999986,1.8495230352196335,0.09000000000000008,-0.13249979111350663,0.15000000000000036,0.6706727263318453,0.35000000000000003,-1.5968267271212306,-0.3599999999999999,-1.5289059884354406,-0.19999999999999996,-0.26240096232720167,0.0,-0.7926269908103117,0.0600000000000005,0.46642505035061366,-1.8257818239930972,-0.006073430027874194,0.6500083132354043,0.0011411056298555877,-1.9672152560504756,-0.0052825294458755945,1.8315474522806467,0.0008841142667386226,-3.1547049177807396,-0.05148333217440748,-1.1324581387254165,-0.01509294490449098,-1.605224743827497,-0.2999999999999998,-0.07,0.1695963102827673,0.03,0.0,1.3395279871091448,0.029000000000000026,0.5783132530120482,0.13928886276814578,0.6341463414634146,-0.07317073170731703,-0.0348837209302325,0.6602382302892796,0.073170731707317,0.0609756097560975,0.8009231014153406,-0.022899911523379446,68.27835814672765,0.0
2015-08-31,-0.06824475212229586,-0.04997672353281646,-0.033297309450592394,0.056633094693496755,-0.018088525822765766,0.0,-0.06824475212229586,-0.06824475212229586,0.19898810713449153,0.1439939428155416,,-0.05924231576312344,0.009265592230306985,-0.03628310173302718,-0.005583304891611629,-0.01885823078555071,-0.013349459999253188,-0.01214006093724096,-0.01503503358890479,0.006636736493191853,4.0469016276010095,16.310000000000002,14.59,4.141096745051494,15.330000000000002,15.170000000000002,1.2208733443072526,11.899993899999998,5.0,0.9331691874780162,,,1.975412433488581,0.4299999999999997,2.13968262989334,0.13,-0.1588096431848181,0.08999999999999986,0.862566123843591,0.25999999999999995,-1.8142116265838493,-0.31000000000000005,-1.804284186483369,-0.17000000000000015,-0.22425151860753373,0.0,-0.960689982263004,-0.04000000000000026,0.31431503950579714,-1.8187167313498578,0.0032971710043485647,0.2987889418036822,0.00031803456595058677,-2.10999598113164,0.001094087654724074,1.0369534724270753,3.4378045808969304e-05,-2.6699056428313614,-0.01045855399589024,-0.6158724206237869,0.011413503587029972,-1.6156271310610153,-0.39999999999999947,-0.03,1.0470822642904223,0.07,0.0,2.1104383961333912,0.10800000000000004,0.180722891566265,-0.44122832794593014,0.3658536585365853,-0.37804878048780494,-0.7093023255813954,-0.2755673858223593,-0.0121951219512195,-0.13414634146341461,0.8011304787007446,-0.02083281372412127,68.27835814672765,0.0
2015-09-30,-0.022072795558194858,-0.04728134219045166,-0.031795933322663394,0.041190409951735285,-0.036929265242381604,0.0,-0.08881119521897562,-0.08881119521897562,0.19831275807546173,0.143536760267629,,-0.06423767079038856,0.0169563285999369,-0.055563440988211976,0.013397516169012968,0.011872199156825358,-0.001505151717712705,-0.00422264618625412,-0.001297892223029784,0.006081360952934878,2.4830638086132066,-3.9299999999999997,6.27,2.725629263787269,-3.1000000000000014,7.48,0.7458699286130751,-6.0999984799999964,-10.700004579999998,1.010204081632653,,,2.353216705190745,0.45999999999999996,1.3853908587295638,0.0,-0.6006932396046768,-0.29000000000000004,0.9640046812696491,0.17000000000000004,-2.2531396832938007,-0.54,-2.351167974327999,-0.4600000000000002,-0.5271436364631388,-0.009999999999999995,-1.087374375528454,-0.29000000000000004,-0.08239577757091081,-1.6628835899587482,0.0020669170384783886,-0.12104340842540948,-6.014248977326275e-05,-1.9090227818191803,0.0004679667688054501,0.504556026899227,-0.002294195863028925,-2.2698160247682795,-0.00043859810512758557,-1.3049754005272285,-0.002755448646535319,-1.5294517931354634,-0.39999999999999947,-0.03,1.1535978137786935,-0.03,0.0,2.3268816116402498,0.14300000000000002,0.2470588235294117,-0.0822094691535151,0.4024390243902439,-0.1585365853658537,0.8372093023255814,0.5239562902773887,-0.0121951219512195,0.0,0.7894776086846826,-0.02919044811926097,68.27835814672765,0.0
2015-10-31,0.11369889939120315,0.014789969022212635,0.05795031163636577,0.1297256262804447,0.06171576053584715,1.0,0.0,0.0,0.32762568595412384,0.22198659401122323,,-0.007071484955275431,0.021861453977488066,0.022076454651928312,0.005420665852318818,0.009277060307607776,0.0038356029334445374,0.0027456190051513563,-0.00400673954138242,0.0070083191979333215,-0.15514682574042332,-9.43,2.950000000000001,0.10804977030817488,-9.52,2.710000000000001,0.1399223140669502,-8.5,-2.700004579999998,1.220968812209688,,,1.863150456569077,0.25,1.9443566792463343,0.07999999999999996,-0.37563740714285837,-0.040000000000000036,0.8864777806653984,0.16999999999999998,-1.6963496420867104,-0.16000000000000014,-1.8056209934368177,-0.20999999999999996,-0.4988876515715976,-0.009999999999999995,-1.1111232628474665,-0.1200000000000001,-0.1938801145210148,-1.8428616900187393,-0.002832822482477182,-0.20981709791693837,-0.001846773407188751,-1.9924617602573667,-0.0028433850846047992,-0.1616815283400363,-0.005355224221907706,-2.433725477813087,-0.004820062242712586,-1.7510139588635316,-0.009004469620287336,-1.6533878641575894,-0.5999999999999996,-0.07,0.3607309953603255,0.0,0.0,1.6946798077868186,0.057999999999999996,0.7674418604651163,0.18912860745306814,0.6463414634146342,0.012195121951219523,-0.0232558139534883,0.011627906976744203,0.0,-0.073170731707317,0.7722003451339166,-0.028722756281424067,68.27835814672765,0.0
2015-11-30,0.006088414335087666,0.0957474434860559,0.04098557644116285,0.08717698148169495,0.05471427660625783,1.0,0.0,0.0,0.24822176933580273,0.22117819359911073,,0.06124047762665019,0.034506965859405714,0.01974213913981604,0.004881163782887832,0.016130730169851892,0.01119492213846951,0.005500441602964923,0.04787847040335236,0.03334025532864482,0.145129515707343,1.0599999999999987,-12.3,0.323495322459084,0.8000000000000007,-11.82,-0.12601282071544184,-3.1999969400000055,-17.799995420000002,1.1463112213267204,,,1.8114198961871102,0.050000000000000266,2.7425849392026618,0.19999999999999996,-0.2973015791325842,0.0,0.8359283120823642,0.040000000000000036,-1.2874188522004653,0.040000000000000036,-1.5036954991118583,-0.039999999999999813,-0.047744489495779766,0.0,-1.4446368964065919,-0.19999999999999996,-0.6719388844374388,-1.5959844634436173,-0.0009806955037043874,0.8149375546508134,0.000789022464710909,-1.8659063594372238,-0.0012423459572612483,0.5848612774757175,-0.0010961394789616996,-2.4015510703485954,-0.01034753412104139,-1.8419732794469859,-0.01666308688979301,-1.5575504527319535,-0.40000000000000036,-0.1,-0.4011494233428662,-0.07,0.0,1.621310785708256,-0.019000000000000017,0.7441860465116279,0.5634631549453629,0.6707317073170732,0.3048780487804879,-0.1162790697674418,0.5930232558139535,0.0120481927710843,0.024243314722303802,0.7710434466111836,-0.030087032089560983,68.27835814672765,0.0
2015-12-31,-0.01594483170761063,0.10261370172343187,0.05048064598836577,0.09436466467051496,0.03353651023665072,1.0,-0.01594483170761063,-0.01594483170761063,0.24030388027833396,0.2183122769287948,,0.07020230800114802,0.032411393722283854,0.0033645271485862605,-0.005119587023175276,-0.006673666207615447,-0.0015620763703549922,-0.0029540014987459173,0.025430160627956555,0.015488017198154624,0.7360080401679767,2.080000000000002,-6.289999999999999,0.7651745365010887,1.5299999999999976,-7.190000000000001,-0.2992338346914901,-2.0999984799999964,-13.799995420000002,1.0873146622734762,,,1.7953092166636793,-0.06000000000000005,2.926078701411382,0.42000000000000004,-0.16656857994357513,0.20999999999999996,1.0766493242620538,0.07999999999999996,-1.1886967604313587,0.24,-1.5736821959520189,0.13000000000000012,3.7910523211033795,0.13,-1.5318134679282849,-0.20999999999999996,-1.363635410998134,-1.4939860310058444,-0.0011410836142162761,0.8252387446447839,0.0016860368969080497,-1.7359421000078918,-0.0013658465881933868,0.5497625445604525,0.000348078963067433,-2.1632373366706976,-0.012207184444854802,-1.7055338143319712,-0.008765465792783145,-1.4699263865754744,-0.5999999999999996,-0.1,-0.42914958657467667,-0.07,0.0,2.103650285640089,0.018000000000000016,0.4767441860465116,0.2296853625170999,0.6219512195121951,0.2195121951219512,-0.7674418604651163,-1.6046511627906979,0.0,0.0121951219512195,0.7755725999776645,-0.013905008707018163,68.27835814672765,0.0
2016-01-31,-0.06910423749008543,-0.07836990484519712,-0.06473902428791867,0.04040401627484291,-0.03730575970276884,0.0,-0.08394721376063385,-0.08394721376063385,0.13390534898072995,0.23301769794761543,,-0.0627937843277182,-0.01557612051747892,-0.04213625462908088,0.0065323570446320645,-0.011127134558919893,-0.017544882168918474,-0.011693883063659483,0.027437955150289906,0.024028259832546528,1.2304652918248462,1.9899999999999984,5.129999999999999,1.753305421638797,4.010000000000002,6.34,0.14071635545647923,6.199996949999999,0.9000015299999973,1.121782178217822,,,2.309311594735875,0.29000000000000004,1.313942720437335,0.010000000000000009,-1.160883326723722,-0.2200000000000002,0.5204836703302,-0.09999999999999998,-1.5344687463070081,-0.010000000000000009,-1.9022201875805294,-0.1200000000000001,4.510338182027824,0.21999999999999997,-1.5137600675311704,-0.2300000000000002,-1.4500727504394155,-0.694975746928839,0.006100847313200042,1.5559937526553562,0.0034694406411295287,-1.204507039380206,0.002504655223818153,0.3103301765000133,0.001609895507259651,-2.6482870292607545,-0.022437378590862256,-0.6352355701522511,0.009551188557846979,-1.3924385629352287,-0.2999999999999998,-0.03,1.269506448822367,0.04000000000000001,0.0,2.42143500022171,0.15200000000000002,0.3023255813953488,-0.4651162790697675,0.3658536585365853,-0.28048780487804886,0.8488372093023255,0.8720930232558138,0.0116279069767441,0.0116279069767441,0.7636538795486724,-0.00854646558524419,68.27835814672765,0.0
2016-02-29,-0.01565350998431847,-0.0982866551961945,-0.01194990767396964,-0.04484931735083586,-0.04859683699807793,0.0,-0.08367602360289406,-0.0982866551961945,0.10661132737554647,0.2119899680813374,,-0.06698197426627317,-0.031304680929921336,-0.037411689977804086,0.01943114804625412,0.0008198209752956487,-0.0182565807476327,-0.008882886539752444,-0.018716256748650295,0.0060899666748330805,1.2588110522589873,0.3500000000000014,4.420000000000002,1.6106049271971492,-0.08999999999999986,5.449999999999999,0.78763566263235,9.38999939,13.489997860000003,1.0895377128953772,,,2.2746634036231965,0.34999999999999964,1.3371630605522262,-0.15999999999999992,-1.7216229948462334,-0.47,-0.16028364824321045,-0.3,-1.3415238171704706,-0.07000000000000006,-1.7731790080823007,-0.17000000000000015,3.566650360218345,0.20999999999999996,-1.8866282420712406,-0.31000000000000005,-1.6909860530381242,-0.6535507524704391,0.00511108190865972,1.4598520289928332,0.0015797374332329195,-1.1397728736215127,0.002504655223818153,0.2701088107167742,-0.0005646706524851108,-2.352523849238295,-0.017710787440996634,-0.6035030174054143,0.012269391487671477,-1.3236439382400966,-0.20000000000000018,-0.03,1.2018028676128434,0.07,0.0,2.1856533048373015,0.15300000000000002,0.5465116279069767,-0.19767441860465118,0.4390243902439024,-0.23170731707317083,-0.4186046511627907,-0.30232558139534893,0.0,-0.0120481927710843,0.7782883813087154,0.007244934697531735,68.27835814672765,0.0
2016-03-31,0.06852412239929806,-0.020885727286847233,0.07958481264649508,0.04525840592742725,0.016289014611417407,1.0,0.0,-0.03649753958777813,0.24035149057348748,0.2279763719270224,,0.013290845343965296,-0.03417657263081253,0.027956829679592232,0.030270058964261937,0.04833021837397622,0.017529539223793744,0.015384281541866551,-0.04067686629964207,-0.02780474923734977,-0.5531393020274924,-6.600000000000001,-4.260000000000002,-0.16332932395187083,-6.699999999999999,-2.7799999999999976,-0.33369180572781115,-14.589996339999999,1.0,1.2243727598566307,,,1.1266185560319566,-0.10999999999999988,1.0286064516949103,-0.33000000000000007,-1.5774480077190327,-0.49,-0.8731915313696191,-0.57,-0.3896955609384398,0.17999999999999994,-1.0580239871642125,0.08000000000000007,2.527475649640179,0.04999999999999999,-1.5910000883976316,-0.15999999999999992,-2.1995986920059654,-0.8751804991910095,0.003312155338726086,2.9660914462580164,0.005599204509498357,-1.0985791471399868,0.0023913932798311777,1.0888231380660895,0.0017792351923184846,-2.1255302392995596,-0.017683787622281177,-0.3862830938131307,0.014519978546795764,-1.3652054872070174,-0.2999999999999998,-0.03,1.2018028676128434,0.07,0.0,1.6570016579445779,0.020000000000000018,0.9186046511627908,0.4418604651162792,0.6867469879518072,0.0647957684396121,0.0465116279069767,0.813953488372093,0.0813953488372093,0.0813953488372093,0.7718046008207529,-0.0037679991569116167,68.27835814672765,0.0
2016-04-30,-0.03186813186607662,0.018279132996135372,-0.06152330576262155,-0.007138288868098974,-0.015686124559548098,0.0,-0.03186813186607662,-0.06720256304948402,0.18669436238388784,0.15846520863947156,,0.0705850115168214,-0.05230587852068602,0.030053843527127144,0.020281233289560108,0.06332378966228402,0.042186952938404465,0.024407620267052232,-0.06549806236572098,-0.04041450563543347,-0.09008383904694485,1.75,-4.5,0.4571715911009187,2.4499999999999993,-4.34,-0.692822063365902,-3.8800048800000013,-9.08000183,1.1751592356687899,,,0.45195567836596867,-0.6200000000000001,1.1752887949634963,0.010000000000000009,-1.4671631151475377,-0.10999999999999988,-1.4296342548916916,-0.41000000000000003,0.07426225337600945,0.41000000000000014,-0.6996556033817654,0.30000000000000004,2.871409777570398,0.010000000000000009,-1.5018603395233596,-0.11999999999999988,-2.202692749766057,-0.3637811802338791,0.001350253119550393,3.0733351908721267,0.0057015493522105665,-0.6301384493548635,0.00223434925864896,1.677068507253395,0.004167735316747967,-2.161419849819721,-0.007059488314864137,-0.6203532742896497,-0.0006812210829787446,-1.1935075933870147,0.0,0.0,1.817450628177158,0.03,0.0,1.4017423602891383,-0.08000000000000002,0.5581395348837209,0.2558139534883721,0.6941176470588235,0.3282639885222382,-0.5348837209302325,-1.383720930232558,0.0232558139534883,0.0116279069767442,0.7791636472205266,0.015509767671854191,68.27835814672765,0.0
2016-05-31,0.04370034059986039,0.07967904463891151,-0.026438997344069737,0.013462961550420038,0.027968855921528313,1.0,0.0,-0.026438997344069737,0.1811376211069622,0.17545271945405227,,0.08969765119361606,-0.010018606554704546,0.046144040405234454,0.011448781405953179,0.04686001062820577,0.03501040277395906,0.01627780504398091,-0.02743815462362964,-0.01403926283541057,-0.48932159279921283,-1.5099999999999998,-6.360000000000001,-0.6100087218578738,-4.050000000000001,-8.3,-0.42831129987030875,2.9900054900000015,-15.479995729999999,1.1719520789288231,,,0.39622877051582617,-0.71,1.5903860281247448,0.08999999999999997,-1.3753572079532272,0.10000000000000009,-0.6480431124292153,-0.020000000000000018,-0.39988119580725684,0.24,-1.2357107794922437,0.1200000000000001,2.4118620635806853,0.0,-1.5785639522099182,0.01000000000000012,-2.327221564978588,0.25689592081966034,0.0053390099881700515,1.2255287581271876,0.0008514748193009236,0.03930330477880047,0.005799430969746888,-0.1122856412486449,-0.0005034219128834394,-1.1778141198952639,0.01838241115461048,-1.004506265858034,-0.005471122612097146,-1.033602450902374,0.09999999999999964,0.03,2.294670970061,0.06,0.0,1.3601433978634232,-0.07400000000000001,0.7325581395348837,0.18604651162790697,0.7906976744186046,0.3516732841747022,0.0116279069767441,0.4302325581395348,0.0813953488372093,0.0813953488372093,0.776609828522634,-0.001678552786081311,68.27835814672765,0.0
2016-06-30,-0.022783378644843255,-0.012581666588031948,-0.03320461661770757,0.015599838874000183,0.00045368483390850756,1.0,-0.022783378644843255,-0.04862000630143315,0.14292103901479503,0.17688772342537107,,0.024546522443312124,-0.03712818903134407,0.04140727975337044,0.022088722150381157,0.041562816541538705,0.01905323282521465,0.021607464257130005,0.010885762901742702,-0.012238457320303597,-0.08356906983356377,1.4400000000000013,1.6800000000000015,-0.0018391648738009022,2.3299999999999983,0.7299999999999969,0.009819042056528353,4.729995729999999,3.839996339999999,1.1573896353166986,,,0.594232634184376,-0.20000000000000018,0.07237680401505318,-0.15000000000000002,-2.1623227673906955,-0.29000000000000004,-1.6256123182752105,-0.07,-0.7182229860084738,-0.1100000000000001,-1.614098551822994,-0.2200000000000002,2.2721045063266074,0.04999999999999999,-1.5845074774057624,-0.14,-2.503161014337906,-0.23384028051068623,0.003812487489976313,0.6637933340828281,-0.00461355744548575,-0.38046872593173375,0.0034965353935405563,-1.0622411643827394,-0.005309126810903564,-0.9755329384136905,0.022670221424585857,-1.5536530077362347,-0.015649845818086483,-0.9879303368694662,0.09999999999999964,0.03,2.1286264362381915,0.06,0.0,1.4341565600786348,0.009000000000000008,0.5930232558139535,-0.32558139534883723,0.6976744186046512,0.010927430652843961,0.8837209302325582,0.8372093023255814,0.1976744186046511,0.1162790697674418,0.7766719198356625,0.004867319014909666,68.27835814672765,0.0
2016-07-31,0.0715082759582093,0.09285413579364543,0.11283056188719409,0.04078699711284073,0.05787347202300519,1.0,0.0,0.0,0.16783493272429273,0.1650752069306811,,0.05776536844581481,0.03508876734783062,0.06429172250929627,0.025047984867895057,0.03890954884495401,0.013522843985538602,0.019873410190951235,0.026299391933993777,-0.01279960648392131,-1.0952332772285112,-3.7600000000000016,-3.83,-0.9539934306013689,-3.6099999999999977,-5.33,-0.6758684460510888,-8.489997860000003,-0.7699966400000022,1.299073294018534,,,0.05213651754535752,-0.1499999999999999,0.5007434255099206,-0.09999999999999998,-2.0438239650748606,-0.3700000000000001,-2.0385918340388822,-0.15,-0.9454716767815187,-0.29000000000000004,-1.2340433906643227,-0.21999999999999997,2.061666700832776,0.0,-1.6956297844941395,-0.27000000000000013,-1.068830835262902,0.1552566708853939,0.0030553647130442396,1.4793130475193603,-0.0037945056799844057,-0.0885063067240458,0.002602087669911768,-0.7714383149765394,-0.006291782395226209,-0.7478320768059952,0.035239756965602,-0.4320683442999876,0.0007440737292754296,-1.180745028303916,-0.09999999999999964,-0.03,0.8443155138151486,-0.03,0.0,1.3372427333249488,0.031000000000000028,0.8255813953488372,0.2674418604651163,0.8488372093023255,0.15471956224350203,0.0581395348837209,0.5930232558139534,0.0813953488372093,0.05813953488372099,0.7757538090874129,-0.003409838133113685,68.27835814672765,0.0
2016-08-31,0.010500737680120942,0.05809097442810374,0.1423986524115899,0.12874709398840412,0.06498479416726499,1.0,0.0,0.0,0.16565426800458488,0.1558187159589871,,0.04132161335059514,0.016769361077508593,0.0589199374807623,0.022696945076680297,0.04614460268227294,0.022927278426390973,0.014314695030448243,0.0020742758367817693,-0.01020599280003065,-0.6426611601797557,1.5500000000000007,-0.7699999999999996,-0.5730050228425337,1.3699999999999992,0.08999999999999986,-0.19170252456244913,4.930000300000003,1.1699981699999995,1.2026825633383011,,,-0.2087539946940411,-0.22999999999999998,1.1283892818315433,-0.06999999999999995,-1.6273358973081786,-0.26,-1.3011897525074219,-0.19,-1.046961337438971,-0.19999999999999996,-1.2280880188319303,-0.07000000000000006,1.890181541888043,0.010000000000000009,-1.6109772673958191,-0.19000000000000006,-0.8616928529958867,0.12807404276986423,-0.0011773443230649328,1.8689385602377404,0.0025836801618568384,0.05353094850426048,-0.000304609231285502,-0.18836038487575932,-2.0887184624784894e-05,-0.9304806733165366,0.0031376778999834265,-1.1775012046590192,-0.004408417604251147,-1.1320845646706736,-0.09999999999999964,0.07,2.6371370320425735,0.04000000000000001,0.0,1.2318506502210325,0.019000000000000017,0.7325581395348837,0.0,0.8488372093023255,0.05813953488372092,-0.1046511627906976,-0.11627906976744169,0.1046511627906976,0.023255813953488302,0.7745888700552145,-0.0020209584674195646,68.27835814672765,0.0
2016-09-30,0.022134232286380673,0.10672596249583965,0.0928015054313982,0.17977190850096392,0.08263452295463103,1.0,0.0,0.0,0.11220565147989481,0.13603419595627272,,0.03779776764347442,0.06892819485236523,0.05279211690526853,0.0038390247617701156,0.0115806768506439,0.007712045355789066,0.006152730106493642,-0.001944609980240375,-0.0074919216997493265,-0.6493838804537974,-0.13000000000000078,-2.3400000000000016,-0.532818523034496,0.10999999999999943,-2.129999999999999,-0.9630359401449582,-8.520000459999999,-12.079998019999998,1.2317531978931529,,,0.001430304690335777,-0.22999999999999998,0.9184969847285817,0.19000000000000006,-1.4789532244464216,0.1100000000000001,-1.6906419220855826,-0.09,-0.29162822443040254,0.07000000000000006,-0.7423718196384469,0.20000000000000018,1.6551708610464044,-0.010000000000000009,-1.4297508840973134,-0.07999999999999996,-1.2120424682859665,0.15085593113884385,0.00214810474506244,1.7294660534013926,0.0040292453503780745,0.08138475055871094,0.002111548288907805,-0.20888760537553777,0.002440911868591744,-0.8818808909070719,-0.0011771321887074082,-1.1146140898790942,0.0035197185426139033,-1.0854688082947739,0.0,0.07,2.345449212785054,0.04000000000000001,0.0,1.2955029888807035,0.01699999999999996,0.6976744186046512,0.10465116279069764,0.8837209302325582,0.18604651162790697,0.7790697674418605,-0.10465116279069764,0.1395348837209302,-0.058139534883720895,0.7677848305951878,-0.008887089240474766,68.27835814672765,0.0
2016-10-31,-0.01457210250714902,0.017816346166571462,0.1123248033865143,0.043890904400417874,0.06101956990491875,1.0,-0.01457210250714902,-0.01457210250714902,0.06498215948681371,0.12316007118162499,,-0.01610287659296361,0.03391922275953507,0.028637156014797993,-0.009802276025280054,-0.01662978016948402,-0.006895091736626169,-0.0021463356940211176,0.02270490945252801,0.016740486042310154,0.3433983462227981,3.7699999999999996,5.1899999999999995,0.4509837493015502,3.870000000000001,5.35,-0.5015402385978653,4.909999849999998,1.319999690000003,1.0463071512309499,,,-0.20158305617442293,-0.10000000000000009,1.335279457543682,0.18999999999999995,-0.8270416748598345,0.3800000000000001,-1.1319763693576876,0.14,0.2981116776013031,0.28,-0.259260145893058,0.24,1.7235425196697325,0.010000000000000009,-1.0868320650076502,0.19000000000000017,-1.2244950350246848,0.94112284275081,0.004693580853692758,1.2096342226485515,8.909036062476616e-05,0.736041618916393,0.0039016747222946346,-0.1473758492346252,0.0017168327729422117,-0.7198038665153246,-0.0031583370039535152,-0.1456802824945069,0.0019306966637671064,-0.9146488625193943,0.0,0.1,2.544700818372138,0.13,0.0,1.0514276427552984,-0.01200000000000001,0.4767441860465116,-0.34883720930232565,0.8023255813953488,-0.046511627906976716,0.1511627906976744,0.09302325581395351,0.0232558139534883,-0.05813953488372099,0.7651582053779141,-0.010595603709498747,68.27835814672765,0.0
2016-11-30,0.004359346975818745,0.011630494327032226,0.0703970955036739,0.042096869538552184,0.052084367487904126,1.0,-0.010276280382326086,-0.010276280382326086,0.06358775576012077,0.11614202095260996,,0.018922156627039444,-0.007291662300007218,0.05146123773298461,-0.033122528482953606,-0.04948691823678586,-0.016924988156106546,-0.009220855938177452,0.06112719935600541,0.054219057372366875,-0.6610083359422279,-3.7299999999999986,-0.08999999999999986,-0.6652242572091971,-4.1899999999999995,-0.20999999999999908,0.9607392741583015,15.489997860000003,11.879997250000002,1.207801950487622,,,-0.5990652660151494,-0.1599999999999997,2.456403529610395,0.31000000000000005,0.5534930107510277,0.79,0.3222299518977942,0.32,1.020807970270273,0.5,0.5072806580550219,0.47,1.6038119236626334,0.010000000000000009,-0.5129708824618718,0.48,-0.9238217813788695,0.7499567466772697,0.003933720698713783,0.5602655532745264,-0.0033353546159138325,0.7180461257770147,0.0032432899123939762,-1.022106926593293,-0.0020553991619973733,-0.5220258067893245,0.0082639586076112,0.08036929735071695,0.014629461956311873,-0.8813732139641327,-0.09999999999999964,0.1,2.2934148232433094,0.03,0.0,0.7004230332494984,-0.059,0.5930232558139535,-0.13953488372093015,0.7441860465116279,-0.10465116279069764,-0.5581395348837209,-0.45348837209302334,0.1046511627906976,0.0,0.7835894546961868,0.009000584640972309,68.27835814672765,0.0
2016-12-31,0.011321812377004026,0.0009291858762559002,0.10775431662907642,0.07097175923879728,0.04789594694700905,1.0,0.0,0.0,0.04641918853268625,0.10071920056719288,,0.039516553718455194,-0.038587367842199294,0.0555324801817787,-0.03116562660007094,-0.038478400735413754,-0.007548012680103522,-0.003456953773653515,0.0706765972156751,0.05713340090602559,-0.4724053600149163,0.7099999999999991,0.75,-0.2645218757235136,1.549999999999999,1.2300000000000004,0.06800054362463626,-9.33000183,11.06999588,1.1780626780626782,,,-1.0272982267567423,-0.41000000000000014,2.5851275249599572,0.42999999999999994,0.864693005111976,0.8500000000000001,0.7153836061956501,0.5,1.2675321310146015,0.3900000000000001,0.59093893403521,0.34999999999999987,3.1963130260360346,0.26000000000000006,-0.49202070518771157,0.42000000000000015,-1.4076791508901167,1.2620142093973064,0.007509160372633827,1.3282787336335753,-0.0007140097306130855,1.1557395664506687,0.0056541150301141485,-0.40155701814571765,-0.0005404495551126764,-0.6202291022211085,0.004308539354114349,0.22756514200985825,0.01653512263473611,-1.272733039184171,-0.39999999999999947,0.0,0.7683554057214378,-0.07,0.0,0.4432490086615926,-0.119,0.6046511627906976,-0.09302325581395354,0.7790697674418605,-0.10465116279069764,-0.9186046511627908,-1.6976744186046513,0.0116279069767441,-0.1279069767441861,0.7755817440638649,0.007796913468677169,68.27835814672765,0.0
2017-01-31,0.05140108035876256,0.0679401608888861,0.0869669524804666,0.20961004448164866,0.08614652451457072,1.0,0.0,0.0,0.08795167225343901,0.0757920221652638,,0.07678666464349715,-0.008846503754611046,0.06173974093409318,-0.0211056095331571,-0.022133763958075536,-0.0010503221133264518,-0.0028064855227848406,0.018556996489216937,0.02404623397097816,-0.9716619102377723,-2.049999999999999,-5.0699999999999985,-0.8580976517476449,-2.3900000000000006,-5.030000000000001,0.13346283546594453,0.8899993899999998,7.049995420000002,1.20767306088407,,,-1.129881278157622,-0.3799999999999999,2.307885942760509,0.32999999999999996,0.9006436809288607,0.6100000000000001,0.2565253075096583,0.29000000000000004,1.5958537524484016,0.34999999999999987,0.980094790640071,0.31999999999999984,2.7992634979153825,0.25000000000000006,-0.4272028921601819,0.28000000000000014,-1.3331017507036556,1.5509884564125265,0.00502154291346768,0.8182388510403411,-0.0007399702126891228,1.467457647719193,0.004373831808544226,-1.1580952387740757,-0.002629176771978825,0.056308222242981716,0.019734552297549834,0.5435799079405423,0.00881733616360525,-1.2332049860239445,-0.20000000000000018,-0.07,-0.2811725900334522,-0.17,0.0,0.22882045489043382,-0.11599999999999999,0.813953488372093,0.33720930232558144,0.8488372093023255,0.046511627906976716,0.0,-0.1511627906976744,0.0465116279069767,0.023255813953488403,0.780907824162544,0.015749618784629882,68.27835814672765,0.0
2017-02-28,0.04375050173578332,0.10982496663955965,0.12273277961805995,0.28260841445399043,0.10933586611514245,1.0,0.0,0.0,0.07370887285460392,0.08582881978443663,,0.07933431222240417,0.030490654417155483,0.08650521470273209,0.011160505451553782,0.023188721810003976,0.011895457045248081,0.004764542740592903,-0.0037438423645319574,0.03205683661107317,-0.7106186807449476,0.9299999999999997,-0.41000000000000014,-1.0205679873388025,-0.6899999999999995,-1.5300000000000011,-0.06130899707675011,-1.6299972500000024,-10.069999690000003,1.1826625386996903,,,-1.205452301019659,-0.26000000000000023,2.2409682432361184,0.10999999999999988,0.6859905775271847,-0.010000000000000231,-0.01352603049517346,-0.08999999999999997,1.3722153337386238,0.11999999999999988,0.9004527516471437,0.08000000000000007,2.5209826306398,0.25999999999999995,-0.657712436834417,-0.1200000000000001,-1.0901970530751113,1.4704292801663772,0.0060253552359361695,0.77573037682102,0.0011563634549178747,1.408493490170085,0.004373831808544226,-1.114187485900774,-0.0004566828180092575,0.07948913273066237,0.014972436282129076,0.5266840415678443,0.00606096373370546,-1.205497676250161,-0.20000000000000018,-0.07,-0.2955089791583927,-0.17,0.0,0.1393877502383546,-0.07100000000000001,0.872093023255814,0.2790697674418604,0.9069767441860463,0.16279069767441845,-0.4069767441860465,0.1511627906976744,0.0813953488372093,-0.023255813953488302,0.7766105144013784,-0.006978940294808389,68.27835814672765,0.0
2017-03-31,0.020269888943425407,0.1196445894888638,0.12068494742784308,0.2246861976634542,0.10984690471877867,1.0,0.0,0.0,0.05619646980566066,0.08574406643289925,,0.05921214276441944,0.060432446724444366,0.07293734461842538,0.00804642778949205,0.011682232582962193,0.0036067830739137108,0.003016890408617856,-0.018197828001174088,0.019106598448642487,-0.8400731256558784,-0.5500000000000007,-1.67,-1.4148564440890943,-1.8499999999999996,-4.93,-1.066617480161265,-10.189998629999998,-10.92999649,1.0994341147938562,,,-1.0777453548355904,-0.03999999999999959,2.22663577376811,0.07000000000000006,0.861770829310753,-0.050000000000000266,0.4569942921436785,-0.07,0.8984636571420894,-0.07000000000000006,0.740420525594872,0.020000000000000018,3.3322837746995635,0.2699999999999999,-0.6432533337254955,-0.12000000000000033,-0.4147646878432567,2.2436839568135896,0.009565211578523858,0.8001708397664584,-0.0013027000604113326,2.079351187748984,0.006839421975253446,-0.5917888069583305,-0.00038425144984710613,0.09167393746414898,0.01882184837621459,1.0865729451205755,0.011745714267797913,-1.6873439274072466,-0.5,-0.03,0.2766549997148342,-0.03,0.0,0.15801599121608426,-0.024999999999999967,0.8023255813953488,0.19767441860465118,0.9069767441860463,0.12790697674418583,-0.1976744186046511,0.7209302325581397,0.0813953488372093,0.0697674418604652,0.774212729090952,-0.0013690149729129741,68.27835814672765,0.0
2017-04-30,0.027269980371792846,0.09394720716393201,0.16827015642259724,0.29949587204509776,0.11281671992109943,1.0,0.0,0.0,0.04175998183761513,0.06345211220503659,,0.05092019284084692,0.04302701432308509,0.06813933069715228,0.01503281073668905,0.022228570199348763,0.007089189025758946,0.004806754351530218,-0.004642656162070935,0.0024420926497361606,-1.2108536773637115,-1.549999999999999,-1.17,-1.386581592673717,-0.22000000000000064,-2.76,-1.1255062757300092,-0.5100021300000037,-12.329998010000004,1.1950092421441774,,,-0.9961064399264788,0.04999999999999982,2.0784493800709876,0.09000000000000008,0.5809588488388027,-0.16000000000000014,0.17674924253511237,-0.030000000000000027,1.0914302505772064,-0.1299999999999999,0.5931435577540864,-0.1299999999999999,2.8684663596739512,0.2699999999999999,-0.915305819565015,-0.2500000000000002,-1.2055817423883877,1.679213005364247,0.0039039732504715374,0.16054448892472215,-0.0015127817936153587,1.5625756125208954,0.0024920291883978596,-1.6097700947961784,-0.00022643967878765991,0.36161287877483167,0.007367031762207654,1.2658027264402063,0.010576678397626882,-1.6990005021827328,-0.5999999999999996,-0.03,0.249323812523568,0.04000000000000001,0.0,-0.02212932056899026,-0.015000000000000013,0.7674418604651163,-0.046511627906976716,0.9069767441860463,0.05813953488372081,-0.1744186046511628,-0.1744186046511628,0.1860465116279069,0.1395348837209302,0.7664862425619986,-0.014421581600545408,68.27835814672765,0.0
2017-05-31,0.03897345394505525,0.08894041858709789,0.2085332637308941,0.2936104953171246,0.13126227806973412,1.0,0.0,0.0,0.03273517733129393,0.052547099692246926,,0.025459849545558466,0.06348056904153943,0.06996133081141243,0.015449365984669061,0.022349741424250613,0.006795390957667458,0.008119022887766114,-0.03878560126582287,-0.017958989851023732,-1.2992380624842623,-0.41000000000000014,-2.51,-1.027855677944227,1.4100000000000001,-0.6600000000000001,-1.7020227092840534,-6.239997869999996,-16.939998629999998,1.2132564841498559,,,-1.123457055143079,0.040000000000000036,1.9341416028478018,0.06000000000000005,0.358334761556166,-0.1499999999999999,0.3077776098345294,0.06,0.7843452977196269,-0.16999999999999993,0.2088033304503005,-0.20999999999999996,2.5165031010871814,0.26,-1.0931365447384451,-0.20999999999999996,-1.3081996609907278,1.170302579292953,-5.210779443265423e-06,-0.8844336707947354,-0.004153422043197574,1.0260149635188351,-0.0008357631566375812,-2.0955262544781994,-0.001582568625586589,0.2709246861185043,0.003972118358358312,0.836623021323274,0.004912331805663195,-1.6170017927527711,-0.5999999999999996,-0.03,0.22176238632352266,0.04000000000000001,0.0,-0.38383286628300367,-0.04700000000000004,0.8255813953488372,-0.046511627906976716,0.8488372093023255,-0.05813953488372081,0.1744186046511628,0.5813953488372093,0.2558139534883721,0.17441860465116282,0.7612856811517728,-0.015324833249605652,68.27835814672765,0.0
2017-06-30,-0.023176530166204468,0.042569784381334186,0.16730761824713203,0.2930900529472664,0.08553186099317145,1.0,-0.023176530166204468,-0.023176530166204468,0.11440666277949073,0.09269759663855816,,0.030708707615901165,0.01186107676543302,0.06317081876386665,0.015824208624202196,0.030304582830326998,0.01425480322597994,0.010145290936117046,-0.04705530642750366,-0.0337970961777454,-1.0941967929616434,0.7699999999999996,-1.1899999999999995,0.08168385146923508,4.67,5.859999999999999,-1.6042520719247413,1.2700004599999986,-5.4799995400000014,1.1753130590339893,,,-1.4567524914514374,-0.15000000000000036,2.1181091203860523,0.10999999999999988,0.7158801394508831,-0.08999999999999986,1.1462883824230943,0.14999999999999997,0.48945028351526354,-0.14000000000000012,-0.07000620082383674,-0.24,2.9484406971782784,0.2400000000000001,-1.058503144867096,-0.19999999999999973,-1.1558347778015934,1.2374452272404222,-0.006651871862564107,-0.10532248823527221,-0.002344508812457624,1.2789086043667122,-0.004212071290556008,-0.7867745161149604,-0.00031983768160448456,0.7146099531841638,0.015504281286959354,0.6854714576095171,-0.004748966782093689,-1.5627777127584839,-0.2999999999999998,-0.13,-1.3135156728393262,-0.1,0.0,-0.7277885048164553,-0.08699999999999997,0.4767441860465116,-0.32558139534883723,0.8255813953488372,-0.08139534883720911,0.0348837209302325,0.2325581395348836,0.0116279069767441,-0.0697674418604652,0.770691053419939,-0.003521675671012914,68.27835814672765,0.0
2017-07-31,0.040613193839817985,0.05611172705864109,0.15533047426887725,0.2558060447238537,0.10741107789677273,1.0,0.0,0.0,0.1259717282624694,0.0867857234434692,,0.04155540013778358,0.01455632692085751,0.0691770634193809,0.010053478418501793,0.02599296404895801,0.015780833362817104,0.01065002425140471,-0.0606461383139828,-0.05761108466439102,-1.2560509060045877,-0.9199999999999999,-0.5600000000000005,-0.3469924783898557,-1.7400000000000002,4.34,-2.186208339577218,-7.0800018300000005,-12.049999239999998,1.2153996101364524,,,-1.5076265644582372,-0.21999999999999975,1.8210646714755783,0.06000000000000005,0.7312151760568059,0.009999999999999787,0.6249753286015294,0.10999999999999999,0.729800813813147,-0.14000000000000012,0.4327238951439778,-0.09999999999999987,2.6008092647616183,0.2400000000000001,-0.9420877276987917,-0.050000000000000266,-0.6750150965985328,0.6777591240068694,-0.00800630426600013,-1.1669082809486164,-0.003467261476897132,0.8796884488544867,-0.004408130931671694,-1.0668567782950706,0.0008339281343539007,0.7321242097052028,0.007641240955988504,-0.021583464937115562,-0.016299943521071114,-1.714377995842906,-0.40000000000000036,-0.03,0.18374575092865633,0.0,0.0,-0.9356004292452591,-0.08099999999999996,0.6046511627906976,-0.16279069767441867,0.813953488372093,-0.09302325581395332,-0.3488372093023256,-0.1744186046511628,0.0,-0.1860465116279069,0.7606073658266173,-0.005878876735381344,68.27835814672765,0.0
2017-08-31,0.02073587931194809,0.03757331650541995,0.12985552159021552,0.26852583032179544,0.10465451752984767,1.0,0.0,0.0,0.11307109469516269,0.08048228458000509,,0.03005724468750648,0.007516071817913472,0.054873245846500884,0.012601188408832176,0.019353349590507163,0.006668134759238553,0.005753550561210741,-0.04510380872034403,-0.05525612642186428,-1.1517243055751458,0.33000000000000007,0.17999999999999972,-0.7516025188389397,-1.5399999999999991,1.3900000000000006,-1.813213311845042,2.990001679999999,-2.819999690000003,1.303116147308782,,,-1.2942173401902999,-0.08999999999999986,1.6685910358891434,0.050000000000000044,0.14243194676358664,-0.08999999999999986,0.01916412786724946,-0.040000000000000036,0.35741095446596266,-0.1399999999999999,0.19623981238113353,-0.050000000000000044,2.32092556276576,0.2400000000000001,-1.4283477026266198,-0.1399999999999999,-0.3727019793376804,1.06173849360051,-0.001221562762706796,-1.291487457981113,-0.0012654019510056624,1.0687971020391658,-1.673054643291927e-05,-1.5435274810507913,0.0008995482404652311,0.5480604009122766,0.004755860481988616,0.23492995675467057,-0.007989444419446823,-1.470240186103758,-0.2999999999999998,0.03,1.0838161902494299,0.06,0.0,-0.9105142531197744,-0.027999999999999914,0.7441860465116279,-0.08139534883720934,0.8023255813953488,-0.046511627906976716,0.5813953488372093,0.40697674418604657,0.1627906976744186,-0.09302325581395351,0.7440114565871773,-0.017274224564595486,68.27835814672765,0.0
2017-09-30,-0.002949769050396678,0.05905800464120192,0.10414187554610388,0.2373951797492655,0.077639428499656,1.0,-0.002949769050396678,-0.002949769050396678,0.07554931246488776,0.08725059447478163,,0.04415365828660622,0.014904346354595699,0.06013277240712478,0.006993464187503129,0.01397798889212587,0.006936017911752801,0.007499653344181123,-0.02668674446814745,-0.04439523162707226,-1.3390009996948649,-1.08,-1.67,-0.8340644443973065,-0.4800000000000004,-3.76,-1.5732271237255386,1.75,-2.3400001500000016,1.31335436382755,,,-1.5772206544778566,-0.08999999999999986,1.9757920436613188,0.09000000000000008,0.903781481214666,0.020000000000000018,0.6726352276917352,-0.08999999999999997,0.7888839551568343,0.050000000000000044,0.6460081462337377,0.1100000000000001,2.0790208482898325,0.0,-1.1768732130627408,-0.07000000000000006,-0.5105021373490748,1.0461930715360648,-0.001690197696093687,-1.2701993478592961,-0.0032365965517171524,1.062310308743589,-0.0015168376969438846,-1.4527863220827217,-0.0019505636785637215,0.5878374979566141,-0.006670295287201089,0.29141687064012406,-0.005918557044206629,-1.4369910828145966,0.0,0.03,1.0277885027326352,0.16,0.0,-1.0029693829362305,0.0020000000000000018,0.6162790697674418,0.13953488372093026,0.8255813953488372,0.0,0.3837209302325581,0.3488372093023256,0.1395348837209302,0.1279069767441861,0.7560438753786803,-0.014647178041258702,68.27835814672765,0.0
2017-10-31,0.046063939545428756,0.06460536451032839,0.12434221014889713,0.3135354497231808,0.09918705128888416,1.0,0.0,0.0,0.08491011958361443,0.09619554526089956,,0.04723314728978978,0.01737221722053861,0.06853793814433429,0.004624423955443158,0.00821169382256981,0.003570757172120631,0.005233722554331965,0.019044957707726518,-0.019093612081861777,-1.1292025277361963,0.6699999999999999,-0.08000000000000007,-0.5245561025404395,1.2100000000000009,-0.8099999999999987,-1.6178695103340346,-1.7299995400000014,3.0100021399999974,1.2161100196463654,,,-1.6948304683601092,-0.15000000000000013,2.1901977861475337,0.26,1.073590462772937,0.08000000000000007,0.7087927831294684,0.020000000000000018,1.2231626121145738,0.1200000000000001,0.8704524524317555,0.05999999999999983,1.9325975399604844,0.0,-1.42675816961391,-0.17999999999999994,-1.1139610843813001,1.3293466215645569,0.005399994204120517,-1.4369605984847604,-0.0010372948848342833,1.3280164824122354,0.002918963792656326,-1.9212141200278887,-0.0028203489100822043,0.7106520136649023,-0.004172972238223993,1.6369333354757416,0.016955415531662688,-1.5771897418572534,-0.10000000000000053,-0.03,0.07005080525740497,0.0,0.0,-1.3199958743174218,-0.01200000000000001,0.7674418604651163,0.16279069767441867,0.7790697674418605,-0.03488372093023251,0.1976744186046511,0.5465116279069767,0.2209302325581395,0.2209302325581395,0.7315875878238188,-0.029019778002798424,68.27835814672765,0.0
2017-11-30,0.01971738413818591,0.0635430961530663,0.10350393752197973,0.3336212151533309,0.0959608907532532,1.0,0.0,0.0,0.08497393065897291,0.09080464349941195,,0.0761029427058173,-0.012559846552750997,0.08289449664435744,-0.006218693385203533,0.00019746707447909628,0.006456310273674104,0.0033011895327761387,0.0025103971383628743,-0.03090275282484556,-0.8456141402728875,1.0999999999999996,0.6899999999999995,-0.3166538110970842,0.8699999999999992,1.5999999999999996,-1.8419524757826702,-4.319999699999997,-4.299999239999998,1.1560283687943262,,,-1.654277915536102,-0.26000000000000023,2.4672653559106563,0.44999999999999996,1.1688306491852023,0.2999999999999998,0.9683872491089636,0.20000000000000007,0.9105625584842738,0.1499999999999999,0.7481394924749906,0.10000000000000009,1.7855107977138065,0.0,-1.8527168043883628,-0.15000000000000013,-0.6896367230148246,1.2835051246021059,0.0025244367307419857,-1.3816914123608173,-0.0005985141611435374,1.2838935405754297,0.0018553557524529918,-1.7727944716199127,-0.0015298400693946057,0.7518728701759549,0.002107321639625237,1.635040556044343,0.014309263022002083,-1.4990104500897434,-0.10000000000000053,-0.03,0.027190669141859476,-0.06,0.0,-1.520460411249229,-0.039000000000000035,0.6744186046511628,-0.06976744186046513,0.7674418604651163,-0.03488372093023251,0.4883720930232558,-0.09302325581395354,0.1395348837209302,-0.023255813953488386,0.7334698388726507,-0.010541617714526552,68.27835814672765,0.0
2017-12-31,0.00603378661275511,0.0731257614069043,0.1365024276046667,0.3266479418992869,0.08195943243569226,1.0,0.0,0.0,0.07048113175705993,0.06589468082792642,,0.06764469585807786,0.005481065548826436,0.08054098892435735,0.004248365449285085,0.012907666395662876,0.008622668698597957,0.00813267350934832,-0.010228200610253979,-0.03144105262604546,-0.8530525095860555,-0.2400000000000002,1.5299999999999994,-0.35309248931814824,-0.25,1.83,-1.729188420764973,-0.23000335999999777,-6.280002599999996,1.1856884057971016,,,-1.766620961883728,-0.22999999999999998,2.463963963964023,0.41999999999999993,1.0613710814115966,0.06999999999999984,0.39226323281257586,-0.04999999999999999,1.3899995117157653,0.18000000000000016,1.2136519316152734,0.11999999999999988,2.242123670303693,0.27,-2.1383607713740496,-0.3500000000000001,-0.9581596673762288,1.2212677031203878,0.002443723069985859,-0.8908228940403001,0.0008236601081816897,1.2851736891503402,0.002218041730131848,-1.3244701445757032,-0.0005313834891778058,1.5446721439964166,0.021139686871029406,2.352447080003659,0.023886809998492353,-1.6447922585555956,-0.20000000000000018,-0.1,-1.1506110075210643,-0.13,0.0,-1.572051165988745,-0.04500000000000004,0.5465116279069767,-0.06976744186046513,0.8023255813953488,-0.023255813953488413,-0.686046511627907,-1.069767441860465,0.0348837209302325,-0.1046511627906977,0.7356169725376785,-0.020426902841001793,68.27835814672765,0.0
2018-01-31,0.0875706214562797,0.11570622704116751,0.1877868345256053,0.37228632686279606,0.1464891326412332,1.0,0.0,0.0,0.1512584416955537,0.11408119544953471,,0.10185211761666091,0.0138541094245066,0.11894452945039347,-0.008022886829664677,-0.0014306505838123096,0.006645552763595353,0.005395396405726727,-0.05992722670463535,-0.051703960303342456,-0.20652907603769413,2.540000000000001,3.4000000000000004,0.6685894812342641,3.969999999999999,4.589999999999998,-0.8622777860689161,10.600002289999999,6.0499992300000045,1.0972017673048602,,,-2.0153276429392926,-0.34999999999999987,2.738497332504749,0.54,1.9835672063619412,0.3400000000000003,1.1664775897405948,0.10999999999999999,1.768544463885093,0.18999999999999995,1.8362597198002684,0.22999999999999998,2.065778338363092,0.27,-1.7456115007802842,-0.19999999999999973,-0.5972288090032235,1.1082520497623847,-0.0005063451081892545,-0.7680322777326121,0.0017477660749944945,1.1795532163798854,8.965641364699906e-05,-1.4371488586711227,0.00046621321918194347,1.3690320872225004,0.014041098351263548,1.6755085896198598,0.002831104269379159,-1.7681067913576025,-0.20000000000000018,-0.03,-0.018854026208905063,0.0,0.0,-1.562395553993351,-0.026000000000000023,0.8372093023255814,0.06976744186046513,0.872093023255814,0.09302325581395343,0.2674418604651162,0.0697674418604651,0.1162790697674418,-0.10465116279069771,0.7261682213428288,-0.005419366480990062,68.27835814672765,0.0
2018-02-28,-0.01292798106711146,0.07998786251179757,0.1486136351035292,0.2977674577955314,0.1075537742882231,1.0,-0.01292798106711146,-0.01292798106711146,0.1849744478515878,0.1292355287364767,,0.03029646731158242,0.04969139520021515,0.06261351427084683,-0.016572464963051314,-0.022563286334095434,-0.006091777134162979,-0.007130085224383187,-0.026158822960439365,-0.02722624265827589,1.2636859252340766,6.270000000000001,8.570000000000002,1.198761525715772,2.360000000000003,6.080000000000002,-0.3646100104388324,5.7734985399999985,16.14349747,1.0020151133501258,,,-1.6644906531647117,-0.19999999999999996,2.624655225011512,0.47,2.2210918821389973,0.4500000000000002,1.7302857392894928,0.18999999999999995,1.8558926840462124,0.31000000000000005,1.7645901812288038,0.26,1.9213385296053533,0.28,-1.505971684869483,-0.019999999999999796,-1.1047626446537309,1.0519014868484566,-0.0005063451081892545,-0.764076233804402,0.0017477660749944945,1.1216332068463681,8.965641364699906e-05,-1.3606992869239911,0.00046621321918194347,1.4044987193919654,0.014041098351263548,1.6022944398616172,0.002831104269379159,-1.675083438404154,-0.3000000000000007,-0.03,-0.052992583534344134,0.0,0.0,-0.9466180170561224,0.04299999999999993,0.5930232558139535,-0.08139534883720922,0.8023255813953488,0.03488372093023251,-0.3372093023255814,-0.8255813953488371,0.0232558139534883,-0.1162790697674419,0.7133841212316415,-0.020085717641009193,68.27835814672765,0.0
2018-03-31,-0.04079086648415675,0.02972110439301101,0.1050202441885082,0.22009912493471306,0.04842729395526901,1.0,-0.05319150400165007,-0.05319150400165007,0.23389305709747207,0.156351868555667,,-0.009953849382134838,0.03967495377514585,0.02294692966408962,-0.01465625660294112,-0.028972905729019893,-0.014529598652264109,-0.0072600307723789115,-0.02141678607094788,-0.024808425388666122,1.2332696354163297,0.11999999999999744,8.93,2.1440045488651034,4.669999999999998,11.0,-0.68685800191596,-4.43209839,11.941402439999997,1.029043565348022,,,-1.273761898376601,0.08000000000000007,2.3849213559749667,0.3800000000000001,1.6915047712709126,0.3400000000000003,1.3553884864788224,0.24999999999999994,1.3023796410474824,0.05999999999999983,1.355881427106034,0.08999999999999986,2.3932305837098213,0.34999999999999987,-1.8526535514280245,-0.039999999999999813,-0.4969130234473614,1.199619809963663,0.0013877505801431766,-0.30560883876116296,0.001620197357181219,1.2396277185697386,0.0009607460710645555,-1.3848890678267054,-0.0008006166368659251,1.5439500104347967,-0.002446265834357364,0.8528751525390994,-0.015707405957638754,-1.5972558645435373,-0.3000000000000007,0.0,0.4282151551294604,0.1,0.0,-0.3999228884847113,0.10199999999999998,0.3720930232558139,-0.17441860465116282,0.6976744186046512,-0.10465116279069764,0.8488372093023255,1.5348837209302326,0.0,-0.0348837209302325,0.7262771294286667,-0.009339843109011814,68.27835814672765,0.0
2018-04-30,0.005058390062677276,-0.048402177314233685,0.06170361640932631,0.1937181905967389,0.03735560084848144,1.0,-0.03593881253515108,-0.048402177314233685,0.08002504927932519,0.14902533195781517,,-0.05793131777395366,0.009529140459719976,0.017913059747694637,-0.012819490420561186,-0.03231884509653904,-0.019752572591090534,-0.011346509493058266,0.03720283172337968,0.003500621428145001,0.27321490481861843,-4.039999999999999,2.3499999999999996,0.7958491068099897,-5.620000000000001,1.4100000000000001,-1.300422219457771,-8.186599729999998,-6.845199579999999,1.088512241054614,,,-1.3091442430062883,0.22999999999999998,2.5105028306590182,0.3500000000000001,2.0886379984833128,0.22999999999999998,1.674743816983952,0.17000000000000004,1.8630007107047903,0.1200000000000001,1.8072026007906727,0.06000000000000005,2.1848679986852155,0.34999999999999987,-1.7599500184963606,-0.1200000000000001,-1.1247429802482023,1.1565466157894104,0.0020101904509768342,0.47846594786308727,0.0035261791296807843,1.3217478675755745,0.002318821096491952,-0.7620538761739257,0.0012798900659516388,1.7734769192186113,0.0075766279822577776,0.8609422858057519,-0.008790584924376121,-1.7480147469502674,-0.2999999999999998,0.0,0.38860351817438143,0.03,0.0,-0.6083652252532401,0.08999999999999997,0.4186046511627907,-0.4186046511627907,0.5465116279069767,-0.32558139534883723,-0.5232558139534884,-0.7906976744186046,-0.0465116279069767,-0.1627906976744185,0.7161300084828909,-0.01003821285993789,68.27835814672765,0.0
2018-05-31,0.0567292158757946,0.018751622686017377,0.10023938741509708,0.21411849622933055,0.0769872804476135,1.0,0.0,0.0,0.16901002946333393,0.1629007078228668,,0.001380116992625302,0.017371505693392075,0.03169507006749783,0.003842677515355497,-0.005013463635726523,-0.00882224012730981,-0.010266979085147176,0.039486607881871194,0.02113695275326788,0.1453488624805243,-0.5,-4.420000000000002,-0.20884967885817862,-4.279999999999998,-5.23,-0.40962044471725734,10.188999169999995,-2.4296989500000024,1.0583279325988333,,,-1.0708556224821573,0.20999999999999996,2.1260940797770127,0.1499999999999999,1.6380913930827306,-0.040000000000000036,1.478433227926493,0.010000000000000009,1.505662399117432,-0.010000000000000231,1.2973382678773029,-0.050000000000000266,2.017788996905652,0.34999999999999987,-1.7427490894167759,-0.18999999999999995,-1.3760546816532997,1.1044119370179226,0.0020101904509768342,0.44774032458709684,0.0035261791296807843,1.254118145607463,0.002318821096491952,-0.7175072284271852,0.0012798900659516388,1.6551618675167619,0.0075766279822577776,0.8132605246549084,-0.008790584924376121,-1.6501164891349616,-0.2999999999999998,0.0,0.34812882453887456,0.03,0.0,-1.0212071213394573,-0.005999999999999894,0.6162790697674418,0.023255813953488302,0.7093023255813954,-0.09302325581395343,-0.5348837209302325,-0.19767441860465113,0.0581395348837209,0.034883720930232606,0.6951411550856947,-0.018242966145946782,68.27835814672765,0.0
2018-06-30,0.011452707263939432,0.07423819351933236,0.10616573901187998,0.2571600477201117,0.0712245058891845,1.0,0.0,0.0,0.09757790492482553,0.1622083434548335,,0.03552239683623459,0.03871579668309777,0.02650255382857858,-0.0018241951393671574,-0.015349084866882468,-0.013549606854479479,-0.011454846162580634,0.049749864116870546,0.023938716884775113,0.31710147174235037,0.6600000000000001,-3.879999999999999,0.731372094676992,4.099999999999998,-5.800000000000001,-1.1898546744309673,-9.375701899999996,-7.373302459999998,1.0652579241765072,,,-0.8471985796037667,0.1399999999999999,2.127741939433021,0.25,1.5944788047013398,0.10999999999999988,1.3195147933938254,0.050000000000000044,1.514165903041495,0.14000000000000012,1.4031407113477665,0.06000000000000005,2.193964744543884,0.22999999999999998,-1.9755989677991337,-0.14000000000000012,-1.1947479987463965,1.552686911777756,0.004706526855326132,0.9469763658390562,0.0037337144045619386,1.5498429783871057,0.0037641902485650025,-0.5539551589762837,0.00185917795089785,1.1791013588318757,-0.004632234260995682,2.15958337454509,0.01920975593010299,-2.024585305930459,-0.40000000000000036,-0.1,-1.4282440992642853,-0.1,0.0,-0.7679571348764,-0.03500000000000003,0.6627906976744186,0.29069767441860467,0.6627906976744186,-0.03488372093023262,0.313953488372093,-0.5348837209302325,0.0116279069767441,0.0116279069767441,0.694467194064848,-0.03180993536381871,68.27835814672765,0.0
2018-07-31,0.0279638800128561,0.09872030559266265,0.045539850542617666,0.24187846944639046,0.07971979428505915,1.0,0.0,0.0,0.0793728619230968,0.1160567324077387,,0.06836350637124089,0.03035679922142176,0.05121072478811173,0.007362156226264904,0.013762827583949866,0.006353893004738875,0.004424214141111715,0.02352648487274056,0.022096970888426437,-0.46167787174164965,-3.26,-3.0999999999999996,0.3081105788159886,-1.7099999999999973,-1.889999999999997,-1.5145058499962276,-4.664299010000001,-3.851001740000001,1.1590023382696804,,,-1.0681648387366403,0.040000000000000036,2.1598538211922644,0.17999999999999972,1.7373341011354633,0.009999999999999787,1.6485359712065795,0.05999999999999994,1.2332728493111704,-0.10000000000000009,1.362536553400152,-0.04999999999999982,2.0111724153780184,0.21999999999999997,-1.977921978244307,-0.16999999999999993,-0.37290700593578674,1.4932035944074833,0.00476600928944082,0.8054834506413049,0.001227329408939104,1.4602844470034633,0.0027001578227636713,-0.48027669046536375,0.00039089915653622853,1.3364064019263953,-0.0038376750970046114,1.3609895346234253,0.009885038924873246,-1.4659090523424914,-0.09999999999999964,-0.03,-0.17861420885920606,-0.03,0.0,-0.8761416387478983,-0.028000000000000025,0.5465116279069767,0.127906976744186,0.7790697674418605,0.2325581395348838,0.5057471264367817,1.02900294039027,0.0348837209302325,0.0813953488372092,0.6969798592679186,-0.019150149214972267,68.27835814672765,0.0
2018-08-31,0.05780674413960396,0.09984065143482446,0.1204644483452737,0.2869807430181355,0.11792720631756537,1.0,0.0,0.0,0.08138687977189499,0.12806046631237394,,0.07630154423519131,0.023539107199633147,0.0701195079577357,0.0064247834499167045,0.008698871330845348,0.0022595706289478823,4.7654757236781364e-05,0.010075272584429529,0.027309989763612874,-0.42225549019884284,0.02999999999999936,-2.5700000000000003,-0.3771706588276532,-3.1300000000000026,-0.740000000000002,-1.1060568777108402,4.205902099999996,-9.83409881,1.1780715396578538,,,-0.8608820950910018,0.030000000000000027,1.9105821694088272,0.2200000000000002,1.408748542557343,0.029999999999999805,1.337260942939334,0.020000000000000018,1.1044827765033804,-0.04999999999999982,1.1325204628877534,0.010000000000000231,1.8604660965307773,0.20999999999999996,-1.9984447315849316,-0.1900000000000004,-0.5884645069029616,1.236536807497803,0.003119740922243208,0.32287441730744393,-1.8902327466596702e-05,1.2674530599023959,0.001821192308819608,-0.5109198492083711,0.000224490461355753,1.7973809391634112,0.011287810167051049,1.6127517272209488,0.01477533632347483,-1.8170060276663387,-0.2999999999999998,0.03,0.8831898140326849,0.03,0.0,-1.2237650214451976,-0.028000000000000025,0.7325581395348837,0.11627906976744184,0.7906976744186046,0.08139534883720922,0.1839080459770115,0.718791766907244,0.1627906976744186,0.1046511627906977,0.6731096836093123,-0.022031471476382403,68.27835814672765,0.0
2018-09-30,-0.0028176618233243245,0.08432323582020018,0.164821434038529,0.28715126547726344,0.09389076945581643,1.0,-0.0028176618233243245,-0.0028176618233243245,0.10500874683051764,0.0908683002889205,,0.07651007352754702,0.007813162292653164,0.06447417787526666,-0.0008361900828800506,0.01221091589914236,0.01305802497300701,0.004973138136501909,0.00524113445200558,0.02491615429118732,-0.6134632152115609,-0.7400000000000002,-3.9700000000000006,-0.1750164758743253,0.5399999999999991,-4.300000000000001,-1.4726698578231843,-4.546302799999999,-5.004699710000004,1.2186468646864688,,,-0.9543031806097926,-0.1499999999999999,2.018962380170769,0.29000000000000004,1.7167587391964443,0.19999999999999973,1.7791428702590364,0.17000000000000004,1.232746270262201,-0.03000000000000025,1.3089754073188298,0.03000000000000025,2.114494603984869,0.27000000000000024,-1.8753790280381428,-0.0900000000000003,-0.40980632080629587,1.180321828439997,-0.001389977509682394,0.28894791413044124,-0.0015210431538597025,1.2068949285525181,-0.0008579524783498549,-0.47346110667752084,-8.642414775938967e-05,1.6674404374833702,0.02095167136452125,1.508476950002761,-0.004264041280476638,-1.7062471181095278,-0.2999999999999998,0.03,0.844456104151611,0.13,0.0,-1.1931505191373668,-0.05599999999999994,0.5697674418604651,-0.09302325581395343,0.7093023255813954,0.04651162790697683,0.1839080459770115,-0.13004544239508153,0.0348837209302325,0.023255813953488403,0.6725645742212156,-0.021902619843632398,68.27835814672765,0.0
2018-10-31,-0.08595726358697076,-0.03584377146312678,0.05933802605710259,0.12470301326474287,-0.008845627089501096,0.0,-0.0885327269102486,-0.0885327269102486,0.25002240658541863,0.18435750056950778,,-0.03368024921729873,-0.0021635222458280534,-0.011696136660233725,-0.006986977340185496,-0.021682679900819735,-0.01479910356187597,-0.0078253940961448,0.01746914102130548,0.032631662494396085,2.150997903668078,9.110000000000001,8.4,2.939833875445532,12.540000000000003,9.95,-0.08531747990207798,13.965103150000004,13.624702450000001,0.9962317475270842,,,-0.5662593651816283,0.19999999999999973,1.9357730773996615,0.20000000000000018,1.791386439301448,0.18999999999999995,2.3027884147349154,0.2600000000000001,0.7278191170393559,-0.10000000000000009,0.8897171082144592,-0.07000000000000028,1.9780497604474583,0.29000000000000026,-1.6617582931009047,-0.010000000000000231,0.32687506868187594,1.0550045947419953,-0.0023608154351388855,1.3084341108492632,0.0016932059613703476,1.167922439663294,-0.0008205286026672365,0.032781884466666855,0.0009190531862035556,1.50476651091797,0.013577519713418695,0.3728261725222898,-0.010463299712307306,-1.5947815417851112,-0.20000000000000018,-0.07,-0.9543853011417617,-0.04000000000000001,0.0,-0.8305967512004787,-0.0119999999999999,0.1954022988505747,-0.351109329056402,0.4418604651162791,-0.33720930232558144,0.4827586206896552,-0.022988505747126464,0.0,-0.0348837209302325,0.6709345579190585,-0.026045301348860073,68.27835814672765,0.0
2018-11-30,-0.0026498645724172265,-0.09094799174612689,-0.00018764705392471104,0.10003293073543662,-0.011995898809812111,0.0,-0.08837935305186695,-0.09094799174612689,0.1664472545156879,0.16723232515543118,,-0.04620077335740058,-0.044747218388726306,0.007597230550757894,-0.007427572495883106,-0.02537788969375454,-0.01808464218879069,-0.01392337663701515,0.02240908135379449,0.0342748688176846,1.1551035364114939,-3.16,5.210000000000001,1.5500374142577418,-5.100000000000001,7.98,-0.7997771245787143,-7.6963004999999995,1.7224998500000055,1.0453790813503043,,,-0.07051869464055192,0.3500000000000001,1.7028097199213588,0.17999999999999972,1.4019916883958683,0.1499999999999999,1.92938893707191,0.26,0.2058492586380967,-0.20999999999999996,0.521294916794897,-0.1100000000000001,1.837540625638233,0.29000000000000026,-1.7563678061676278,-0.029999999999999805,1.4009442346818384,1.0199137662860358,-0.0007145470679412735,1.2338436136999271,0.0029394376977760484,1.1281300311793934,5.843691127682682e-05,0.06978046004732238,0.001085461881384031,1.413524279088382,-0.001547965550636965,0.3294448850822247,-0.01535359711090889,-1.4970585464028687,-0.20000000000000018,-0.07,-0.988326898117776,-0.1,0.0,0.018966005504338752,0.11199999999999999,0.6206896551724138,-0.11186848436246988,0.5581395348837209,-0.2325581395348837,0.3908045977011494,0.2068965517241379,0.0697674418604651,-0.09302325581395349,0.6927517822505644,0.019642098641252104,68.27835814672765,0.0
2018-12-31,-0.0866095837537948,-0.1673344378254099,-0.09712138326680242,-0.0012666076832985596,-0.09142757396037182,0.0,-0.08902994465859104,-0.16968060779154603,0.16727093409905863,0.20558013814926063,,-0.1353196251313855,-0.0320148126940244,-0.07545304746282477,0.018545220512588445,-0.005860028146756013,-0.02396088869482127,-0.013270047209212876,0.013349871757137421,0.01875355341053453,2.9196400084859944,7.350000000000001,13.300000000000002,2.867148463581829,7.420000000000002,14.860000000000003,0.60663219659102,14.150600429999997,20.419403080000002,0.9335169158143194,,,0.3393947383806778,0.6100000000000001,1.1949957486784377,-0.33000000000000007,0.7055398408086786,-0.3599999999999999,1.6421190395322198,0.06999999999999995,-0.8302067259838332,-0.5199999999999998,-0.5965283246590644,-0.43000000000000016,1.9680741610847843,0.21999999999999975,-1.64462390274579,-0.029999999999999805,1.4602843809264487,0.4026860538325582,-0.004955952792064844,0.4766384340629418,0.0009449023944512192,0.7060114931342003,-0.0023851906148737445,-0.7815296259068025,-0.0008161014031673464,0.8513800612597116,-0.015869243008677314,-0.2043457967726762,-0.02162092607797428,-1.410328908053537,0.0,-0.07,-1.024285539267253,-0.1,0.0,0.6196519891533789,0.174,0.1724137931034483,-0.39735364875701684,0.2325581395348837,-0.4767441860465117,0.7586206896551724,0.5747126436781609,0.0,-0.0348837209302325,0.691614990850283,0.019050416629067368,68.27835814672765,0.0
2019-01-31,0.0901076104817673,-0.006944609751333486,-0.04253946020963284,0.0010631496728745748,-0.014846489572528765,0.0,-0.004306155908902487,-0.09486251142296898,0.3062095699416748,0.25082885338624594,,0.0032397172181009015,-0.010184326969434387,-0.005347647668973776,0.03449007404856652,0.0491242449763738,0.014146265193764052,0.010905087074818187,-0.007260301006470904,0.004286009996837148,0.6155157701648735,-8.850000000000001,-4.66,0.5073742052619947,-11.200000000000003,-8.880000000000003,-1.00388796669177,-16.771102910000003,-10.316802980000006,1.0790585395292698,,,0.28456044910806183,0.3500000000000001,1.092483788503728,-0.41999999999999993,0.5450679211233289,-0.52,0.9237208949271709,-0.32000000000000006,-0.1504413242818684,-0.19999999999999996,-0.05499320483093625,-0.19999999999999973,1.821228994392327,0.19999999999999973,-1.6244206835031285,-0.10000000000000009,0.5059247254732517,0.03771717775044985,-0.006389012035092456,-0.29150205591750067,-0.004116453766072503,0.41114409748998276,-0.003919859289891248,-1.211876825440684,-0.00294072509220622,0.7373402866973495,-0.016326690121993837,-0.6701632715301946,-0.01192334775278825,-1.3326033453015047,-0.20000000000000018,-0.07,-0.9900348685469468,0.0,0.0,0.07506236804290563,0.08299999999999996,0.9080459770114944,0.7126436781609197,0.5465116279069767,0.10465116279069764,0.3908045977011494,-0.0919540229885058,0.0804597701149425,0.0804597701149425,0.7069161759252615,0.03598161800620292,68.27835814672765,0.0
2019-02-28,0.02991198859561872,0.025477027000278207,-0.06778804918718584,0.044510349208351174,0.006753922277307867,1.0,0.0,-0.06778804918718584,0.3112226098969323,0.23676818203697172,,0.016897793493801494,0.008579233506476713,0.020105897914026727,0.027933240790394942,0.050745301374692575,0.02219216159091908,0.009359492369128697,-0.011462702524878798,0.0064485471667106165,0.17728805504371029,-1.790000000000001,-3.290000000000001,-0.12355983592514971,-3.0699999999999967,-6.849999999999998,-1.2441537810238346,-2.593399039999994,-5.21390152,1.0893098782138027,,,0.00796845200271383,-0.04999999999999982,1.1227558295623103,-0.2799999999999998,0.709006866232,-0.2799999999999998,0.8757307412254427,-0.26,0.3922813640673325,0.07000000000000006,0.3490542892598759,-0.020000000000000018,1.6965487963370842,0.19999999999999973,-1.4386906336792793,0.0,-0.3117508507627576,-0.01865782603382678,-0.006389012035092456,-0.28424518204319554,-0.004116453766072503,0.36489410680404744,-0.003919859289891248,-1.1478974403284676,-0.00294072509220622,0.6975021827922672,-0.016326690121993837,-0.682825085742824,-0.01192334775278825,-1.2624227453657844,0.0,-0.07,-0.9572617383042212,0.0,0.0,-0.7949791982003414,-0.08599999999999997,0.9195402298850576,0.29885057471264376,0.7209302325581395,0.16279069767441856,0.0114942528735632,-0.3793103448275862,0.0919540229885057,0.022186581128040603,0.711525158197576,0.01877337594701156,68.27835814672765,0.0
2019-03-31,0.03924698945803251,0.16677807661728927,-0.02846407690047792,0.13166586716473128,0.03957737592616262,1.0,0.0,-0.031201536580983458,0.1122270725474141,0.24694417141202094,,0.13526075080427602,0.03151732581301325,0.03223436676701885,0.029356981531905912,0.06178932709502516,0.031507383876536954,0.016172600117324576,0.00914918777618734,0.01495875856284079,-0.12674727844272102,-1.0699999999999985,-11.71,-0.24420385634145755,-0.5500000000000007,-14.82,0.004011767030105874,11.329498289999997,-8.035003660000001,1.1524434719183079,,,0.19072206257938143,-0.1900000000000004,0.7411394203035664,-0.20999999999999996,-0.0072567706673856034,-0.2799999999999998,0.0028563541792387794,-0.44999999999999996,0.08801751157449308,0.27,-0.020364005727638936,0.16999999999999993,1.6267391909239788,0.03000000000000025,-1.5338166140704794,-0.06999999999999984,-0.5116171779290944,-0.8082534658643719,-0.006284670425355854,0.2598224851237149,-0.0007429540921866096,-0.5041441818771933,-0.005417186848283517,-1.4209476491580786,-0.001637168107409881,0.06666652659182247,-0.016570212096675085,-1.8390008049239002,-0.02127908785574073,-1.1942769182771116,0.0,0.17,2.885423358058221,0.24000000000000002,0.0,-1.1426350234040228,-0.18,0.8275862068965517,0.6551724137931034,0.7906976744186046,0.5581395348837209,0.7011494252873564,-0.05747126436781602,0.1839080459770115,0.1839080459770115,0.6974663592620753,0.005851368411792346,68.27835814672765,0.0
2019-04-30,0.05499276414536669,0.12919350012672615,0.1213516919346036,0.18789048784979512,0.08482183856031211,1.0,0.0,0.0,0.04391166049655308,0.21061463149835072,,0.09404364935151865,0.03514985077520749,0.06401925027004784,0.01802094098720719,0.03167362126536921,0.013411001413116574,0.01797198214492468,0.022055284688945243,0.015920095845050497,-0.2754225872184474,-0.5900000000000016,-3.450000000000001,-0.2322299715421012,-0.019999999999999574,-3.639999999999997,-0.9360478196545791,-9.076698309999998,-0.3405990599999953,1.1608231707317074,,,-0.09959172780997981,-0.23999999999999977,0.69706567424045,-0.18000000000000016,0.17340902453971915,-0.1200000000000001,0.06571541924800288,-0.21999999999999997,0.37983796111761403,0.15000000000000013,0.29193136938406355,0.09999999999999987,1.5520961720697355,0.050000000000000266,-1.1831055167443185,0.06000000000000005,-0.5042677835515097,-0.23110427012594317,-0.0004938159526448604,0.0428463101255502,0.000633698233554636,-0.3262093399512994,-0.002724613996977654,-1.593269957013813,-0.0006052411544514857,-0.21642151390131487,-0.019115657989938528,-0.6531272574806903,-0.00021181956462035245,-1.1360283763957792,0.0,0.13,2.05434037095342,0.2,0.0,-1.192240406397164,-0.131,0.8390804597701149,-0.06896551724137945,0.8488372093023255,0.3023255813953488,0.264367816091954,-0.12643678160919541,0.2988505747126437,0.21839080459770122,0.6935674021019345,-0.013348773823326998,68.27835814672765,0.0
2019-05-31,-0.08225176742434182,0.0062173762928392495,0.03185280355680087,0.03165917941812957,-0.003629976461877238,0.0,-0.08225176742434182,-0.08225176742434182,0.26017662765996186,0.25691266517961964,,-0.007885008958117168,0.014102385250956417,-0.0031328573169733254,0.03865542316619641,0.05084490135988151,0.011735824915376947,0.009717431473703853,0.016566656613663078,0.013291481717215614,1.2592144903699005,5.590000000000002,3.9300000000000015,1.1724588486215275,6.629999999999999,6.059999999999999,1.5426905758298188,23.209899910000004,25.462699890000003,1.006413682522715,,,0.6694944287321468,0.1499999999999999,0.21398771150730467,-0.5700000000000001,-0.683222544630837,-0.5899999999999999,-0.5125814551412188,-0.38,-0.8963941603284212,-0.26,-0.800385508759591,-0.20999999999999996,1.4027402685757862,0.0,-1.2470168457277986,-0.019999999999999796,0.7621385563552866,0.45800413945298374,0.003336665221501889,0.7081799563942442,0.002311609507167356,0.2939110608268034,0.00014170332700480515,-0.26737984163348505,0.001390982206757041,-0.5530363568631244,-0.025002747583869223,-0.6781518382799714,-0.00010647160651156007,-1.307533163416413,-0.09999999999999964,0.0,0.136746309469536,0.07,0.0,-0.9470798218862191,-0.029000000000000026,0.2988505747126437,-0.6206896551724139,0.6206896551724138,-0.10024057738572567,-0.6666666666666666,-0.6781609195402298,-0.0114942528735632,-0.10344827586206891,0.6889350272898718,-0.02259013090770423,68.27835814672765,0.0
2019-06-30,0.07589799329597868,0.041703528568872716,0.2154368394690327,0.09739193234636989,0.0709458474557203,1.0,-0.01259651822091823,-0.01259651822091823,0.29760523136370715,0.21298098985736777,,0.042285098419671874,-0.0005815698507991574,0.06301555262498582,0.0282435366223297,0.054083353835769676,0.0251300555686651,0.021633021779225325,-0.011862176719707351,-0.004523293719994936,0.24870063027379954,-3.630000000000001,1.3699999999999992,0.3997381440600271,-3.469999999999999,3.1400000000000006,1.322314696393387,-2.247100830000008,11.886100769999999,1.0649867374005304,,,0.582167870653979,0.050000000000000266,-0.12328203121120833,-0.52,-1.0931240254419543,-0.41000000000000014,-0.8788956005039132,-0.22000000000000003,-1.187068687093787,-0.25,-1.193417822413338,-0.18999999999999995,1.3282431449271332,-0.03000000000000025,-1.022647820682419,0.10999999999999988,0.7319793780168148,-0.5710002569422241,0.0027704902022842592,-0.33945728973784195,-0.001686609561685426,-0.6436173696162475,0.0006538006189968915,-2.056883766438567,-0.000983947484020975,-0.6442409007028469,-0.011197977823219851,-1.1927797421403268,0.010030362780386826,-1.4817974364644635,-0.19999999999999973,-0.07,-0.8609056075145101,-0.24000000000000002,0.0,-0.636208240634556,0.030000000000000027,0.7586206896551724,-0.06896551724137934,0.8390804597701149,0.048382785351510305,0.5113636363636364,-0.18978578892372,0.0459770114942528,-0.1379310344827587,0.6950051810873803,-0.0024611781746950445,68.27835814672765,0.0
2019-07-31,0.023347970423989173,0.010457349068203836,0.141001870723098,0.09246426704435606,0.09182771825473002,1.0,0.0,0.0,0.2790131049014629,0.19105945281860034,,0.016516683251967423,-0.006059334183763587,0.07477571317700415,0.03218146369092345,0.052165426184804575,0.01936090038123872,0.016825287846609527,0.006991790021087851,0.015259493964836501,0.5081320764567168,1.040000000000001,3.0000000000000018,0.1585409268471949,-0.9800000000000004,2.1799999999999997,-0.287737241497363,-15.187099459999999,5.7756996199999975,1.0490074441687345,,,0.011325611615042674,-0.010000000000000231,0.03695889524912497,-0.3800000000000001,-1.162911603597717,-0.48999999999999977,-1.1486259194287154,-0.30000000000000004,-1.1432176571292185,-0.29000000000000004,-0.9093585261960394,-0.18999999999999995,1.2612679462485163,-0.050000000000000266,-1.2744981785696121,-0.10999999999999965,1.6447028055584643,-0.8550374875798896,-0.0017892609905356682,-0.7017331000296818,-0.0019476020625881496,-0.9840836452677846,-0.001437680744097669,-2.606685280153815,-0.0024586508179578193,-1.068546178545077,-0.014355788026722771,-0.8967282898157426,-0.0017560490276329332,-1.4100593898278952,-0.19999999999999973,-0.07,-0.8365815975752695,-0.2,0.0,-0.6860459492463474,0.03300000000000003,0.7011494252873564,-0.13793103448275856,0.8620689655172413,0.01323175621491579,-0.6704545454545454,-0.9348223615464994,0.0229885057471264,-0.2758620689655173,0.6902324157804025,-0.003334986321531952,68.27835814672765,0.0
2019-08-31,-0.01899529040297121,0.08010387064528413,0.08681928284443807,0.013145923841397122,0.0596970587124821,1.0,-0.01899529040297121,-0.01899529040297121,0.16467660387848593,0.19946935193232565,,0.06757736137652581,0.012526509268758312,0.04699351011361341,0.041013774776844425,0.07530568744931454,0.03294088272734075,0.020198732368360783,0.011928388746803131,0.018131963143202867,1.23985152908006,2.8599999999999994,0.2699999999999996,0.9049619332488315,3.6099999999999994,-0.8399999999999999,2.772514068948013,31.64290237,14.208702079999995,1.0295047418335088,,,0.553546930543742,-0.11000000000000032,-0.6266615975446213,-0.44999999999999996,-2.4654703642555407,-0.6400000000000001,-2.246350573134379,-0.45,-2.303413831294128,-0.22999999999999998,-2.2551536443713838,-0.18999999999999995,0.853799584433964,-0.27,-1.5169883873360246,-0.19000000000000017,1.6447028055584636,-1.102548024915624,-0.006215747452019249,0.218400606992105,-0.0014471095398189693,-1.0820154651634646,-0.004249860337597111,-2.384628318205245,-0.004465112662202841,-1.7274634818886105,-0.020766570178440746,-0.7862620532474073,0.00024169865218515163,-1.1180339887499078,-0.09999999999999964,0.03,0.6592879096896223,0.03,0.0,-0.04329956761936978,0.05999999999999994,0.5681818181818182,0.26933124346917453,0.7931034482758621,0.1724137931034483,0.1590909090909091,0.8257575757575757,0.0689655172413793,0.0804597701149425,0.6846248246060972,-0.004310202683774578,68.27835814672765,0.0
2019-09-30,0.009179652284508233,0.013124715726740677,0.05537559125288194,0.025335299264572564,0.05688953626315141,1.0,-0.009990008279405549,-0.009990008279405549,0.07466619545422401,0.1953216750842829,,0.017543033562115617,-0.004418317835374941,0.05729097265468153,0.023400331300329702,0.03362142920244238,0.009987389674894542,0.012846313588852132,0.031186934359721308,0.018368604890075968,0.4642554430168102,-2.740000000000002,1.1599999999999984,0.3617225727760317,-2.3599999999999994,0.2699999999999996,1.7075318633626424,-9.689201350000005,6.766601559999998,1.1059113300492613,,,0.40316010297464133,-0.10999999999999988,-0.476374810865117,-0.1200000000000001,-2.0379092676382595,-0.32000000000000006,-1.5631267828658475,-0.16,-2.2213192745892427,-0.17999999999999994,-2.3061782782669953,-0.15999999999999992,0.49588707791408887,-0.5,-1.3045801841210847,-0.19999999999999996,1.1367554216801168,-1.0086293712521797,-0.0005826934469397305,1.2107603594925904,0.0034870766605414882,-1.0774900389740545,-0.00035137198775148093,-1.4702992749235961,6.198103514387654e-05,-1.426147864246014,-0.013295189171643962,-0.23376766208411406,0.012760125372917708,-1.3127955681040842,-0.19999999999999973,0.07,1.256378846767016,0.14,0.0,0.439241736047512,0.061999999999999944,0.5340909090909091,-0.22452978056426331,0.7586206896551724,-0.08045977011494254,0.5168539325842697,0.0054902962206333505,0.0459770114942528,0.0,0.6839621071248032,-0.011043073962577088,68.27835814672765,0.0
2019-10-31,0.043800646103393515,0.03337306900677173,0.044179411907056654,0.17089235022525728,0.07681177498329839,1.0,0.0,0.0,0.10895659915912688,0.18974566228395248,,0.024544916842034414,0.008828152164737313,0.05920980449836022,0.023671884106095664,0.03559284347101954,0.011645293330815099,0.010060066569681503,-0.011487358822393157,-0.0018958425927160238,-0.336149928092336,-3.019999999999998,-2.9000000000000004,-0.2130197246496986,-2.6700000000000017,-1.4200000000000017,0.6520507064079948,-11.318800490000001,10.634900529999996,1.214069591527988,,,0.39561556503124023,0.050000000000000266,-0.7244076196086722,-0.3699999999999999,-1.9624354897764396,-0.33000000000000007,-1.578772305432991,-0.11000000000000001,-1.6865194053104007,-0.1200000000000001,-2.1028284228021983,-0.21999999999999997,-0.011650176693710624,-0.8199999999999998,-0.9441345241358193,0.039999999999999813,-0.6829165425390425,-1.0514474245669925,0.0002971344736579784,1.2619007047147492,0.004660126772123574,-1.576000094232527,-0.0008947775623151522,-1.2846344047134783,0.0017969263327652918,-1.994196846855588,-0.016784522700583615,-1.1634089942170558,-0.0009350891514732229,-1.2843199783498462,-0.19999999999999973,-0.03,-0.19066509777176271,0.04000000000000001,0.0,0.14205277266577637,0.04499999999999993,0.6590909090909091,-0.04205851619644729,0.7816091954022989,-0.08045977011494243,-0.4831460674157303,0.18730847803881512,0.0229885057471264,0.0,0.6793403577322611,-0.010892058048141418,68.27835814672765,0.0
2019-11-30,0.04069413440512193,0.09624885695943619,0.18406263359235564,0.22177834805912133,0.0978655050204551,1.0,0.0,0.0,0.06635399326746118,0.11260805229815664,,0.07970964741809872,0.016539209541337474,0.07942355488883623,-0.004388025881288726,0.001592443435749047,0.006006827431270345,0.008776204548116784,-0.006500465041044956,0.005934906421326991,-0.4949635949986691,-0.6000000000000014,-6.360000000000001,-0.552896638536875,-1.5199999999999996,-6.550000000000001,-0.16121063248151327,-9.306799999999996,-30.31480184,1.229001584786054,,,-0.006470042812245298,-0.17999999999999972,-0.6051647360398628,0.1100000000000001,-1.6275874997633342,0.28,-1.433768600953872,0.22000000000000003,-1.3142793594037194,0.1499999999999999,-1.5877273570879913,0.06000000000000005,-0.09908952431992034,-0.5699999999999998,-0.9027286139885515,0.16999999999999993,-0.4190915174001465,-1.1096413692006284,0.00089313976099481,1.2061029736092004,0.0024817229757416737,-1.6006177798023364,-0.0009489152927981692,-1.211835728283935,0.0018071648158017872,-1.932975635265274,-0.004486650954934945,-1.1410518901690327,-0.0030381847894001,-1.2737302854193011,-0.10000000000000009,-0.03,-0.1414944886856249,-0.06,0.0,-0.5679952215740958,-0.038999999999999924,0.797752808988764,0.22957099080694576,0.8620689655172413,0.06896551724137923,-0.6067415730337079,-0.765832482124617,0.0344827586206896,-0.034482758620689696,0.6771906238718184,-0.007434200734278806,68.27835814672765,0.0
2019-12-31,0.038861971854219135,0.1284920842446282,0.14330322205021617,0.3896128547634765,0.11608209178803897,1.0,0.0,0.0,0.008648437764561579,0.08416944685639481,,0.08987575951627558,0.038616324728352636,0.09255289031299974,0.001265095518067083,0.014544087054578991,0.013262213569565473,0.010674885181237048,-0.027630941812605947,-0.013584208996647584,-0.17395161915932456,1.1600000000000001,-2.459999999999999,-0.32296125581563034,1.0500000000000007,-3.1400000000000006,0.04646065645610636,1.7062999999999988,-18.919300489999998,1.1516690856313498,,,-0.43781222565837163,-0.2200000000000002,-0.6931824441632665,-0.04999999999999982,-1.2237252916184065,0.24,-1.4283289490618445,0.0,-0.41519640047289297,0.32999999999999985,-0.673679231698866,0.24,-0.1661338513143425,-0.34999999999999987,-0.4039996471137499,0.2899999999999998,-0.8630713574154164,-0.12186603822170883,0.0035464918419627622,1.2719565825799364,0.0003356042066640086,-1.3365073202403845,-0.0007213909893044601,-0.7297163068601462,0.001027227493002103,-1.7121104628703234,-0.007079265933317425,-0.9292092616155044,-0.007947303238964976,-1.2277667445406022,0.0,-0.07,-0.7616283835899119,-0.14,0.0,0.014309785819199897,-0.038000000000000034,0.8764044943820225,0.34231358529111344,0.9195402298850576,0.1609195402298852,0.2921348314606741,-0.2247191011235956,0.0227272727272727,-0.023249738766980096,0.6751385194369275,-0.008823587687875722,68.27835814672765,0.0
2020-01-31,0.03038427167515345,0.11398713792365123,0.15116430755023313,0.31348062842447577,0.12602228541086724,1.0,0.0,0.0,0.019053686753472094,0.0848617739701401,,0.06587475689429945,0.04811238102935178,0.07630008224579976,0.019456640833604766,0.034757864517971804,0.015009195164843447,0.010341347540046675,0.0015528748753070865,-0.0034483817164141506,1.1494241388774218,5.0600000000000005,5.619999999999999,0.6166190140179928,4.439999999999998,3.969999999999999,1.5429039776273263,14.7012,7.100700000000003,0.9888535031847133,,,0.2829291393998799,-0.050000000000000266,-1.1770193631298738,-0.18999999999999995,-2.005718233233449,-0.17999999999999994,-2.2505497259923937,-0.29000000000000004,-0.7603694099076754,0.16000000000000014,-1.2551765013792477,0.10999999999999988,-0.1548231466712048,0.010000000000000009,-0.8260203880560889,0.010000000000000009,-1.675754204186987,-0.12523711819856204,0.0035831669524428733,1.2328701306330707,0.0001688127329910749,-1.2785971230856925,0.0006971548607885847,-0.6887842922362521,0.0007742203840139794,-1.6269201080118751,0.004118736356342079,-0.8986228624489373,0.0021230735880481966,-1.1913985166091832,0.0,-0.07,-0.7616283835899119,-0.04000000000000001,0.0,-1.468882607174559,-0.08699999999999997,0.5730337078651685,-0.08605720122574056,0.8505747126436781,0.06896551724137923,-0.8539325842696629,-0.3707865168539326,0.0568181818181818,0.0338296760710554,0.6552916813781371,-0.024048676354124,68.27835814672765,0.0
2020-02-29,-0.06057424567077796,0.005586725974177309,0.10237329892277369,0.19808055816210635,0.04840199717859894,1.0,-0.06057424567077796,-0.06057424567077796,0.1909601248102581,0.13869972694258642,,-0.0527932092804928,0.05837993525467011,-0.011034123911463856,0.03597026642236312,0.04110320788022381,0.004954718899015109,0.0036012222995500665,-0.001434778626886235,0.0036861419880620527,4.409499759309119,21.27,27.490000000000002,3.949608141621323,21.800000000000004,27.290000000000003,3.9272773471007283,36.6914,53.0989,0.7442034405385192,,,1.4063984605624835,0.2999999999999998,-1.9769963603938001,-0.7500000000000001,-2.508015588858882,-0.6500000000000001,-2.4356081949573976,-0.45000000000000007,-1.9042580392725619,-0.16999999999999993,-2.2856446907464356,-0.20000000000000018,-0.23413488211103034,0.020000000000000018,-0.5118801116571196,0.09999999999999998,-0.9686134605300982,-0.12861386766266436,0.0035831669524428733,1.195780658111545,0.0001688127329910749,-1.224784567347058,0.0006971548607885847,-0.648868852723953,0.0007742203840139794,-1.5500243135486227,0.004118736356342079,-0.8691839259212794,0.0021230735880481966,-1.16703104125264,-0.10000000000000009,-0.07,-0.7616283835899119,-0.04000000000000001,0.0,2.3678863648814423,0.13999999999999996,0.1235955056179775,-0.6741573033707865,0.5057471264367817,-0.35632183908045967,-0.0898876404494382,0.5168539325842697,-0.034090909090909,-0.06857366771159859,0.6589149390169452,-0.018275684854873187,68.27835814672765,0.0
2020-03-31,-0.07286001913466855,-0.10255675620306548,0.012757596683662609,0.06883964739586812,-0.0367985357199897,0.0,-0.1290208241068055,-0.1290208241068055,0.1953651744410921,0.1892113752023498,,-0.19447844911863466,0.09192169291556918,-0.13102501163387315,0.031002481714690777,-0.029726265581973887,-0.05890261990025958,-0.04745805994782315,0.03407027772878646,0.017446222537077505,4.378348514986403,13.43,39.76,3.901792639881006,8.159999999999997,34.4,1.7906158621079966,-25.804199999999994,25.588400000000007,0.902502801643631,,,4.795316648828551,1.9500000000000002,-2.7659925954811126,-1.35,-2.8586368645495277,-1.22,-1.9314589355485574,-0.32,-4.054549984146939,-1.19,-3.7368114495957165,-0.9,-2.728259968916729,-1.47,0.21041070169363654,0.13000000000000012,4.073918066362226,-0.9213679076153894,-0.002921885469951979,-1.418795586579091,-0.006846218942695215,-1.7553288391269173,-0.00203039841351349,-2.283353233989133,-0.003039747200901166,-0.9631115506379142,0.01172528226932168,0.4593880730932645,0.014889079374494463,-1.1113523571602941,0.0,-0.07,-0.7376541844749742,0.0,0.0,5.427604143943062,0.7230000000000001,0.1011235955056179,-0.7752808988764046,0.2727272727272727,-0.6468129571577849,-0.4044943820224719,-0.696629213483146,0.0,-0.0227272727272727,0.6343064577576194,-0.040832061679308085,68.27835814672765,0.0
2020-04-30,0.14973739500289684,0.0013973287932111944,0.11554374422673885,0.16482781080327213,0.08905835218562475,1.0,0.0,0.0,0.4334317367549119,0.2807091359888722,,-0.09182367975633798,0.09322100854954918,-0.021322753321522447,0.027867577277334687,-0.006998222002754573,-0.03392051666075835,-0.014982776322604807,0.01734264298182553,0.008347343952907815,1.9113774926097482,-19.39,15.309999999999999,1.7427635497045029,-16.009999999999998,13.950000000000003,-0.4252093774537486,-30.281000000000006,-19.3938,1.026354319180088,,,2.5792269062763253,1.1,-2.532657146272482,-1.1300000000000001,-2.5850797510856363,-0.87,-2.3966700535290264,-0.29,-2.799902087992219,-0.8800000000000001,-2.5786903716488867,-0.5799999999999998,-2.5475290803010577,-1.54,0.17225655945231513,0.26000000000000006,2.9903935436152467,-1.895172402346209,-0.006757249957115796,-1.8362017149502972,-0.008327151104252195,-2.225355975188933,-0.004317135485713219,-2.736175300910336,-0.004572938020234174,-0.9470897774138458,0.011353355548940458,-0.8980668910565929,-0.0009042547217750219,-1.0606601717798452,0.0,-0.07,-0.7143312725799447,0.0,0.0,4.0938317307093985,0.857,0.8651685393258427,0.2921348314606742,0.5113636363636364,-0.33921107628004177,-0.5842696629213483,0.2696629213483146,0.0224719101123595,-0.0343462717058223,0.6246742951585756,-0.03061738621956145,68.27835814672765,0.0
2020-05-31,0.0660088620568362,0.13633080849037627,0.1426791773334275,0.3530037160645645,0.13637553951487558,1.0,0.0,0.0,0.3894730855230191,0.28717138844320195,,0.03324419445089766,0.10308661403947861,0.021374325756059243,0.018637308116581597,0.0064506631397724945,-0.011963674292807647,0.003700799653476805,0.002160355439611905,0.0008925636320520347,1.1007704033204915,-6.639999999999997,-12.599999999999998,0.7944977527213803,-7.32,-15.170000000000002,-0.5684865916458754,-2.0356999999999985,-58.1209,1.100327153762268,,,2.0307299055574237,0.7000000000000002,-2.357744587565921,-0.7,-2.2990781411702854,-0.47999999999999987,-2.3115684228843434,-0.21999999999999997,-2.2236957654633205,-0.5000000000000001,-2.088100610718339,-0.26,-2.3594839683629383,-1.53,0.4315260404829519,0.22000000000000008,2.2954810098406786,-3.752375412155598,-0.017792431008218035,-2.024896033347879,-0.009237636790082826,-3.005473699108892,-0.008958160065207554,-5.815771247325602,-0.14760739624951014,-4.80801861851961,-0.1527068073891169,-5.610641621106828,-0.22768128835279633,5.770328795931083,11.200000000000001,4.0,5.808413470005905,4.07,1.0,1.9319905669922948,0.307,0.9775280898876404,0.8539325842696629,0.7386363636363636,0.232889237199582,0.5955056179775281,0.6853932584269663,0.1573033707865168,0.1913942798774258,0.6378013128378148,-0.021113626179130374,68.27835814672765,0.0
2020-06-30,0.06286786278784207,0.30268300662958625,0.1690840631087993,0.33661757619984867,0.1725641798331219,1.0,0.0,0.0,0.17068478979082846,0.29186869923684605,,0.2016186202128527,0.10106438641673354,0.03196302386391525,0.030777471418998115,0.09710875449691048,0.06435073031485539,0.018060356237048714,-0.024851263632076903,-0.009056495280080568,1.3400288855383686,2.919999999999998,-23.11,1.0797445444937288,2.789999999999999,-20.54,-0.3772727221436998,2.574799999999996,-29.741900000000008,1.068682221491949,,,1.5820757221839703,-1.0,-2.1603105694623457,-0.07,-2.073691894804174,-0.039999999999999925,-2.4278010109422263,-0.51,-1.2624803975097973,0.6699999999999999,-1.3943546860111369,0.4700000000000001,-2.1397472865322937,0.0,0.557516827671717,0.030000000000000027,0.45685344911371734,-3.2357461391669577,-0.016019005442828638,-2.4434877005128337,-0.004516177307352098,-2.56087219677837,-0.006650745612396314,-3.786543724347433,-0.12736774296097741,-3.482003211493922,-0.15172664809006964,-1.9080711830257984,-0.09777173780398418,3.691806649518889,9.6,7.27,5.0844134577244935,7.34,1.0,0.6619782132732075,-0.542,0.8202247191011236,0.7191011235955057,0.75,0.4772727272727273,0.8202247191011236,1.2247191011235956,0.1348314606741573,0.1348314606741573,0.6252632040950431,-0.0090432536625763,68.27835814672765,0.0
2020-07-31,0.07346526656880004,0.21626465925529992,0.21796418088384284,0.40207689290813575,0.2138045482318558,1.0,0.0,0.0,0.018855705319630735,0.29854920259952944,,0.12901792831360703,0.08724673094169288,0.08036714806874379,0.02686897773903074,0.07884411065982122,0.05061515543611961,0.03318334736130879,-0.05783263860151988,-0.04263720125037951,0.6481062025594387,-5.969999999999999,-9.689999999999998,0.6949733459668341,-2.8200000000000003,-7.350000000000001,-1.238099045667375,-12.150499999999994,-11.611399999999996,1.214636140637776,,,0.831117250156727,-0.6299999999999999,-2.053218639485752,-0.09000000000000001,-2.02347383764649,-0.08999999999999997,-2.702427212797192,-0.5700000000000001,-0.6037709396732168,0.6799999999999999,-0.7022779456859475,0.48,-1.9693610525015086,0.05,0.40097641679626256,5.551115123125783e-17,0.06834815380441579,-2.1549847105586624,-0.0073265339112928984,-1.8183957456991324,-0.0013686865321278496,-1.7214992900003836,-0.0011929349190820115,-2.493484379639946,-0.09508789503558801,-2.0807875925232207,-0.09634065777096978,-0.09609188374312427,-0.003544117608507369,2.4406024984250925,7.4,9.5,4.347845396463065,9.57,1.0,0.18322622384807855,-0.6930000000000001,0.7752808988764045,-0.0898876404494382,0.7752808988764045,0.26391726251276815,0.2022471910112359,0.7865168539325842,0.1348314606741573,0.1123595505617978,0.6122302715631796,-0.012444023595396092,68.27835814672765,0.0
2020-08-31,0.1094473080410927,0.2658258295083149,0.4383968882531848,0.5856503228639158,0.28841067512079843,1.0,0.0,0.0,0.08457726639601054,0.2603304166807752,,0.15288983472461704,0.11293599478369787,0.13676269094468818,0.011608291510607716,0.03421686182826922,0.022349135043071566,0.02149279683056693,-0.06107134141381276,-0.04822179365735457,0.8150906926938585,1.9499999999999993,-1.1000000000000014,1.412580098108891,6.619999999999997,6.589999999999996,-0.8604163201993664,5.038899999999998,-4.5367999999999995,1.2059825823551686,,,0.9371562941478819,-0.41000000000000014,-1.8794102500015077,-0.01999999999999999,-1.6834931292561846,0.06999999999999995,-2.5105711392156005,-0.5800000000000001,0.15220916511367755,0.86,0.07841323456089531,0.6500000000000001,-1.8580947375322157,0.039999999999999994,1.1462029090345927,0.08999999999999997,-0.4246560897509373,-1.5253725742407631,0.006838174685486864,-1.2649274734190155,0.0012976342187493994,-1.3902428345998858,0.004601227069475522,-2.047777533218548,0.056509215021273373,-1.250629798545493,0.10534737301948871,0.07721793588400838,0.23069995572954016,1.9534802619323914,6.6,8.0,3.010271357971639,4.0,1.0,-0.0720193865277459,-0.378,0.7528089887640449,-0.2247191011235955,0.8202247191011236,0.08158835546475995,-0.0674157303370786,-0.6629213483146067,0.146067415730337,-0.011235955056179803,0.5842684718598462,-0.05353284097796862,68.27835814672765,0.0
2020-09-30,-0.05641349792166839,0.12376731720278711,0.4639125875257908,0.4825885938975818,0.1774621712744071,1.0,-0.05641349792166839,-0.05641349792166839,0.3022350334713066,0.23968170499953725,,0.09038389344899334,0.03338342375379377,0.08479111798208039,0.004011939201065129,0.008220173372140982,0.004191418455067986,0.00699100352965254,-0.0358553849952673,-0.029505976070861584,0.7649764608241861,-0.03999999999999915,-4.059999999999999,1.4258646638962875,0.8700000000000045,4.670000000000002,-1.3596345203567406,-7.810400000000001,-14.921999999999997,1.1998483124762989,,,1.048122573188889,-0.18000000000000016,-1.764077995993012,-0.03,-1.6023184797482148,0.029999999999999916,-2.052884087492006,-0.2599999999999999,-0.334678720181833,0.3400000000000001,-0.43554800300581975,0.2899999999999998,-1.7503695702019302,0.009999999999999995,1.1835824951514131,0.05999999999999994,-0.15480634241308205,-1.5698097754919318,0.007063589926234792,-1.8559260248315426,0.0011246665022350832,-1.4054639316827573,0.0038569317755863253,-1.9092607989498627,0.037893383677043424,-1.2981754848003857,0.08630089842182997,-0.07839229224110732,0.07890250026829926,1.8030859337569767,6.6,8.0,2.612680878005856,0.7300000000000004,1.0,-0.040168430767798566,-0.13,0.5280898876404494,-0.2921348314606742,0.797752808988764,0.047752808988763995,0.4831460674157303,-0.3370786516853933,0.0112359550561797,-0.1235955056179776,0.6003040322311473,-0.024959171863895846,68.27835814672765,0.0
2020-10-31,-0.030449179404087756,0.014983491767218915,0.2344885507640111,0.37712598012432563,0.11426878214648895,1.0,-0.08514493260672718,-0.08514493260672718,0.309046857256949,0.22643162882306017,,0.004065132409979633,0.010918359357239282,0.05458917387436557,-0.014730490927315265,-0.027085435096605326,-0.012539659509932632,0.0014141856852454282,0.007380903919699033,-0.02374253828185835,1.8925083724943508,11.650000000000002,13.560000000000002,1.9485527393145767,5.8799999999999955,13.369999999999997,0.2107364577773792,22.705599999999997,19.934099999999994,0.9539715938979485,,,0.7160433506805759,0.009999999999999787,-1.639489599638752,0.030000000000000013,-1.3004449244898253,0.32999999999999996,-1.7153482562516316,0.18000000000000005,-0.08352111161943038,0.19000000000000017,-0.20105799539317626,0.1499999999999999,-1.6545806011204864,-0.010000000000000009,2.1951806341974134,0.29999999999999993,-0.42293478898339515,-1.184669406233355,0.004212580256152787,-1.3570900356438356,0.0011052868533714122,-0.9054049662641971,0.002897590936191463,-1.4458785107124774,0.021981893772795802,-0.8645498353501535,0.05162025028875761,0.6783431501702333,0.03368540518216889,0.935205565513692,4.199999999999999,5.3,1.5008427780734983,-4.2,1.0,-0.05342562819978419,-0.03999999999999998,0.3033707865168539,-0.4719101123595506,0.7191011235955056,-0.0561797752808989,-0.5,-0.7022471910112359,-0.0112359550561797,-0.146067415730337,0.6058396580660214,-0.006390613497158193,68.27835814672765,0.0
2020-11-30,0.11225777711652696,0.01755466364263225,0.28804697617548936,0.47182445910301696,0.19883379057889972,1.0,0.0,0.0,0.3146090281554852,0.2487583981457485,,0.040650299612141616,-0.023095635969509365,0.15259727197594075,0.005437632378164636,0.02788099468748584,0.022321983568722947,0.01925006142938046,-0.0059347181008900796,-0.04150785777684951,0.008269337005738585,-17.450000000000003,-5.84,0.25798700792590057,-14.619999999999997,-7.869999999999997,-1.2428111721338342,-21.068099999999994,-6.1728999999999985,1.1827904715605249,,,0.026839397038097564,-0.3799999999999999,-1.5164585572892129,0.01999999999999999,-1.2689129532260266,0.12,-1.7473366108541701,0.15000000000000002,0.15764958630431106,-0.010000000000000009,0.026145830094285262,-0.030000000000000027,-1.5690241623299366,0.0,1.839447038482569,0.09999999999999998,-0.6646464595819465,-0.9406901620884065,0.002335215802773627,-0.9599784478911023,0.0007571583211396504,-0.6867083583327417,0.0026490215958754337,-1.2605770183138756,0.017974900204816846,-0.6859603311723342,0.021608615018846034,0.5751984665858287,0.021933613552096,0.6032149647872868,-7.9,4.2,1.0463826219230208,-3.8,1.0,-0.3467932427453229,-0.04700000000000004,0.8314606741573034,0.07865168539325851,0.9213483146067416,0.101123595505618,-0.0219780219780219,0.045437708359056694,0.1797752808988764,0.03370786516853941,0.6194529209900138,0.035184449130167605,68.27835814672765,0.0
2020-12-31,0.049025505361394384,0.13125907684078197,0.2712719778426673,0.48622380917266494,0.20477374431143658,1.0,0.0,0.0,0.24770878526715273,0.24716346834408578,,0.12118523845859142,0.010073838382190559,0.16438295102955247,0.007280004204709423,0.03397533320877022,0.026502391482632337,0.014754368318962596,-0.04027275346544168,-0.05275131522820997,0.21143967849725392,2.1799999999999997,-3.620000000000001,0.25437758308855146,0.25,-8.490000000000002,-0.6850312499782276,8.137,9.774500000000003,1.1112087912087913,,,-0.2318544818605036,-0.5699999999999998,-1.451426687452622,0.0,-1.1058461438848732,0.2400000000000001,-1.7943941317988878,-0.1200000000000001,0.8594189172943202,0.44999999999999996,0.7125022900666961,0.3600000000000001,-1.4806637303430452,0.0,2.2809847621883335,0.2400000000000001,-1.264443785249093,-1.295973052693849,0.00041619889072364025,-1.5260957816573377,0.0008426358875734952,-0.8517261028750762,0.0020754774808739995,-1.2182057326014921,0.018107093847425038,-0.7340683996286935,0.023186265117099314,0.41611124207915123,0.021608961737650922,0.5759008347249809,-6.299999999999999,4.2,0.9926191621748633,-3.8,1.0,-0.5828502432395999,-0.09999999999999998,0.8888888888888888,0.36079900124843944,0.9213483146067416,0.12359550561797761,0.3870967741935484,-0.09604929322218192,0.2359550561797752,0.2247191011235955,0.618687253932576,0.018383221701428698,68.27835814672765,0.0
2021-01-31,0.0026136291097185183,0.16983632461630682,0.187364557555189,0.4461675007532122,0.15255053409135466,1.0,0.0,0.0,0.19065267708927977,0.24643665635374903,,0.13813769754358418,0.03169862707272264,0.11248097755867659,0.005395874609087414,0.020240210351139654,0.01476466744785876,0.0032991495356433642,-0.036729832620855385,-0.0367154916277278,1.26524659536498,10.340000000000003,-4.93,1.3878541959537063,10.509999999999998,-3.8599999999999994,-0.7690661939388805,-1.5734000000000066,-14.5045,1.0238742822605016,,,-0.29984613910184355,-0.43999999999999995,-1.3811346162154092,-0.030000000000000013,-0.8583016005432896,0.2300000000000001,-1.6145688933592037,-0.20000000000000007,1.4940703920114153,0.6199999999999999,1.1469311999482574,0.42999999999999994,-1.4202068819189153,-0.01999999999999999,2.8730387943206894,0.26,-2.4596977229740435,-0.2708268167934321,0.00510316299100122,-0.4398108287117239,0.0030930573565899344,0.21601835603151606,0.005131759772598832,-1.139219163461271,0.0038521451506304816,-0.4026119504113335,0.018780303024706346,0.3949834256190299,-0.012708936178180918,0.48370801084965376,-4.3,3.23,0.6175060955279876,-2.07,1.0,-0.686340480382791,-0.12,0.5,0.1966292134831461,0.898876404494382,0.1797752808988764,-0.6881720430107527,-0.18817204301075274,0.0,0.0112359550561797,0.6140127022093915,0.008173044143370167,68.27835814672765,0.0
2021-02-28,-0.0013351983584675153,0.050362951028040115,0.06880171933601997,0.537361067252585,0.1117739122453405,1.0,-0.0013351983584675153,-0.0013351983584675153,0.0970139781138161,0.20881666856198747,,0.05502222436614446,-0.004659273338104342,0.1121450060314153,-0.02167419478988797,-0.03908720448725511,-0.017798784009001367,-0.004968716412866336,-0.009924828412681164,-0.025077078546095866,0.6820847426731068,-5.140000000000004,7.379999999999999,0.9541314179537687,-3.3799999999999955,7.380000000000003,1.1376626478746616,28.2566,34.82019999999999,1.0590339892665475,,,-0.448997516918686,-0.16999999999999993,-1.272891809035671,-0.01999999999999999,-0.457147906079268,0.6,-1.1125564612076126,0.22000000000000008,1.8618284572646746,0.7100000000000002,1.2031018314857465,0.3799999999999999,-1.345348568916318,-0.01999999999999999,3.4202330326730914,0.6199999999999999,-3.4198241021859714,-0.25003567229667883,0.003850999898702856,-0.4431195003881838,0.001685350823775078,0.22553189932947607,0.004227191703851663,-1.078228022087119,-0.0007035131089759838,-0.373218634082099,0.011164070442216789,0.3992051181134459,-0.008424184255134248,0.4590709576258035,-3.499999999999999,3.23,0.5851060002211858,-0.9700000000000002,1.0,-0.709439640509295,-0.07199999999999995,0.4838709677419355,-0.3475897064153679,0.8202247191011236,-0.101123595505618,0.1397849462365591,0.161762968214581,0.0112359550561797,-0.1685393258426967,0.6238675498853579,0.004414628895344053,68.27835814672765,0.0
2021-03-31,0.017166664118126285,0.01846349164064942,0.15214606934944053,0.6866411335890086,0.09695270331321582,1.0,0.0,0.0,0.033755087955215014,0.1733555161240329,,0.06351732458650727,-0.04505383294585785,0.13052768315831664,-0.033721957475177367,-0.05471242918512442,-0.021723014273511088,-0.008988968143901044,0.033267731856744254,0.0027396787270799194,-0.23244931828028695,-8.55,-3.3500000000000014,-0.07154803941458562,-9.170000000000002,-2.039999999999999,0.807567489059809,-4.396699999999996,22.286499999999997,1.1417525773195876,,,-0.6714702032450491,-0.15000000000000036,-1.1829843036551355,0.03,-0.09177504319729296,0.8099999999999999,-0.9466883502684815,0.43000000000000005,2.0639998497499654,0.5900000000000001,1.7919815710974782,0.3800000000000001,-1.2792550806857759,-0.03,3.4890727744331573,0.78,-2.4397636467391526,1.408032469366827,0.018000690246200657,0.7067172207218033,0.00810776206184971,2.5451915806690355,0.018293855264169823,-0.7868948116229862,0.011683490805514674,-0.33873270050261395,0.016149158501508776,2.8329981495920618,0.12536973833902154,0.239710832406866,-4.1,2.33,0.24685569594174195,-1.87,1.0,-0.771166782423816,-0.04400000000000004,0.5806451612903226,-0.3082437275985662,0.8876404494382022,-0.03370786516853941,0.4731182795698925,0.08602150537634412,0.0222222222222222,-0.213732833957553,0.6216888710370622,0.0030016171044862094,68.27835814672765,0.0
2021-04-30,0.059098173155031075,0.07584097413428093,0.2585578510528743,0.5536752575989312,0.12635172217881263,1.0,0.0,0.0,0.10726381270217143,0.14935748311159955,,0.1313171225657337,-0.055476148431452765,0.15334243379463164,-0.019345291868417935,-0.02703103340900137,-0.00783735750907355,-0.007043161221862326,0.007683476110571297,-0.008725776061943802,-0.32630613482641,-0.7899999999999991,-14.480000000000004,-0.3018445165979947,-1.990000000000002,-14.54,-0.0902497759999429,-13.1402,10.719700000000003,1.185921547555078,,,-0.8527049369156747,-0.20999999999999996,-1.1182278535571397,0.05,-0.15673521375516458,0.5399999999999998,-1.0669422601863716,0.26,2.0070727838355102,0.3599999999999999,1.8346880019965244,0.28000000000000025,-1.2183723993425264,-0.020000000000000004,2.762219181388311,0.49,-2.144218302968139,1.3650800998509782,0.01130762877163316,0.6955545880423827,0.004210161628029674,2.3183846237199077,0.01302584019072528,-0.7453696768531681,0.011103272300500455,-0.3064606091952082,0.00022170512825547828,2.496292995100558,0.12647044524177642,0.22066953565190664,-1.7000000000000002,2.33,0.22495172602406874,-0.8999999999999999,1.0,-0.9179521247489608,-0.05900000000000005,0.7096774193548387,0.20967741935483875,0.9101123595505618,0.011235955056179803,-0.6595744680851063,0.028597574925646407,0.0222222222222222,0.0222222222222222,0.6080409005649381,-0.005971801644453434,68.27835814672765,0.0
2021-05-31,-0.012012189710781218,0.06433887176878716,0.11794211824491807,0.43996196494458806,0.08768758623900785,1.0,-0.012012189710781218,-0.012012189710781218,0.12382520476694697,0.0998778450631625,,0.10793853243579976,-0.043599660667012596,0.1305258908126954,-0.002201994738033508,0.0016978753347003384,0.003908476517458848,-0.0005364728488883586,-0.009331088590323389,-0.018753875949982346,-0.5294958106349816,-1.8399999999999999,-11.18,-0.4864548912922778,-1.4599999999999973,-12.620000000000001,-0.48402747825061687,-6.0914,-23.628299999999996,1.2212283840190818,,,-0.7943073859786988,-0.13000000000000012,-1.0751613861921256,0.0,-0.2020988198132719,0.14000000000000012,-1.114233085258064,-0.13,1.88568185589042,0.17999999999999972,1.7678408836946315,0.27,-1.15285045449349,-0.020000000000000004,2.341897616049376,0.14000000000000012,-1.9191773302272963,2.8933672826079158,0.025175907826231247,2.465537659339337,0.011730849026633905,3.0078108959660335,0.020300804926204785,2.470220833459974,0.16870011996391454,3.0602931145883985,0.20058411594768133,4.820285178642124,0.4711792818561138,0.20161516646514716,-0.8000000000000007,-0.07,-0.6242998225892691,-3.3,0.0,-0.9596910612152256,-0.06599999999999995,0.7419354838709677,0.25806451612903225,0.8651685393258427,0.0449438202247191,0.3404255319148936,0.2006405856783345,0.0769230769230769,0.0656871218668972,0.6145403167358693,-0.009327233149488579,68.27835814672765,0.0
2021-06-30,0.06262070086263827,0.11190088878389881,0.13243046154919091,0.4396271126229243,0.13317583213645712,1.0,0.0,0.0,0.1458709036353875,0.11089888042163482,,0.08359271960179826,0.02830816918210055,0.1302807052929127,0.017727083911967423,0.039205207709996026,0.021104011220248298,0.01336068557613368,-0.00357261995717173,0.008928104461219277,-0.628712114586654,-0.9299999999999997,-3.5599999999999987,-0.631428620970412,-1.3000000000000007,-4.75,-0.14358074335241336,5.2363,-13.9953,1.2316919191919193,,,-1.058785868129164,-0.1599999999999997,-0.9194109109176533,0.09,-0.31804625835981004,-0.29000000000000004,-1.093411412893969,-0.24,1.6004306423288774,-0.06999999999999984,1.4427837872123639,-0.050000000000000266,-1.0631001389039274,0.020000000000000004,1.6396278614447097,-0.3800000000000001,-1.7911852147008833,2.6843717863899252,0.014804573834800383,2.4895036163319353,0.008816584440656916,2.5562565896886182,0.006237983560756666,1.890189519138615,0.13581531586188034,2.448703728104167,0.18140040493633836,2.083354958798424,0.09899030647844875,0.18084069161527735,-0.8000000000000007,-0.07,-0.624714326971985,-2.4,0.0,-0.9227694305521431,-0.04799999999999993,0.723404255319149,0.14275909402882636,0.9213483146067416,0.03370786516853941,-0.1489361702127659,-0.6220544497826583,0.043010752688172,0.0207885304659498,0.6073810664900311,-0.014307804547031067,68.27835814672765,0.0
2021-07-31,0.02860931634335273,0.07989197039824902,0.16179202939304016,0.3794706789514124,0.13373250746071896,1.0,0.0,0.0,0.12943685245221812,0.10635377350982235,,0.05426428802906802,0.025627682369181004,0.12599725281036944,0.0216061980768536,0.04307108402226745,0.021010919849371312,0.014189543297957519,0.009794040315512786,0.0060038919976119764,-0.39172198677586006,2.3900000000000006,-0.379999999999999,-0.5622916710516006,0.6699999999999982,-2.09,0.09460820918078848,3.9170000000000016,3.0619000000000014,1.2166758091058694,,,-0.8883431187728478,-0.010000000000000009,-0.925547200062073,0.03,-0.5318972747376695,-0.4099999999999999,-1.411978465877598,-0.3999999999999999,1.6889836414725896,-0.009999999999999787,1.5973628428832638,-0.010000000000000231,-1.0152168065887046,0.020000000000000004,1.219958777685697,-0.43999999999999995,-1.7267093180722486,3.241677916161219,0.025493834104492352,3.9723295206103937,0.022133992799023394,3.0338164056639583,0.013933389644034788,1.3052149764668561,0.10821371170063909,1.4995096824936283,0.12442502466187022,1.1462246530989288,0.007492879970138588,0.0955138610846566,-0.7999999999999998,-0.03,-0.6105475768800219,-2.36,0.0,-0.7585218160048106,0.016000000000000014,0.7446808510638298,0.035003431708991006,0.8666666666666667,-0.043445692883895104,0.1170212765957446,0.7765957446808509,0.1827956989247312,0.160573476702509,0.6016098529460863,-0.006431047618851826,68.27835814672765,0.0
2021-08-31,0.042186685695531745,0.13913250934655763,0.2124230097930624,0.29583979742937716,0.14189314925059104,1.0,0.0,0.0,0.05930713635463447,0.09722897574102217,,0.07855722682039112,0.06057528252616651,0.12246308414890672,0.017486170698562287,0.03305085032395283,0.015297190343829925,0.009513582294396361,0.026857415779009353,0.010758213524298954,-0.597659832243224,-1.740000000000002,-0.28000000000000114,-0.7327364808657936,-1.3299999999999983,-1.9600000000000009,-0.03493774601363909,-1.6475000000000009,7.505800000000001,1.2383262583383872,,,-0.914143828654529,-0.050000000000000044,-0.8676180797298013,0.06,-0.4150696854994389,-0.28,-1.1671394024450328,-0.19000000000000006,1.4604898452692825,-0.08999999999999986,1.3640474696096472,-0.08999999999999986,-0.9699911379339078,0.009999999999999995,1.2563356875816856,-0.33999999999999986,-1.55244723808545,2.7665500241263,0.01112092265948661,2.994450634020716,0.012326875600417342,2.7844967652839983,0.008329303341612082,1.1656023460006975,-0.05466667965461913,0.9714314567450358,-0.11052248835030842,0.7608401473699247,-0.375022041210082,-0.09033975667763476,-1.2999999999999998,-0.23,-0.6776938593767069,-0.16,0.0,-0.6748320365021363,0.04499999999999993,0.7553191489361702,0.013383665065202499,0.8444444444444444,-0.02072409488139826,-0.2127659574468085,-0.5531914893617021,0.075268817204301,-0.001654259718775905,0.5904581695006748,-0.02408214723519453,68.27835814672765,0.0
2021-09-30,-0.056831751000648634,0.01107913044272002,0.12421978377011178,0.29526540495561227,0.0579200086985594,1.0,-0.056831751000648634,-0.056831751000648634,0.18595253024986277,0.16127402464368962,,0.005735006565602774,0.005344123877117246,0.05124695860224149,-0.00012015729978021028,-0.00453242276680732,-0.004412795696642657,0.0007646816414228486,0.015529660788146549,0.025580900757447678,0.10055919460270751,6.640000000000001,7.289999999999999,0.06376454772741355,7.169999999999998,6.509999999999998,0.04207935640655321,1.5264000000000024,3.795900000000003,1.0319930825767403,,,-1.126155769549507,-0.020000000000000018,-0.7463351709675158,0.030000000000000027,-0.07865844546737794,0.07000000000000006,-0.870075004901068,0.020000000000000018,1.453125039623891,0.03999999999999959,1.4240105705445094,0.050000000000000266,-0.9174750335333448,-0.020000000000000004,1.4676195384678916,0.040000000000000036,-1.3989196192306077,2.461570051560481,0.010184627879284314,2.6043333013691705,0.011030978558364657,2.4703446604662878,0.009366284516334922,1.127952857486422,-0.032885147853085384,0.9625212021754541,-0.09156048246722093,0.7330064854578575,-0.12930351107419336,-0.10617450177311702,-0.6999999999999993,-0.23,-0.6740250092508608,-0.16,0.0,-0.6937029090100203,0.03799999999999992,0.2127659574468085,-0.5106382978723405,0.6774193548387096,-0.24392895976803197,-0.3936170212765957,-0.2446808510638298,-0.010752688172043,-0.053763440860215,0.5954182556583825,-0.01196281083164863,68.27835814672765,0.0
2021-10-31,0.0786400715015434,0.06025723102668401,0.1449632703423973,0.4410025130565989,0.11686240401173631,1.0,0.0,0.0,0.24284198498012133,0.17430761627664812,,0.05065197306783764,0.00960525795884637,0.10100437996592238,-0.011245977201259083,-0.013245421687038239,-0.002022185942788579,0.003044702854693826,0.0211447913728382,0.021875383381048996,-0.6475524517906326,-6.859999999999999,-1.9600000000000009,-0.7241152158678352,-7.009999999999998,-1.1699999999999982,1.184723984523523,17.2701,17.149,1.2519975414874003,,,-1.4431761799669873,-0.26,-0.5003783444526174,0.29,0.024936825339026053,0.31000000000000005,-0.9856332119114103,0.19999999999999996,1.9923342411198333,0.33000000000000007,1.6853882732346057,0.10999999999999988,-0.8583405779848466,0.0,1.0396560933826362,0.020000000000000018,-2.5643844348268856,2.289332121371222,0.0005558297059913286,2.1241697436245435,-0.004365064644625605,2.4163160456336765,0.004312999325280842,0.8952352752607928,-0.016862716780536413,0.5994106146701838,-0.05945899548490696,0.5501540983020058,-0.05497927393660662,-0.3574346729210837,-1.3999999999999995,-0.37,-0.7190486665605068,-0.33999999999999997,0.0,-0.603537324805875,0.025000000000000022,0.6808510638297872,-0.06382978723404253,0.7526881720430108,-0.11397849462365595,0.2446808510638297,0.1276595744680851,0.2872340425531915,0.10443834362846033,0.5816255557384857,-0.019984297207600532,68.27835814672765,0.0
2021-11-30,0.019968402798736573,0.0376537038221485,0.18202506746767377,0.3214356077434033,0.11328365294474674,1.0,0.0,0.0,0.23534333652791817,0.16407523680569938,,0.012090473624218667,0.02556323019792983,0.06932284888469908,-0.0065786041550038865,-0.011012437105054063,-0.004463194540197057,-0.00261350299820462,0.03834546614890377,0.03610288713004217,0.5389372229280804,10.93,10.71,0.16961644646239243,7.75,7.91,1.4720373281925236,5.700400000000002,24.496900000000004,1.0341911764705882,,,-1.1188826655680504,-0.1299999999999999,-0.413324315410504,0.32,-0.09381957411458161,0.1299999999999999,-1.1085203866721232,-0.040000000000000036,1.7043602056787222,0.31999999999999984,1.5673010335288984,0.16999999999999993,-0.8106989831623779,0.010000000000000009,0.6560840666641196,-0.19000000000000017,-1.9255407811836118,2.566689092495065,0.009898730089888286,2.4963661552893766,0.0037959811985672776,2.5625587806264214,0.00862919488526237,0.8848363392501979,-0.011005026633550852,0.6855775181575958,-0.019370153755397412,0.7134456818431482,0.00391020808747955,-0.43500298127526194,-1.5999999999999996,-0.27,-0.6809760490348309,-0.04000000000000001,0.0,-0.2570676217636502,0.07900000000000007,0.5,-0.25531914893617025,0.6774193548387096,-0.1670250896057348,-0.8617021276595744,-0.648936170212766,-0.0744680851063829,-0.1497369023106839,0.560015461600089,-0.030442707900585786,68.27835814672765,0.0
2021-12-31,0.01152450462311827,0.11285780648640631,0.12518730328866834,0.274196377192476,0.09959117658827465,1.0,0.0,0.0,0.12663461961236647,0.15474248881770752,,0.11066819570658315,0.002189610779823159,0.0931371314096745,-0.0009882906485698673,0.0037832454510098312,0.004776256429143588,0.0005869925792851838,0.01662147072898401,0.02659980025987685,-0.5436957778174419,-9.989999999999998,-5.919999999999998,-0.5209679608572229,-6.190000000000001,-5.449999999999999,0.979567157462422,-6.940899999999999,16.029600000000002,1.271353864032539,,,-0.9791635042071738,0.0,-0.12533414151808,0.44999999999999996,0.10622878499948221,0.0,-1.0265267380351832,-0.19000000000000006,1.6893750263428613,0.3600000000000003,1.5936460203869252,0.18999999999999995,-0.7654182810917766,0.010000000000000009,0.3657194923206997,-0.44999999999999996,-1.8256414317524072,2.7157177281210565,0.0189991030937795,2.7441274534349374,0.010249606442713333,2.675616699848873,0.01564767307377224,0.9413674928623332,-0.0063861862573049155,0.7810248831669651,-0.012348195794111838,0.7835319189578119,0.015597903083343079,-0.5778689900319482,-2.0,-0.33,-0.6983499590861479,-0.1,0.0,-0.11544289772355382,0.11099999999999999,0.6276595744680851,0.4148936170212766,0.7526881720430108,0.07526881720430112,-0.1595744680851064,0.2340425531914893,0.0638297872340425,0.07458247540608551,0.5694363537252153,-0.025981901933167184,68.27835814672765,0.0
2022-01-31,-0.0874701520458766,-0.05852193722607635,-0.001791076090953081,0.15971117146653446,-0.008929845625548216,0.0,-0.0874701520458766,-0.0874701520458766,0.20695064403142732,0.21558677111644217,,-0.016888496050658675,-0.041633441175417674,0.021955676128510904,-0.020866469173064228,-0.037386213042455485,-0.01687179873764455,-0.012566748359244317,0.03343497338588852,0.03970815059788291,0.2750122900911592,7.609999999999999,8.55,0.49623659680951016,8.96,10.52,1.4126051042425947,8.0415,6.801000000000002,1.081788879935536,,,-0.7680363329172301,0.24,0.481094222344386,0.7,0.6317570227461672,0.24,-0.3448073226056557,0.30999999999999994,1.5055951808814985,-0.07000000000000028,1.2501898584187459,-0.06999999999999984,-0.7118448572736449,0.009999999999999995,-0.05270572715913975,-0.45999999999999996,-2.0006050751668627,2.4141470586014866,0.01823124694116407,2.5973277418767933,0.014861378005272874,2.4246223169566883,0.014045409233902406,0.9727539532472267,0.008657209789202591,0.4819901608635246,-0.007661238890936062,0.6777074783844987,0.02482386567468109,-0.64884074228785,-2.0000000000000004,-0.27,-0.6744579264398535,0.09999999999999998,0.0,-0.17363489956444286,0.08099999999999996,0.2234042553191489,-0.45744680851063835,0.4680851063829787,-0.2846030656600321,0.8,0.5553191489361704,0.0212765957446808,-0.26595744680851074,0.5670829388060934,-0.014542616932392338,68.27835814672765,0.0
2022-02-28,-0.04475967498725708,-0.1182689500882601,-0.08506851028409135,0.10928399051581228,-0.05586863514163465,0.0,-0.12831469145647423,-0.12831469145647423,0.17200020798824625,0.21106489312444654,,-0.038178934768996364,-0.08009001531926374,-0.013469534450044063,-0.034690349469325366,-0.05678805587169644,-0.022891832056400663,-0.017935485765071868,0.006469154322145121,0.026851286978443634,0.8198640412620475,5.32,2.9400000000000013,0.751313618800143,2.5599999999999987,5.329999999999998,1.7943930024254948,8.20429999999999,9.30489999999999,0.9837425348374252,,,0.1250604165322399,0.5299999999999998,0.9025937616158392,0.9199999999999999,0.8047517623913264,0.40000000000000013,-0.5464815502555909,0.28,1.812181056864507,0.31000000000000005,1.5549765388834795,0.1200000000000001,-0.6693106412718526,0.009999999999999995,-0.5538035838679304,-0.5199999999999998,-2.2779451915558124,2.173092718075791,0.009392978947674768,2.3133948269044926,0.008986761962081813,2.181697951319391,0.008058335240864078,0.9437002219136297,0.008083063334061169,0.4836477294251722,-0.01316497842769282,0.6451923008391204,0.00374046821647811,-0.650239055374638,-1.5000000000000004,-0.27,-0.67165027373237,0.0,0.0,0.23587247651872054,0.09899999999999992,0.2127659574468085,-0.2872340425531915,0.3936170212765957,-0.28380233356211393,-0.0947368421052631,0.7669652855543113,0.0319148936170212,0.1063829787234041,0.5754227567848694,0.015407295184780456,68.27835814672765,0.0
2022-03-31,0.04667784377333262,-0.08762630080477041,0.015342193582291497,0.14146778132175464,-0.019867423747493507,0.0,-0.00017111633032484974,-0.08762630080477041,0.23740551581620245,0.21041892524102154,,-0.0461447435852681,-0.04148155721950231,0.015088657250381887,-0.05845680686168542,-0.08377461050523693,-0.026889688999994887,-0.01509515440257303,0.03173706562898815,0.03879252691190094,-0.2704194697860475,-9.57,3.3599999999999994,0.04117116570068781,-5.73,5.789999999999999,2.3407663161897623,13.539000000000001,29.78479999999999,1.189110354885756,,,-0.7490192485272087,0.07999999999999985,2.031310031343143,1.5499999999999998,1.7605562468720468,0.7999999999999998,0.005960505295469883,0.52,1.9695241658241114,0.46999999999999975,1.8697342570392055,0.2799999999999998,-0.36119667436240477,0.26,-1.3162539310214536,-0.75,-2.1022915564967426,2.5045298088579178,0.014271252753266683,2.677109127620387,0.012466986958046489,2.3392617038177916,0.008884274987758012,0.884748299069897,0.0015862694719297465,0.5938790769051775,-0.012106563654827873,-0.02567559722582637,-0.08046830614914158,-0.7184381235442276,-1.7000000000000002,-0.1,-0.608541642360353,0.23,0.0,0.6360670914597532,0.16200000000000003,0.6631578947368421,0.03549832026875699,0.4680851063829787,-0.2846030656600321,-0.7157894736842105,-0.5562150055991042,0.0319148936170212,-0.03191489361702131,0.5650839981062207,-0.004352355618994608,68.27835814672765,0.0
2022-04-30,-0.13595741160065833,-0.13610526339762963,-0.1866620569430113,-0.06875792882391163,-0.14388898062160405,0.0,-0.13595741160065833,-0.2116702673598715,0.316333632438991,0.2441222739846348,,-0.08141640656686866,-0.05468885683076097,-0.07152574180769022,-0.07582141883186233,-0.11330743718035674,-0.04056144463022826,-0.03548139956173946,0.058486686542613464,0.07265830354566183,1.11328439729933,12.82,8.57,1.3199133405632568,11.260000000000002,8.09,2.9914422850029765,21.51660000000001,43.2599,0.9937106918238994,,,-0.4811622704499408,0.11999999999999988,2.487377620518444,1.5200000000000002,2.701230330984648,1.1,1.1259692826890693,0.66,1.769405564825828,0.48,1.805603858250909,0.43999999999999995,-0.31433792867760335,0.25,-0.9791140577355129,-0.42000000000000015,-1.63255451211086,2.2429392582965164,0.01397864680948313,2.3732535639947403,0.009933850240110731,2.1144853276195414,0.007844417935403802,0.8592769532889935,-0.0018779534858854863,0.5815451446317151,0.00808037273415052,-0.037701407387811,-0.07252107936975616,-0.7169718085235692,-1.0,-0.1,-0.6055179081189195,0.17,0.0,0.7332787584766057,0.20400000000000007,0.2,-0.023404255319148887,0.2234042553191489,-0.24468085106382978,-0.9052631578947368,-1.7052631578947368,-0.1489361702127659,-0.1702127659574467,0.5839811588794434,0.016898220073349957,68.27835814672765,0.0
2022-05-31,-0.015865921797264204,-0.10997449750770583,-0.2152368792392455,-0.07239031923662709,-0.1446207476912793,0.0,-0.1496662437377081,-0.224177845248398,0.3215255045574808,0.23082879371972065,,-0.051341333121070254,-0.05863316438663557,-0.0649421442484861,-0.05800152498887212,-0.07711236888884598,-0.02028755290686446,-0.01780412446898605,0.06089116596801758,0.05649198648076159,0.2768174294533781,-7.210000000000001,-3.960000000000001,0.6566361581415879,-5.240000000000002,0.28999999999999915,1.8004357516226566,-21.27860000000001,13.777000000000001,1.0691367456073337,,,-0.1871822015990125,-0.1599999999999997,2.1604596242105494,1.0899999999999999,2.4213574995816964,1.02,1.5783606720106362,1.0,1.23799289644279,-0.1499999999999999,1.2612579512697752,0.020000000000000018,0.34837663806751273,0.75,-0.7057167082481581,-0.06999999999999984,-1.1487339748770957,1.924792942207733,0.01057410485711685,1.9734317969393484,0.006697435886597436,1.8352247113623585,0.005427861617021135,0.828597631493314,-0.0023235915808341723,0.5481380422386259,0.006770623474013915,-0.0007294735530572277,-0.06699676567530988,-0.7169718085235696,-0.7999999999999998,-0.13,-0.6142643425973637,0.14,0.0,1.0159905715656075,0.187,0.3578947368421052,0.1451287793952967,0.2659574468085106,-0.12765957446808512,-0.5263157894736842,-0.43157894736842106,0.0,-0.0319148936170212,0.587286764446443,0.011864007661573583,68.27835814672765,0.0
2022-06-30,-0.08907756847485304,-0.22541190713764137,-0.2932861963625918,-0.20481460108834715,-0.19909142858774775,0.0,-0.10353019253680473,-0.2932861963625918,0.20966464090992026,0.22311784070491888,,-0.16110294514690393,-0.06430896199073743,-0.12857605969687858,-0.04579260008740382,-0.0840411172999338,-0.04008407104790168,-0.027463208492651048,0.06596236515532494,0.06971273688473056,0.5247322721964583,2.5199999999999996,8.129999999999999,0.9832506307531297,3.200000000000003,9.220000000000002,2.704423872232162,28.381100000000004,28.619100000000003,1.035191637630662,,,0.09540254146014263,0.3800000000000001,2.421825792582301,0.6400000000000001,2.4003935034883876,0.6600000000000001,2.3789775817216503,1.17,0.6980741771617553,-0.7599999999999998,0.6342346815692457,-0.5099999999999998,1.4000280418069582,1.25,-1.2544272936806218,0.020000000000000018,-0.8140761710301869,1.7759112149923686,-0.00340454195236628,1.8169074096921798,-0.003236414353513295,1.699921738496867,-0.0024165563183826677,0.8045279900971504,-0.000445638094948686,0.5339835308648341,-0.0013097492601366056,-0.01554732384096526,0.005524313694446281,-0.7184629977941468,-0.39999999999999947,-0.13,-0.6134610572153085,-0.03,0.0,1.3714383763155815,0.191,0.1473684210526315,-0.5157894736842106,0.1170212765957446,-0.35106382978723405,-0.5473684210526316,0.16842105263157892,-0.0851063829787234,-0.1170212765957446,0.592939126951706,0.027855128845485355,68.27835814672765,0.0
2022-07-31,0.12551733979886093,0.008992312905972577,-0.12833685160827846,-0.12989806663272774,-0.08789926393957437,0.0,0.0,-0.20458135973088976,0.3778892603020257,0.32666341600308213,,0.00429494965986521,0.004697363246107367,-0.04557595608331799,0.01713482359950369,0.025361731328702453,0.008088315863657769,-0.003800636042184169,0.028593906312221362,0.06464065625848225,-0.3398830397291312,-7.379999999999999,-12.07,-0.11717478288681261,-8.96,-11.0,1.7599778327766171,-19.1421,-12.039600000000007,1.1158536585365852,,,0.19034497753584825,0.31000000000000005,2.2264906821685964,0.18999999999999995,1.809178338796484,-0.2200000000000002,1.3751643362156818,0.13,0.8488773687856096,-0.5699999999999998,0.9644265312742191,-0.3500000000000001,2.4084726492580217,1.9899999999999998,-1.789253677513372,-0.41000000000000014,-0.568936691829482,1.8838259796304853,0.004071561370919463,1.5566310112682686,-0.0057604290281279,1.7995381862024296,0.0031706089449154984,0.7197075149225751,-0.004272281641308551,0.27574148302727414,-0.018326509998465967,0.009627278085989361,0.009901354263885054,-0.753274125547295,-0.2999999999999998,0.0,-0.5690076009279909,0.1,0.0,1.232977927146232,0.14899999999999997,0.8526315789473684,0.6526315789473685,0.3085106382978723,0.08510638297872339,0.5052631578947369,1.4105263157894736,-0.0105263157894736,0.1384098544232923,0.5823852158132192,-0.0015959430662241259,68.27835814672765,0.0
2022-08-31,-0.05132187916859521,-0.02735922620516995,-0.1343249065587625,-0.20796659714785015,-0.1128738571693001,0.0,-0.05132187916859521,-0.2454037390752294,0.3968591087451923,0.3280385833193004,,-0.03885183594288866,0.011492609737718706,-0.07181476694589906,-0.021251760199911485,-0.03798132788865516,-0.017092820204878012,-0.011836075636601606,0.07017697906300602,0.08572916109900253,0.16395030831965543,4.539999999999999,-0.3200000000000003,0.4524147376150322,4.939999999999998,-0.8200000000000003,1.9486518953562395,8.477199999999996,17.7162,1.0305491105955142,,,-0.19627860400368574,0.0,2.525139616547414,0.9200000000000004,2.274541134918017,0.2999999999999998,2.2555540192399803,0.4600000000000001,0.6125219756506428,-0.3799999999999999,0.8226439661360849,-0.16000000000000014,2.3731692321806928,1.5,-1.8861369343331424,-0.6200000000000006,-0.12006450437035088,1.60544858670429,0.0029849714851750697,1.7104073720471857,0.0026047278017486963,1.596699277655331,0.003629125243082454,0.7014767548091401,-0.003691973846717378,0.20847196183486905,-0.020811571745486424,0.12172241071881679,0.018472455504697116,-0.7517575027376511,-0.2999999999999998,0.03,-0.558535068395574,0.16,0.0,1.017013081989159,0.04300000000000004,0.4105263157894737,0.052631578947368474,0.2659574468085106,0.0,-0.4421052631578947,0.08421052631578946,-0.0526315789473684,-0.0526315789473684,0.5862532991916416,-0.0010334652548014134,68.27835814672765,0.0
2022-09-30,-0.10535676511741554,-0.04474139824441792,-0.2600680614757803,-0.24871588243722165,-0.17596682900731841,0.0,-0.15127153711706076,-0.3249055600959605,0.41831741676725265,0.32430813836855704,,-0.049310507256428604,0.004569109012010686,-0.13902396918669035,-0.04701772540440374,-0.06150397209347813,-0.015200961314019934,-0.021612153289644387,0.06637942513648731,0.09231007549533765,0.786228531970473,5.75,2.91,0.9386393422367567,4.420000000000002,0.3999999999999986,2.3196951501064422,17.05900000000001,6.394100000000009,1.0079088895919013,,,-0.06826330950085964,-0.06999999999999984,2.835177478484847,1.2999999999999998,2.769019668482108,0.8500000000000001,3.4049593888467142,1.0299999999999998,0.0022359382968389647,-0.43999999999999995,0.16871159140976869,-0.18000000000000016,2.9963977481102884,1.5,-1.966287950697203,-0.44999999999999973,0.37159832707940355,1.5004708218474498,0.0029849714851750697,1.592188879826303,0.0026047278017486963,1.4929356030982088,0.003629125243082454,0.6822652544849228,-0.003691973846717378,0.1995058970060443,-0.020811571745486424,0.10565233799190729,0.018472455504697116,-0.7517575027376511,-0.10000000000000009,0.03,-0.558024463436038,0.16,0.0,1.4234673342991335,0.061,0.0526315789473684,-0.09473684210526312,0.0851063829787234,-0.0319148936170212,-0.7368421052631579,-0.18947368421052624,-0.2842105263157894,-0.199104143337066,0.5948382447471008,0.0018991177953947558,68.27835814672765,0.0
2022-10-31,0.03999850333131483,-0.1173236688670557,-0.10938636710281247,-0.27563013976088946,-0.11066833817779342,0.0,-0.06957237470662614,-0.29790279289250654,0.2545086844303523,0.3009409386608345,,-0.058722561156333564,-0.05860110771072213,-0.04996860871651454,-0.08248925629618642,-0.1081348442860729,-0.02795126723678476,-0.013004271094584685,0.05267084029725311,0.06956319845265857,0.07941303186409926,-5.719999999999999,4.57,0.23093460146272096,-5.449999999999999,3.91,2.2619049902618333,6.024100000000004,31.560300000000012,1.0397837002703747,,,0.012693441459283594,-0.08000000000000007,2.6863198975754448,1.6199999999999997,2.682184728156595,1.4299999999999997,2.8262873528506507,1.44,0.671707455351828,-0.06000000000000005,0.8293552798177029,-0.009999999999999787,2.6762906539452254,0.7600000000000002,-1.8882107683224778,-0.18999999999999995,-0.28886605561739037,1.3056080860852892,-0.00787254206679977,1.5832527690357223,0.007179519729179296,1.2604333527952098,-0.005755328639836188,0.5751930929031179,-0.005511739311064412,0.41627025974913606,0.012402593140770302,-0.06702939350309393,-0.00291679987473481,-0.7849774646706448,-0.20000000000000018,0.0,-0.5688832039224064,0.0,0.0,1.4021216455877734,0.09100000000000001,0.5684210526315789,-0.28421052631578947,0.2978723404255319,-0.010638297872340385,-0.5263157894736842,-1.0315789473684212,0.0105263157894736,0.0210526315789472,0.6057598119322876,0.023374596119068336,68.27835814672765,0.0
2022-11-30,0.0554416261951125,-0.017987954103504733,-0.04485504380338867,-0.2504374633962533,-0.04051812126165666,0.0,0.0,-0.25897738198342046,0.3073199204681845,0.31746958381886065,,0.035870007999481146,-0.05385796210298588,0.012076523000789763,-0.01766470160497835,-0.004764687610776863,0.013131986619312475,0.014711375312393526,-0.03410489465863198,0.008102882631895403,-0.6034080303837994,-5.32,-5.289999999999999,-0.41640901667908864,-4.699999999999999,-5.729999999999997,1.493933619985231,-20.653200000000012,2.4299000000000035,1.1438988818667963,,,-0.2748372317325469,-0.03000000000000025,2.3222718253424928,0.9299999999999997,2.02921020495155,0.5300000000000002,2.2748310792242457,0.67,0.2897127303821208,-0.16999999999999993,0.4481464672413623,-0.14000000000000012,2.9853003909034825,1.5,-2.230583772860725,-0.39999999999999947,0.08026259162739799,0.9154923249286939,-0.013709638838581117,1.137347133096442,-0.00540657845036252,0.9250238491095513,-0.010808200267341528,0.47302093550466945,-0.011249744850242882,0.2031457543001483,0.002613678136208941,-0.22425965548799917,-0.03263517372456781,-0.7834153256961875,-0.20000000000000018,0.0,-0.5692719145338714,-0.03,0.0,1.0786868705043722,0.065,0.8421052631578947,0.431578947368421,0.5894736842105263,0.3235162374020157,0.9263157894736842,1.368421052631579,0.0736842105263157,0.1263157894736841,0.6155966074339624,0.029343308242320787,68.27835814672765,0.0
2022-12-31,-0.09013536823639035,-0.0012800704357768256,-0.04596419653904671,-0.3257697285298389,-0.10409612862913276,0.0,-0.09013536823639035,-0.2611416788373838,0.2770053280379136,0.31815165370337845,,0.07561037082802224,-0.07689044126379907,-0.03487899547958251,0.015888845987162226,0.042108214819190914,0.025809289013849934,0.006031035248881267,-0.07666098807495736,-0.0214303742067945,-0.5096289946471583,1.0899999999999999,-9.95,-0.31852210697004296,1.1400000000000006,-9.009999999999998,1.2412283796763919,-5.655199999999994,-20.2843,1.1214219759926132,,,-0.6243815895497965,-0.2500000000000002,2.1321768033271247,0.1900000000000004,2.0424126843930397,0.04999999999999982,2.3410276882860566,-0.09999999999999987,0.1569534019725939,0.18999999999999995,0.3433901420189345,0.1499999999999999,2.950150530459146,1.25,-1.7995583921142515,-0.14000000000000057,0.27212861335750615,0.8555795350274984,-0.014073914627607431,1.1183485572549128,-0.004493292333278998,0.8991836041586068,-0.010171745890919404,0.4605513743335035,-0.011385028867468838,0.045899964823770456,-0.007532487625849571,-0.368642097627933,-0.047258722374191375,-0.748682626527391,-0.10000000000000009,0.07,-0.546625958247525,0.04000000000000001,0.0,0.9328396283393888,-0.069,0.4105263157894737,0.35789473684210527,0.4631578947368421,0.3780515117581187,-0.1770833333333333,0.5597587719298246,0.0,0.2842105263157894,0.6315729641313848,0.036734719384283965,68.27835814672765,0.0
2023-01-31,0.10642932252618409,0.06251404355061352,-0.06214400226151495,-0.1825054882732129,0.013665426375651712,1.0,0.0,-0.18236557767131667,0.353355583341896,0.3000902016494151,,0.05731849153979063,0.00519555201082289,0.03609866026922348,0.06331908818244547,0.1041054588179624,0.038357602237004906,0.022230834316468107,-0.08417577883226735,-0.03805132302450831,-0.799091789633764,-2.25,-6.48,-0.5929834955789538,-1.8100000000000023,-5.370000000000001,0.5380858442851852,-22.067300000000003,-48.37570000000001,1.0721277691911386,,,-0.8002415368715095,-0.3799999999999999,1.8451451946960444,-0.2999999999999998,1.5814701346696074,-0.5799999999999996,1.8358334841944017,-0.30000000000000004,0.04940220292885313,-0.3999999999999999,0.19659054391614805,-0.2799999999999998,2.6025667384871336,1.25,-1.9250621634945972,-0.2799999999999998,0.28323375474395096,0.5849942472349611,-0.01787506494068669,0.9259309916600788,-0.009387556797726404,0.6520418884253599,-0.011478883727255251,0.3976007706378791,-0.009113968575975795,-0.08982153431631526,-0.03263628696999965,-0.4127896245771988,-0.03425628648945911,-0.7818567618827257,-0.10000000000000009,0.03,-0.5618973937582081,0.03,0.0,0.5048577086115557,-0.18,0.7684210526315789,0.19999999999999996,0.7052631578947368,0.4073908174692049,0.84375,1.370065789473684,0.0631578947368421,0.052631578947368494,0.6248205277346034,0.01906071580231583,68.27835814672765,0.0
2023-02-28,-0.0035978548809268984,0.0030789443368595126,-0.014964393676064058,-0.14727920945258066,0.016235911766004918,1.0,-0.0035978548809268984,-0.1853073076685059,0.3412693910696045,0.29080692328881314,,-0.023547797629873912,0.026626741966733425,0.012738587410144442,-0.002993192163730729,-0.00787865270116539,-0.00490012756085112,0.005072997936206747,-0.010202925908447402,-0.013708705065336502,-0.5921058508602185,1.3000000000000007,0.14000000000000057,-0.4651310669403866,0.6099999999999994,-0.060000000000002274,1.2475946869660144,24.054699999999997,-3.6677999999999997,1.0294543698696281,,,-0.7653720639981751,-0.25,2.0246195007265837,0.4299999999999997,1.7999572567411979,0.23999999999999977,1.9088205651313548,0.1499999999999999,0.4410022963800514,0.16999999999999993,0.5305660074089242,0.0900000000000003,2.473913070834952,0.7400000000000002,-2.057003890047518,-0.18999999999999995,-0.22221873250765017,0.5489211899305416,-0.007546836330794671,0.8769562842555392,-0.0019302010945478898,0.6115047274860823,-0.004467972079534199,0.3894111236400975,-0.0035106327364398116,-0.09499130832237698,-0.01905256095828123,-0.41934959616582074,-0.01863332757488445,-0.7803017552082836,-0.10000000000000009,0.03,-0.5631948310799324,0.03,0.0,0.46650818538534244,-0.123,0.53125,-0.3108552631578947,0.5894736842105263,0.0,-0.09375,-1.0200657894736842,0.0421052631578947,-0.031578947368421,0.6190945980855856,0.0034979906516232617,68.27835814672765,0.0
2023-03-31,0.09492804652218134,0.20710183766725043,0.20555666229188074,-0.10797012186958055,0.10694783966811983,1.0,0.0,0.0,0.20950232631257826,0.25112706616123753,,0.07458265124919317,0.13251918641805727,0.04938990050381098,0.03232334959570582,0.04653803723409178,0.013769607791931593,0.010319486661764854,-0.00981433898108619,-0.035939936460404165,-0.9508757603023914,-2.0199999999999996,-2.969999999999999,-0.8974401915618003,-2.799999999999997,-4.0,1.522492495630058,12.333900000000014,14.321300000000008,1.1359015516318887,,,-0.26144148361634234,0.11999999999999988,1.4758277545466745,-0.35000000000000053,1.3273389278890868,-0.3999999999999999,1.4637543712222592,-0.42000000000000015,0.12237570951069981,0.06999999999999984,0.2522987202498615,0.020000000000000018,2.353610548710248,0.5,-1.496652652777655,-0.04999999999999938,0.15882007927898054,0.03190781689474793,-0.022051370936440273,0.772492815085594,-0.004031392732284811,0.1281713264460754,-0.01602220116618036,0.3022422213168465,-0.008346999756644324,-0.03296819390330788,-0.00454151783314527,-0.6913796551768712,-0.033773487688832704,-0.7787502877734453,-0.10000000000000009,0.0,-0.5746050649905169,-0.07,0.0,1.1608045838440237,0.038000000000000006,0.8125,0.4019736842105263,0.7684210526315789,0.3052631578947368,0.84375,1.0208333333333333,0.1263157894736842,0.1263157894736842,0.5935916056645757,-0.037981358466809056,68.27835814672765,0.0
2023-04-30,0.00507898916855809,0.09652977386397632,0.1650782839018532,0.03763460303545041,0.09598131177044511,1.0,0.0,0.0,0.18897351125112047,0.2539133259885843,,0.027154119565174106,0.06937565429880221,0.05443345466515992,0.004799807401316691,0.0012035377682086956,-0.003579090687137798,0.004945231676585005,-0.004290037905129274,-0.04076731820776658,-1.3913720709626198,-2.9200000000000017,-3.6400000000000006,-1.4079117047846,-3.4800000000000004,-5.669999999999998,1.0671866802307342,-13.472000000000008,22.916600000000003,1.2390615091946735,,,-0.29116473239987095,0.18000000000000016,1.3746720649826971,-0.16999999999999993,1.2214679251470002,-0.08000000000000007,1.471097013839526,-0.020000000000000018,-0.2846350515260613,-0.06999999999999984,-0.15242544166817595,-0.06000000000000005,2.1266851186967894,0.5,-1.4379888313879956,0.08999999999999986,0.5348144518901627,-0.0005318862294386571,-0.014868810394671916,0.7276281790376413,-0.0011879055206533984,0.08975991738278216,-0.010917774710224037,0.29465914005716964,-0.004971651037430469,-0.03520677939319657,0.004364877363077446,-0.6882064776313501,-0.029763708763571817,-0.7772023418002663,0.0,0.0,-0.5755221087624995,-0.03,0.0,1.2516862438675436,0.10999999999999999,0.6666666666666666,-0.10175438596491226,0.7368421052631579,0.03157894736842104,0.46875,-0.375,0.1052631578947368,0.0421052631578947,0.5785047476841335,-0.04631578005046988,68.27835814672765,0.0
2023-05-31,0.07883804564341412,0.18724958995733343,0.19090506535877116,0.137486966486426,0.16875192370113878,1.0,0.0,0.0,0.16596469291794747,0.2620034814815842,,0.058509400815036416,0.128740189142297,0.056361815377704794,0.020504813261136068,0.02627452115414508,0.005653778226259343,-0.0015323021806017412,-0.012482239746731572,-0.020664767762508363,-0.9573018039825838,2.16,-2.780000000000001,-1.0237977292858333,2.0,-4.279999999999998,1.373943723761293,13.561000000000007,12.422900000000013,1.1271611823759065,,,0.04014390343468473,0.26000000000000023,1.47840112577569,-0.40999999999999925,1.3195014618804337,-0.2799999999999998,1.5618739919149311,-0.030000000000000027,-0.6387243890943815,-0.5100000000000002,-0.2555176162793849,-0.25,2.062289992687091,0.5099999999999998,-1.555678934769889,0.12999999999999945,1.3118780797931238,-0.15628810718306416,-0.018093848326855566,0.4213419046596241,-0.006485974080189916,-0.09204867276512828,-0.014037561639536733,0.2070459836414643,-0.0070542739378864905,-0.12346197418967386,0.003880650285659759,-0.9767850578011278,-0.04394855619548754,-0.7855757864808612,0.0,0.0,-0.5397438289402646,-0.03,0.0,1.1250983602039824,0.08399999999999999,0.59375,0.0625,0.7684210526315789,0.17894736842105263,-0.1041666666666666,-0.010416666666666602,0.0526315789473684,0.010526315789473696,0.5518375017661727,-0.0672570963194129,68.27835814672765,0.0
2023-06-30,0.06303826226656573,0.15267094033595807,0.39139121030517265,0.32743703125200363,0.21294694500734912,1.0,0.0,0.0,0.1345311035029867,0.1607120543259032,,0.08680471374382126,0.06586622659213681,0.10948528865321183,-0.0094166714534768,-0.0037523883887042864,0.005718128805058287,0.007022498700948621,0.0039607437613409235,-0.0205135184781563,-1.6077392356273557,-4.34,-5.100000000000001,-1.3669133002951004,-2.5700000000000003,-4.050000000000001,0.6066456295884745,-25.385800000000017,-25.29680000000002,1.1788079470198676,,,-0.9448039647539178,-0.22999999999999998,1.6201406540251608,0.8100000000000005,1.3861092705754674,0.33000000000000007,1.573613765669937,0.43000000000000016,-0.5245861437218712,-0.21999999999999975,-0.23692506996567558,-0.09999999999999964,1.8916233836531904,0.25,-1.8098249947482412,-0.4800000000000004,0.9780500419211192,-0.02043748803913093,0.002018220858851727,0.8201503958103071,0.003324579574460529,0.09964123247165886,0.002210666333412492,0.21372522383966733,0.0013535312450232428,-0.23444059502028536,-0.0013901813360926996,-0.8817150799162475,-0.0008084762440527804,-0.7509303538828748,0.0,0.03,-0.4868952622218641,0.03,0.0,1.0283305711658557,-0.066,0.8229166666666666,0.01041666666666663,0.8210526315789474,0.052631578947368474,0.8020833333333334,-0.04166666666666663,0.1875,0.06118421052631581,0.5467673351389096,-0.04682427052566607,68.27835814672765,0.0
2023-07-31,0.038601050283759486,0.19111558610417112,0.30609370427666427,0.2249278141643447,0.21284313716123426,1.0,0.0,0.0,0.07022572576799327,0.13814499478862743,,0.10473130777490591,0.08638427832926521,0.1164868240072674,-0.015236520075143867,-0.00920324333286282,0.006126625189981194,0.0072975680127806974,0.0063349039435760535,-0.01712912123544108,-1.5001278299639076,0.02999999999999936,-2.1500000000000004,-1.3294809010782442,-0.23000000000000043,-0.8000000000000007,0.6046984012424071,1.3965000000000032,-10.428300000000007,1.1754772393538915,,,-1.326167338930484,-0.31000000000000005,1.5206428584093428,0.8399999999999999,1.4435783469965986,0.5300000000000002,1.481892403639114,0.3400000000000001,-0.41345823581029467,0.06999999999999984,0.19279044883805838,0.18999999999999995,1.858409776050174,0.5,-1.5149536535424657,-0.3099999999999996,1.3409254372913242,-0.8267916296976745,-0.018471022898928657,0.2239111808201921,-0.007131450655160743,-0.596193091928293,-0.011437518173954553,0.09610019797061059,-0.0021221334371166467,-0.3780789491156607,-0.005242242081677451,-0.9220892667502641,-0.005052350348442092,-0.7376909983043977,0.10000000000000009,0.07,-0.4377490261985729,0.07,0.0,0.782226961216233,-0.08500000000000002,0.84375,0.17708333333333337,0.8736842105263158,0.136842105263158,0.1666666666666666,-0.30208333333333337,0.1145833333333333,0.009320175438596506,0.5520325935506719,-0.0264721541334616,68.27835814672765,0.0
2023-08-31,-0.014830066732894442,0.08769918452015157,0.2913704108184758,0.2720458356093678,0.1577071125783034,1.0,-0.014830066732894442,-0.014830066732894442,0.13795316782378034,0.1483859168886678,,0.08178353463739563,0.005915649882755947,0.08022014555359824,-0.010133341597167833,-0.0037496086310244703,0.006449083734615169,-0.000753445090118765,0.006527616840478867,0.008461572695416253,-1.4155858721432235,-0.05999999999999872,-4.369999999999999,-1.3394781282591193,-0.5800000000000018,-3.3800000000000026,0.44341813398504276,-4.1041000000000025,-28.093400000000017,1.1740412979351031,,,-1.0593802401315338,-0.33000000000000007,1.4131762741735274,0.4499999999999993,1.461977323719278,0.44999999999999973,1.5988676074471626,0.3900000000000001,-0.7461948618331635,0.08000000000000007,-0.329660763864785,0.06000000000000005,1.7207626811209182,0.25,-1.2542653847516152,4.440892098500626e-16,1.2925912266482085,-0.6284072792681721,-0.00872710766166307,-0.07157785451715862,-0.006377910966515854,-0.5822035687383109,-0.006842345440233988,-0.04410768607519707,-0.004253129773281739,-0.29945897460886045,0.001593318904822727,-0.7554960046396908,0.024544793261834785,-0.6662086116323409,0.20000000000000018,0.13,-0.3689779930351585,0.13,0.0,0.45147839080563007,-0.11500000000000002,0.5520833333333334,-0.04166666666666663,0.8105263157894737,0.04210526315789476,0.0104166666666666,0.1145833333333332,0.1249999999999999,0.0723684210526315,0.5427593833655602,-0.009078118400612567,68.27835814672765,0.0
2023-09-30,-0.05079979096553311,-0.02877974390892324,0.11949736586183146,0.349617507832942,0.07680489844577343,1.0,-0.06487649340839152,-0.06487649340839152,0.1558282114580065,0.17047171954577786,,-0.03224138510039121,0.003461641191467968,0.02255188465448188,-0.03219632875753564,-0.04690417674883085,-0.015197140110466134,-0.009102840871288764,0.031181980721392888,0.02652872695966746,-0.7329502613610983,3.950000000000001,3.9200000000000017,-0.8890200884698639,2.5400000000000027,1.7300000000000004,0.5714525499281097,5.620200000000011,2.912600000000012,1.0571102227298685,,,-1.3101926427386006,-0.09999999999999987,1.416034650314939,0.16000000000000014,1.7762100009305615,0.7799999999999998,1.8025312526723638,0.6500000000000001,-0.6774305072613921,0.040000000000000036,0.008142414774334302,0.1299999999999999,1.6023021584198205,0.25,-0.824376002357748,0.6199999999999997,1.5223852224967762,-0.6858723930438377,-0.013970366452698446,-0.1264942309663996,-0.0150005591005129,-0.6492977081766347,-0.012172798702959176,-0.10895213928806163,-0.007689283918761003,-0.35545531742796155,0.0024992731634977394,-0.7579587912355079,0.01116842207397184,-0.6730924749383093,0.20000000000000018,0.13,-0.3295535455591046,0.1,0.0,0.43241006956660705,-0.10200000000000001,0.1979166666666666,-0.625,0.6842105263157895,-0.13684210526315788,-0.0515463917525773,-0.8536297250859106,0.0,-0.1875,0.5479029430050154,0.0011356078661057811,68.27835814672765,0.0
2023-10-31,-0.02065481340671982,-0.0841912949492788,0.09083402247579175,0.2709070309278512,0.0280677465695367,1.0,-0.07040534416875943,-0.0841912949492788,0.06688001805035076,0.17951776474735553,,-0.08325804107429524,-0.0009332538749835528,-0.009119819262920048,-0.047245227507611176,-0.07039403052243598,-0.024296706438182603,-0.014564079980956435,0.04477874549133465,0.0305578669176112,-0.6027254928794263,0.6199999999999974,4.51,-0.6674137490077564,1.1799999999999997,3.1400000000000006,0.936018268740543,13.30879999999999,14.8249,1.0750137892995035,,0.6299999999999999,-0.9661496223390011,0.08000000000000007,1.3530709064552182,0.1900000000000004,1.881551646632898,0.9099999999999997,1.8373551265585404,0.8599999999999999,-0.29540990842255177,0.1299999999999999,0.2455112238960896,0.04999999999999982,1.4985485425746368,0.0,-0.49245939455980087,0.7199999999999993,0.9206748800480042,-0.7588799775218839,0.006165895651221609,-0.35062445838550377,-0.007248483306693698,-0.7087748661358062,0.001643714874894675,-0.18187120642415114,-0.004657412502072189,-0.39980392203470294,0.006220987588221538,-0.64615486625109,0.02510426391000453,-0.6409946130148689,0.20000000000000018,0.2,-0.22390071152751556,0.13,0.0,0.5920059980743428,-0.021999999999999964,0.2604166666666667,-0.5833333333333333,0.5833333333333334,-0.29035087719298247,0.5773195876288659,0.4106529209621993,0.0,-0.1145833333333333,0.5327568448311877,-0.01927574871948423,68.27835814672765,0.0
2023-11-30,0.10818821787551647,0.03016584499222641,0.12051054951855766,0.3344216892095906,0.10828291911544552,1.0,0.0,0.0,0.292528403192778,0.20698938343673262,,0.0170091286364471,0.013156716355779308,0.06763408168199159,0.0028446717385961495,0.012461855951207523,0.009589904083489031,0.010829522927134017,-0.007089681108254364,-0.003444235070728663,-1.457508471982435,-5.219999999999999,-0.6500000000000004,-1.5531616435708198,-5.740000000000002,-2.0199999999999996,0.5302588976065966,-11.536500000000004,7.392499999999998,1.1959721146398141,,-0.010000000000000231,-1.8292288240139962,-0.16000000000000014,1.116595178868261,-0.11999999999999922,1.3805316026087004,0.28000000000000025,1.4719020298856833,0.29000000000000004,-1.1032064952231364,0.0,-0.8071363128206979,-0.010000000000000231,1.406352265811869,0.0,-0.6617553641464896,0.39999999999999947,1.2758080806135135,-0.8204803248343371,-0.0003529816538603292,-0.4168211973552921,-0.0027039544358020695,-0.7837039378511279,0.00016832907048680568,-0.2500497028995332,-0.00044379326545107567,-0.43683112475220703,-0.00013034632086095232,-0.6403742337308985,0.00969196773164338,-0.6008131627878973,0.20000000000000018,0.2,-0.15861346760990735,0.07,0.0,0.4457761591891737,0.016000000000000014,0.8350515463917526,0.28296821305841924,0.8020833333333334,-0.00844298245614028,0.1752577319587628,0.1648410652920962,0.1041666666666666,-0.0208333333333333,0.5318707410379533,-0.01088864232760689,68.27835814672765,0.0
2023-12-31,0.05586990406364545,0.1459343366854331,0.11295463993918453,0.5485553034797395,0.13204023975162205,1.0,0.0,0.0,0.22447166883164496,0.2036831536877555,,0.11639650787288636,0.02953782881254674,0.09453031264937395,0.06756695479840613,0.1009762929554836,0.0312948410466547,0.019630451022757844,-0.045118308346133174,-0.020947603455422126,-1.4445774364670467,-0.47000000000000064,-5.070000000000002,-1.5345988359339942,-0.5199999999999996,-5.080000000000002,0.4648754340133697,-0.6979999999999933,1.0742999999999938,1.2266881028938907,,-0.6900000000000004,-1.9720041690582024,-0.16999999999999993,0.8142728855721606,-0.7999999999999998,0.9202393666171175,-0.71,1.0671930076841452,-0.5200000000000002,-1.2334871812990056,-0.10000000000000009,-1.2623097707091064,-0.18999999999999995,1.323423675741551,0.0,-0.612696053530079,0.08999999999999986,1.0414759841742967,-1.1441843312844635,-0.005891585289141021,-0.5806767239934583,-0.0038116291896395094,-1.278783562036344,-0.006669699213232905,-0.40091664854050085,-0.0029475410664929758,-0.4423883730150941,0.0016377690834076253,-0.6621232874478056,0.007297169373832846,-0.5616987714782321,0.10000000000000009,0.3,0.03094221823339747,0.16999999999999998,0.0,0.21847802774340613,-0.023999999999999966,0.9175257731958762,0.7196091065292096,0.9166666666666666,0.23245614035087714,-0.5051546391752577,-0.4536082474226804,0.03125,0.03125,0.5412806306783094,-0.006622312326705959,68.27835814672765,0.0
2024-01-31,0.01819202969158029,0.191389128302907,0.09108453480259282,0.4250586417392994,0.12230880184055626,1.0,0.0,0.0,0.1565639937211163,0.20109318433613518,,0.15934450571992875,0.032044622582978244,0.0923221606498632,0.08295956677053251,0.12319156076709903,0.03715004256026044,0.014621754435960366,-0.03154822050072981,-0.0008658159084262707,-1.0860964429004798,1.9000000000000004,-3.789999999999999,-1.1589170888860951,2.0500000000000007,-4.210000000000001,0.1646385293748709,-7.3452000000000055,-19.579700000000003,1.1129707112970713,,-0.8300000000000001,-1.8200037292225384,-0.24,0.7883513487808437,-0.8000000000000007,0.9635705361594759,-0.8899999999999997,1.0183253808689297,-0.73,-0.8711366474264627,-0.1599999999999997,-0.7396148424681152,-0.16000000000000014,1.248133731235643,0.0,-0.4908905126842959,-0.08999999999999897,0.8987098405945032,-1.1189525873913817,-0.003712966954089625,-0.7446296249564742,-0.0021327522662317744,-1.3437193424138851,-0.00681626980282557,-0.49847944222177026,-0.002164213161498507,-0.2614738693203005,0.011059068019607432,-0.5176638168264466,0.01133084820383079,-0.4251974589552781,0.19999999999999973,0.23,0.05424912211558717,0.03,0.0,-0.022786497359147888,-0.10300000000000004,0.7216494845360825,0.4612328178694158,0.8229166666666666,0.23958333333333326,-0.7628865979381443,-1.3402061855670102,0.0,0.0,0.5350411130823748,0.002284268251187105,68.27835814672765,0.0
2024-02-29,0.05283353719198569,0.13187851115028404,0.16602258286767557,0.5057670618614507,0.1451841297311065,1.0,0.0,0.0,0.07251035488641566,0.19895705946561815,,0.11774769399337415,0.014130817156909892,0.12469591959585236,0.02014392254860997,0.023926244105860528,0.0037076352401348434,0.0076727308063262445,0.006270713160767993,0.0028464021322980315,-1.1894868323257821,-0.9499999999999993,0.4800000000000004,-1.2651423303202884,-1.0399999999999991,0.490000000000002,0.1996514340397255,1.8246000000000038,-6.218599999999995,1.115011202389843,,-0.5499999999999998,-1.9380933665460465,-0.11999999999999988,0.9314454980973613,-0.09000000000000075,1.1283679621608371,-0.1200000000000001,1.1110893377376831,-0.2200000000000002,-0.38162735952570515,0.25,-0.37719469439708453,0.10000000000000009,1.1790887636263718,0.0,-0.5833355425928631,-0.02999999999999936,0.3507814333932582,-1.185062278769896,-0.003712966954089625,-0.8548656093354166,-0.0021327522662317744,-1.417530440587366,-0.00681626980282557,-0.6435512726047202,-0.002164213161498507,-0.2968665178376689,0.011059068019607432,-0.5198282660541038,0.01133084820383079,-0.37978757709239597,0.09999999999999964,0.23,0.21930207536956706,0.03,0.0,-0.20235572549631528,-0.10799999999999998,0.6701030927835051,-0.1649484536082475,0.8333333333333334,0.03125,0.2886597938144329,0.11340206185567012,0.1145833333333333,0.010416666666666699,0.5276130178707297,-0.004257723167223615,68.27835814672765,0.0
2024-03-31,0.012750711521033464,0.08565530953302125,0.24408969699874117,0.3927551386859347,0.13074349897786863,1.0,0.0,0.0,0.07531633155035654,0.15442210026823774,,0.103900869877668,-0.01824556034464675,0.1334911530001346,-0.007351539363255721,-0.008618821055786374,-0.0012766671614213854,0.00908550603269287,0.031628393514452346,0.005673979924616379,-1.2013105102571549,-0.39000000000000057,0.5600000000000005,-1.2866119092710933,-0.5500000000000007,0.46000000000000085,-0.6561115834689574,-22.72,-28.2406,1.1684615384615384,,-0.21999999999999975,-1.9824887157473063,-0.1100000000000001,0.8572433998385535,0.35999999999999943,1.0260566413757157,0.3200000000000003,1.0197509946898056,0.15999999999999992,-0.4281869030540087,0.2599999999999998,-0.4267938806975227,0.1599999999999997,1.1153119919008556,0.0,-0.5416361138199648,-0.03999999999999915,0.3906227909358039,-1.3391721724107708,-0.0010307336448884818,-1.3711191146091253,-0.0060421600760536265,-1.5349661954022003,-0.0020523455518930422,-0.9172064055162247,-0.002392978060252071,-0.7074818292609303,-0.006376338913304913,-0.719592919549094,-0.008842955739179148,-0.21740173647340552,0.19999999999999973,0.27,0.5211687601208873,-0.02999999999999997,0.0,-0.34785357841703085,-0.08900000000000002,0.7525773195876289,-0.1649484536082474,0.84375,-0.07291666666666663,0.0714285714285714,0.5765832106038291,0.0618556701030927,0.030605670103092703,0.5261779179231938,-0.015102712755115655,68.27835814672765,0.0
2024-04-30,-0.04373775366157484,0.01962218792633519,0.21476678967185925,0.3251089435477583,0.0657841818068512,1.0,-0.04373775366157484,-0.04373775366157484,0.16806899672204628,0.17718781541976394,,0.04278412460871439,-0.023161936682379203,0.07304578437093645,-0.030484100983868,-0.036505944135489576,-0.006211185559444887,-0.0037857527564555404,0.020471056495865225,0.013537695703611963,-0.7204762999085851,2.6400000000000006,1.3000000000000007,-0.9640768040462143,1.7699999999999996,0.17999999999999972,0.07858801424289293,21.076099999999997,0.18070000000000164,1.0607416879795395,,-0.4099999999999997,-2.0463219643754966,-0.17000000000000015,1.0495313079628277,0.7700000000000005,1.3744656315305255,0.7000000000000002,1.2739086264155157,0.5499999999999998,-0.26319117984563556,0.18999999999999995,0.10099702520323035,0.15000000000000036,1.055998467100627,0.0,-0.4453754862835052,-0.07000000000000028,0.5976206503511475,-1.1361434425141381,0.0017092496937336499,-1.138210257976259,-0.0009927926312660595,-1.291776530212468,0.001606733859765841,-1.1303171864302464,-0.001262815534763817,-0.7005579986365003,-0.013959717323408283,-0.6423677295080149,-0.019018605383198217,-0.15884225158218432,0.19999999999999973,0.3,1.7277014835512903,0.06999999999999998,0.0,-0.2672039024063006,-0.023999999999999966,0.3195876288659793,-0.40206185567010316,0.7395833333333334,-0.08333333333333326,-0.7857142857142857,-0.022827687776141414,-0.0206185567010309,-0.0206185567010309,0.5202108137765948,-0.014830299305779948,68.27835814672765,0.0
2024-05-31,0.061518170463090494,0.0280328667890537,0.16360831067475234,0.30383538761852735,0.11207306127217742,1.0,0.0,0.0,0.18247203245258814,0.1383327592764869,,0.04119131259181619,-0.013158445802762486,0.10966294131681864,0.00044995065368391707,0.004228657220488596,0.003777007099990959,0.000305707614401296,0.004599312503600794,0.0016533862825425238,-1.1569883290634766,-2.7300000000000004,-0.4800000000000004,-1.2002868290687219,-1.7300000000000004,-0.5100000000000016,-0.6345751406397797,-16.3193,-17.9632,1.1355538342370255,,-0.08999999999999986,-1.8095009581998913,-0.09000000000000008,0.9203652862757888,0.25,1.1542984701879375,0.2599999999999998,1.114151301188974,0.2400000000000002,-0.516906774154795,-0.06000000000000005,-0.23934867750092434,0.020000000000000018,1.0004616451687638,0.0,-0.4439851655819964,0.009999999999999787,0.7396611527375984,-1.010208367902762,0.00395561426081148,-0.9431796198596579,0.001815689837838974,-1.1060095746315637,0.004141492681228431,-1.19577011815645,-0.0008502689621234794,-0.7974754334788807,-0.016079089134080404,-0.7940552867221032,-0.01907724573888947,-0.08958863364412607,0.19999999999999973,0.37,1.9377389076793943,0.13999999999999999,0.0,-0.32108523302777925,0.0050000000000000044,0.5408163265306123,-0.12928676625289282,0.7604166666666666,-0.07291666666666674,0.1836734693877551,-0.1049863244266778,0.0206185567010309,-0.0939647766323024,0.5037000039106454,-0.023913013960084273,68.27835814672765,0.0
2024-06-30,0.06470015807327179,0.08076621751362922,0.17333958240759162,0.3058737324648342,0.1544362606883718,1.0,0.0,0.0,0.21376489566766071,0.14334526049457907,,0.04379093983501248,0.03697527767861675,0.1250435695947576,0.00027716903358543377,-0.005120781421082521,-0.005396454724527211,-0.0014499208034012279,0.012540894220283594,0.01180917203881715,-1.20097705528864,-0.46000000000000085,-0.5500000000000007,-1.2354022973342367,-0.46000000000000085,-0.4200000000000017,-0.3983954612761538,7.455600000000004,12.212400000000002,1.1662650602409639,,0.06000000000000005,-1.3782188688126453,0.050000000000000044,0.7748802654634379,0.1200000000000001,0.972167496464835,0.16000000000000014,0.9946560817802304,0.20000000000000018,-0.7947026597065682,-0.13999999999999968,-0.6408799577325415,-0.040000000000000036,0.9480465747463414,0.0,-0.35399333081034773,0.040000000000000036,0.8720384424464922,-1.2158808924183693,0.002140056739007745,-1.6708141678561097,-0.00019344844520130522,-1.4053929589129845,0.0010181746540660619,-1.420324108226371,-0.0010154896799194901,-0.6204951780081176,0.006630736021588146,-0.9317896670774719,-0.0023821576315044,-7.720580642904636e-16,0.19999999999999973,0.37,1.78703372304327,0.09999999999999998,0.0,-0.229132475844107,0.05099999999999999,0.6836734693877551,-0.06890385019987377,0.7604166666666666,-0.08333333333333337,-0.2040816326530612,-0.2755102040816326,0.0103092783505154,-0.0515463917525773,0.4845936332148592,-0.041584284708334585,68.27835814672765,0.0
2024-07-31,-0.01678111499701329,0.11123257181961033,0.13303738617371952,0.2362395694072985,0.10452644834338232,1.0,-0.01678111499701329,-0.01678111499701329,0.15987558293791096,0.15681775874449927,,0.10081474787849154,0.010417823941118787,0.10937149501857091,0.05050579699579183,0.05535083312650002,0.004612098423981692,0.0009555963792651223,-0.01219339019795318,-0.0008885841828184526,-0.5311215363262167,3.9200000000000017,0.7300000000000004,-0.29828777721217603,6.050000000000001,3.8599999999999994,-0.4356603678711088,0.8140999999999963,-8.049599999999998,1.036652412950519,,0.06999999999999984,-0.8400284217926252,0.24,0.4826196377212073,-0.75,0.6880437789302654,-0.6000000000000005,0.7596217170723395,-0.4299999999999997,-1.0724899148040743,-0.30000000000000027,-0.8397630669123525,-0.16999999999999993,0.8985016890289548,0.0,-0.06644083524077284,0.14999999999999947,1.2017541068878868,-1.2690760334796958,-0.004734868425868566,-1.7822055542754947,-0.006464553758209979,-1.4972805207669764,-0.005381128043368433,-1.4513321163679895,-0.0039467153941652455,-0.19822110824406158,0.012998245803662822,-1.0028588144421204,-0.010813191490844032,0.12026341107161746,0.10000000000000009,0.37,1.6606732701051783,0.07,0.0,-0.14368922861811592,0.04999999999999999,0.5408163265306123,0.221228697664633,0.8041237113402062,0.06454037800687284,0.5510204081632653,1.3367346938775508,0.0412371134020618,0.0618556701030927,0.4903407394994428,-0.029870074277152048,68.27835814672765,0.0
2024-08-31,0.011038699136077357,0.058388980152837666,0.08805865744446462,0.26870096606493,0.0843528280038699,1.0,-0.005927657540555797,-0.005927657540555797,0.14347607532144296,0.1479046979568428,,0.0722993486282415,-0.013910368475403834,0.10204435531941702,0.04835522542792248,0.05181148722510387,0.0032968422471215675,0.0038146346974141654,-0.027651135005973715,-0.021060309505526398,-0.7488672882783297,-1.3600000000000012,2.0999999999999996,-0.7665109234758741,-3.0,2.59,-0.11664839774431847,8.365800000000007,16.635500000000008,1.1612258494337109,,-0.07000000000000028,-0.768904460327017,0.22999999999999998,0.19230750548341888,-0.9799999999999995,0.4756151686449556,-0.5999999999999996,0.6396446665490968,-0.40000000000000013,-1.3520423614597348,-0.33000000000000007,-1.2995934510453475,-0.20000000000000018,0.8514976244933682,0.0,0.33852142903718674,0.3799999999999999,1.292034673895009,-1.460413844596568,-0.012653948272110638,-1.813771855708101,-0.010735906263127815,-1.4751748842852583,-0.008948977965154814,-1.4769971145613956,-0.005928582248782455,-1.0459721363445238,-0.0008716232723547934,-1.0094580272999858,-0.013315487149221816,1.0152332693910977,0.40000000000000036,0.53,2.209319112866409,0.16000000000000003,1.0,-0.3138030116645684,0.033999999999999975,0.6632653061224489,0.12244897959183665,0.8041237113402062,0.043707044673539586,0.6938775510204082,0.5102040816326531,0.1546391752577319,0.134020618556701,0.4904635709322841,-0.013236432978361301,68.27835814672765,0.0
2024-09-30,0.026215632704724934,0.020132577871286417,0.1025248275483781,0.37163977863825126,0.08751661070468453,1.0,0.0,0.0,0.07553809216380443,0.14865577208778435,,0.05751241938015661,-0.03737984150887019,0.09859513847371315,0.0530052623466728,0.06610743435247368,0.012442646275671931,0.008882108666947719,-0.04383603057185237,-0.023944034147348026,-0.43491993013393454,1.709999999999999,4.27,-0.5958426939583253,0.9000000000000021,3.950000000000003,-0.9107445346841324,-13.168700000000001,-3.9887999999999977,1.1495215311004785,,-0.15000000000000036,-0.9598068958518187,0.07999999999999985,-0.04158241538490854,-1.0499999999999998,0.33018318236522015,-0.5500000000000003,0.4795972733589803,-0.4500000000000002,-1.1223155917266916,-0.17000000000000037,-1.081475249858196,-0.09999999999999964,0.5772611373235621,-0.5,0.7262004175674741,0.49999999999999956,1.0736896420289601,-1.3153597236588088,-0.0063713409331107584,-1.5075737379166612,-0.0010932373254664007,-1.3286543253919947,-0.002486779514364601,-1.4007462359669658,-0.002973252885945632,-0.764994992347425,-0.0034000438502014285,-1.0216227634455648,-0.010064808860599017,1.5139562384903833,0.30000000000000027,0.57,2.177621037718763,0.19999999999999996,1.0,-0.7046716489348493,-0.032999999999999974,0.8775510204081632,0.19387755102040816,0.7628865979381443,0.0024699312714776545,0.0918367346938775,0.2959183673469387,0.0918367346938775,0.0815274563433621,0.482142239434611,-0.0024513937802482233,68.27835814672765,0.0
2024-10-31,-0.00864630073899919,0.028572803304412364,0.1429836015196686,0.38845852026562744,0.06013900687059803,1.0,-0.00864630073899919,-0.00864630073899919,0.06055068845295612,0.1195992385015664,,0.03553622596301298,-0.006963422658600615,0.06878379870602669,0.002241470615007568,0.005685528989789024,0.003436355884044673,0.0007067642564719812,-0.0002491781911581059,0.003142603822283263,0.6080492525264841,6.43,6.779999999999998,0.11049771792884604,4.669999999999998,2.5700000000000003,1.2886522831218261,40.57770000000001,35.77480000000001,0.9779697624190066,,-0.3700000000000001,-1.5277079505191926,-0.21999999999999997,0.27015194854830915,-0.1299999999999999,0.7886004987334646,0.1900000000000004,0.7426811396738096,0.09999999999999987,-0.20817292369527507,0.25,-0.2235269809358109,0.08999999999999986,0.5350653438018655,-0.5,0.7905798193574529,0.3200000000000003,0.17675638594701432,-1.2037824485684308,-0.0029429418959729947,-1.1985701352847566,0.004343180423835857,-1.1961856321858129,0.001427261375323674,-1.3055574930005767,-0.0013166911962001482,-1.4233725106521629,-0.02278428709725644,-0.7580125687649449,0.004273132541669611,1.4300416627108103,0.19999999999999973,0.43,1.5048282710443928,0.06,0.0,-0.9722218050064851,-0.07600000000000001,0.5612244897959183,0.020408163265306034,0.6185567010309279,-0.18556701030927836,-0.4545454545454545,-1.0055658627087198,0.0306122448979591,-0.0106248685041027,0.4792725900614358,-0.011068149438006991,68.27835814672765,0.0
2024-11-30,0.05350831869593997,0.07177895919467314,0.13435903957132012,0.3199496057342184,0.0941940044661107,1.0,0.0,0.0,0.10792072858493625,0.11380537777938002,,0.0722354741879574,-0.0004565149932842516,0.10668871216289433,-0.0012151184422880545,0.004897714153291988,0.006120269447857707,0.0058563609183497345,0.039810482444068596,0.01501479602215361,-0.9512616819946775,-9.649999999999999,-1.5099999999999998,-1.1985284692551483,-8.79,-3.219999999999999,-1.0321283488548152,-39.95880000000001,-12.549800000000005,1.2044444444444447,,-0.4099999999999997,-1.5111162667312215,-0.25,0.18655422145496794,0.21999999999999975,0.6448966121660041,0.2699999999999996,0.6789802055619493,0.15999999999999992,-0.3193960116511413,0.3200000000000003,-0.5791004595636915,0.10999999999999988,0.3655633589451016,-0.75,0.7580610015868858,0.04999999999999982,0.03141922890377838,-1.1398596681379243,0.0027297733831912474,-1.1528282411701432,0.0058060504596486595,-1.1323242675671008,0.002460352475647465,-1.231580141912629,0.00025262908577672327,-1.3691239146396572,-0.006795046210566702,-0.7215497245945607,0.006834068555738648,1.6740034592856639,0.19999999999999973,0.43,1.4307193515183165,-0.10000000000000003,0.0,-1.2618925171245952,-0.08700000000000002,0.673469387755102,0.010204081632653073,0.7216494845360825,-0.08247422680412375,0.5151515151515151,-0.17872603586889302,0.1326530612244898,-0.021986114033242105,0.4835850285800228,-0.006878542352261319,68.27835814672765,0.0
2024-12-31,0.004539624237476003,0.04914054963030856,0.07026245344366511,0.2557813001901146,0.08175877869552828,1.0,0.0,0.0,0.1134460080527619,0.08812004063576467,,0.024909539522691704,0.024231010107616857,0.06351257180171221,-0.031044280778320443,-0.04081421283439124,-0.010082949986525924,-0.004554411561096816,0.07184143702635137,0.036592241229386424,-0.30308160495712844,3.84,0.620000000000001,-0.5976129281435062,3.8500000000000014,-0.2699999999999996,-0.9084606681758769,3.573599999999999,4.1924999999999955,1.0945790080738178,-1.0131193229669087,-0.10999999999999988,-1.4885396559766182,-0.20999999999999996,0.23569244164963737,0.5899999999999999,1.1241721120054886,0.77,1.0060344294982786,0.6100000000000003,-0.13600816762642856,0.31000000000000005,-0.09827310775759676,0.1599999999999997,0.18297218140029062,-0.5,1.5472538447217656,0.18000000000000016,0.16286819608466482,-1.0772704403676887,0.0011232797059279598,-1.3471585897433402,8.396829200396638e-06,-1.0410925181261426,0.0017480845511483878,-1.2314074773043775,-0.0007927837175820684,-1.3756940866483183,-0.011529401200987666,-0.3925041899807252,0.020764832025440105,2.085364267479732,0.30000000000000027,0.43,1.3802776176943246,-0.13999999999999996,0.0,-1.425461415683482,-0.059,0.3333333333333333,-0.5442176870748299,0.5773195876288659,-0.18556701030927836,-0.3333333333333333,-0.4251700680272108,0.0,-0.0918367346938775,0.4576567436968116,-0.0244854957377994,68.27835814672765,0.0
2025-01-31,0.021634098170255633,0.08118601874830578,0.11207853419748193,0.26002655560701626,0.08669294891377133,1.0,0.0,0.0,0.08609436694842167,0.07399237904013602,,0.06191098205367607,0.01927503669462971,0.07572271373848083,-0.0008824563566102173,-0.003569732758965216,-0.002689649901007063,-0.0040393604129531635,0.04010851539058846,0.032881503404669665,-0.42381542377459736,-0.9199999999999982,-6.729999999999997,-0.5307831784320592,0.18999999999999773,-4.75,-1.3799981186801635,-7.033299999999997,-43.41850000000001,1.1224116930572472,-1.4164491085110833,-0.19999999999999973,-1.3084247770965807,-0.010000000000000009,0.13752605362099177,0.05999999999999961,1.1177223448451792,0.2999999999999998,0.888310569000067,0.2100000000000002,0.3750408657705319,0.16000000000000014,0.3618836614317819,0.08999999999999986,0.12615207153037333,-0.5,1.7010673124705962,0.2400000000000002,-0.36063542531458626,-1.0998929236357544,-0.001968750957406007,-1.4709621606928456,-0.005829351464623711,-1.0595298929207517,-0.0008556916955766436,-1.2410728816200285,-0.001978223821863745,-1.130049262427862,0.0023317359799865933,-0.3898259003353048,0.009871583076978219,1.9431303033475837,0.30000000000000027,0.43,1.326226221956565,0.0,0.0,-1.7016650595183467,-0.064,0.5959595959595959,0.03473510616367759,0.6224489795918368,0.0038922785609089017,-0.2121212121212121,0.24242424242424238,0.0510204081632653,0.0204081632653062,0.4687195530042256,-0.010553037057210224,68.27835814672765,0.0
2025-02-28,-0.027034789097153733,-0.0014731121831168537,0.07020010855227521,0.1644404933083088,0.03882797132065896,1.0,-0.027034789097153733,-0.027034789097153733,0.08553157550650235,0.09826029334588446,,-0.010572810482108341,0.009099698298991488,0.04396296607641137,0.010248168089413312,0.0021096517795231584,-0.008055957503275701,-0.002408012267293924,0.01684596623244028,0.022080915847746407,0.18310876611930446,3.1999999999999993,6.120000000000001,-0.09411318889182457,2.5500000000000007,6.59,-0.6116508007005045,12.692899999999995,9.233199999999997,1.0285423037716614,-0.9585055753166963,0.1499999999999999,-0.8659185582569168,0.13000000000000012,-0.25115177873584127,-0.13999999999999968,0.6018009138105239,0.0600000000000005,0.4761263319602348,-0.05999999999999983,0.5795235497087552,0.25,0.17734057773442727,0.1200000000000001,0.06039255267624578,-0.25,1.4481825295153183,0.20000000000000018,-0.9894146428120011,-1.0400896484098987,-0.001968750957406007,-1.3807028137214152,-0.005829351464623711,-1.0023053077072035,-0.0008556916955766436,-1.189835918879714,-0.001978223821863745,-1.0744381874715965,0.0023317359799865933,-0.34683590910341516,0.009871583076978219,1.8211076794923635,0.0,0.43,1.2822221642095766,0.0,0.0,-1.5707535461681328,-0.025999999999999968,0.5252525252525253,-0.1482168625025767,0.6020408163265306,-0.11960866820955185,0.74,0.22484848484848485,0.0612244897959183,-0.07142857142857151,0.4746591361427756,-0.008925892437247174,68.27835814672765,0.0
2025-03-31,-0.07586239032853548,-0.08139387532847175,-0.03625306546834506,0.06255492279479102,-0.0440794532271408,0.0,-0.10084625570275141,-0.10084625570275141,0.16886894622430434,0.1529182627369806,,-0.04266946518893877,-0.03872441013953298,-0.020875034908447,0.027384278893464842,0.02488938442954991,-0.0024283946281543622,-0.004681468326662164,-0.03946349557522133,-0.009492611998752842,0.6510661274864026,2.6499999999999986,4.93,0.3484427335064749,2.710000000000001,5.449999999999999,-0.7961365357770007,-3.106099999999998,2.5534999999999997,0.9865289627301302,0.48987525047431135,0.6299999999999999,-0.20206317470847474,0.3400000000000001,-0.5008914374065676,-0.3599999999999999,0.5521644368862894,-0.34999999999999964,0.4240832190883864,-0.3900000000000001,0.8646690593282892,0.22999999999999998,0.29096543302668015,0.040000000000000036,-0.015059534336909174,0.0,1.6188360607245198,0.010000000000000231,-1.4058140121741698,-1.2946131883511764,-0.009311798128687432,-1.8642702140027796,-0.010382140795039296,-1.3703488784466047,-0.009246441440387443,-1.3087065477162467,-0.0034323624322765145,-0.8083796220621466,0.005682615344779096,-0.2524418630588119,7.275536504591784e-05,1.6890129474247049,0.0,0.43,1.2155270433061207,0.0,0.0,-0.9531076486630116,0.05299999999999999,0.3232323232323232,-0.01010101010101011,0.4387755102040816,-0.1385440774247843,0.1386138613861386,0.4719471947194719,-0.010204081632653,-0.010204081632653,0.481169576005393,0.02351283230858142,68.27835814672765,0.0
2025-04-30,0.013968267495705344,-0.08828663568264239,-0.014268257394092543,0.1266752172959591,-0.030433012169312046,0.0,-0.06295378899380288,-0.08828663568264239,0.15578788384918665,0.15506354601565786,,-0.07579061145773724,-0.012496024224905145,-0.03197769689968699,0.026518211235271982,0.016216659716532078,-0.010035429869620804,-0.00954096037553187,-0.07671818692915267,-0.04256315564119029,1.2403754303460437,2.4200000000000017,8.27,0.8541862834623748,2.4299999999999997,7.690000000000001,-0.058827135513943085,11.127200000000002,20.714,1.0344268934791412,1.2624915665768686,1.2599999999999998,0.4922750362985602,0.51,-1.0534819463859542,-0.6199999999999997,0.39696325706412855,-0.41000000000000014,0.5399059559341131,-0.2200000000000002,-0.3051250557628754,-0.25,-0.776369337807724,-0.18999999999999995,-0.11356177212556469,0.0,2.0881500315301325,0.20999999999999952,-0.21553014477605512,-1.4230810722490421,-0.01182954528928315,-2.0123568821937767,-0.01169748517429503,-1.4962692918782667,-0.011473848983254653,-1.3628427068425963,-0.003897631463395168,-0.9217135535525203,0.0014304875789744598,-0.35284065226347766,-0.002057517238882589,1.5747373347474238,0.10000000000000053,0.43,1.1546523401170627,0.0,0.0,-0.5577146783022895,0.121,0.49,-0.10595959595959592,0.4387755102040816,-0.18367346938775514,0.2673267326732673,0.4794479447944794,0.0707070707070707,0.019686662543805404,0.4762767034909085,0.007557150486682929,68.27835814672765,0.0
2025-05-31,0.09178286748585052,0.02305099921909748,0.021543930328197902,0.1587975916870059,0.04783943989553596,1.0,0.0,-0.004606968780423326,0.2906186213043273,0.1925828490339145,,-0.005078426979344242,0.02812942619844172,0.02106022082904535,-0.002040622543984072,-0.005274187371960615,-0.0032401768058129,0.0004588288401961016,-0.07549923766315869,-0.045106414033362685,0.07538407745843635,-6.120000000000001,-1.0500000000000007,-0.31216506622105666,-6.93,-1.7899999999999991,-1.316265436826519,-20.365899999999996,-12.344799999999992,1.1513193322563273,-0.09402514022444396,0.43999999999999995,0.11521973335554289,0.27,-0.7244173402837087,-0.10000000000000009,0.8332816681649357,0.16999999999999993,0.762026775477697,0.20999999999999974,0.2790672613082234,-0.18999999999999995,0.28892457660072884,-0.040000000000000036,-0.23422893528459487,0.0,1.9055451957603142,0.27,-0.21394036705454608,-0.935868376396182,-0.001967905539010717,-1.236763513482428,-0.00245100954366384,-0.8920884673529307,-0.0016955739850708085,-1.1591022684024113,-0.0017281979957848304,0.9745856800459826,0.021850955103954628,0.31358745083641254,0.013401095736496504,1.4742140193535525,0.10000000000000053,0.27,0.3037905022939186,-0.15999999999999998,0.0,-1.0049313841609446,0.05299999999999999,0.8,0.27474747474747474,0.6224489795918368,0.020408163265306145,0.0099009900990099,-0.7300990099009901,0.0505050505050505,-0.0107194392908678,0.4664858791875237,-0.008173256955251895,68.27835814672765,0.0
2025-06-30,0.06385860576373514,0.17772677820281557,0.08186703164677289,0.15788166359009037,0.09744543850215792,1.0,0.0,0.0,0.1365571105204691,0.20985875083132877,,0.10777215231216153,0.06995462589065404,0.06225117388920309,0.012747072227835998,0.02016380658617356,0.007323382670484602,0.005826861459112598,-0.07242871812589369,-0.06735731296389935,-0.24868684336046065,-1.8300000000000018,-5.530000000000001,-0.5150552568664611,-1.3100000000000023,-5.810000000000002,-1.3574033035537922,-1.8488000000000113,-11.087500000000006,1.1612903225806452,-0.8353883621741064,-0.5899999999999999,-0.15363607449463143,-0.010000000000000009,-1.1748103482467072,-0.16999999999999993,0.43563203656961424,0.009999999999999787,0.47328992673767223,0.09999999999999987,-0.11762906880799551,-0.2999999999999998,-0.1953619612293564,-0.08999999999999986,-0.3659567569221364,0.0,1.8000944304172624,0.17999999999999972,0.014372760859777886,-0.8693618881866814,0.0058897245895199735,-1.1802417109471204,0.005181188537469739,-0.7436348120094056,0.00794926796937312,-1.1632815751124552,0.00029834161623698563,0.35572350434529265,0.010913024072365607,-0.4407595744411621,-0.007317817522651149,1.7154398239252147,0.09999999999999964,0.27,0.2576960092066422,-0.15999999999999998,0.0,-1.3554385427895972,-0.062,0.8217821782178217,0.49854985498549853,0.7755102040816326,0.336734693877551,0.5445544554455446,0.40594059405940597,0.1818181818181818,0.19202226345083478,0.4604305835196657,-0.020738992485727303,68.27835814672765,0.0
2025-07-31,0.024236821113083007,0.18965372991942675,0.08462320447753369,0.20618618339195138,0.10665212695556558,1.0,0.0,0.0,0.11757651629657834,0.21009656455402437,,0.14319748813201905,0.046456241787407704,0.07495496753213238,0.005741189803827096,0.02201542331429085,0.016181333404111653,0.006573066927749727,-0.014903620591553035,-0.04542372356715374,-0.22887521641702258,-0.029999999999997584,-7.98,-0.5430042606060868,-0.3299999999999983,-8.57,-1.8537377436510183,-10.42049999999999,-32.6352,1.1454219030520647,-1.0135728339705847,-1.08,-0.4040074183955345,-0.29000000000000004,-0.8945119315511665,0.33999999999999986,0.7243161819454725,0.20000000000000018,0.5326186710649956,0.040000000000000036,0.8139049477123276,0.16999999999999993,0.8885000686304737,0.16000000000000014,-0.49060547297725743,0.0,1.4981020177878364,-0.13999999999999968,-0.5670758658605689,-0.8407424355213614,0.010380408521375006,-1.1178761294938728,0.009144678841862763,-0.7083312501008154,0.011584875674158557,-1.1300362468936394,0.0017540176111059402,0.40381007232298055,0.012613173916940834,-0.3960302425497991,-0.0037512004308120073,1.5980392156864207,0.09999999999999964,0.27,0.22112336363642196,-0.15999999999999998,0.0,-1.4790816378106346,-0.13,0.594059405940594,0.10405940594059404,0.6836734693877551,0.24489795918367346,-0.504950495049505,-0.7722772277227723,0.0808080808080808,0.010101010101010097,0.4494448237606819,-0.026831879730226604,68.27835814672765,0.0
2025-08-31,0.009539654167660894,0.10003797536023407,0.12539494987124034,0.20439779751638376,0.09815469886163619,1.0,0.0,0.0,0.09732873201291398,0.1985161265172528,,0.09767230641015479,0.0023656689500792805,0.08198239352564674,0.023927120538596025,0.030555593848359264,0.006473579199930413,0.004573288244204221,-0.01596894703498486,-0.047488798709673596,-0.48803423722446515,-1.3600000000000012,-3.2200000000000006,-0.5267269936164339,-0.120000000000001,-1.7600000000000016,-1.7415778905221666,-0.4573000000000036,-12.726600000000005,1.1954397394136809,-1.056307185315664,-0.4900000000000002,0.15597273140723186,-0.040000000000000036,-1.7324066493780605,-0.30000000000000027,0.3094223356497623,-0.17999999999999972,0.005392884004754297,-0.24999999999999978,0.9127853359676426,0.08000000000000007,1.156871195810117,0.07000000000000028,-0.6734890978206428,0.0,1.8152858968231729,0.12000000000000055,-0.47458441912695853,-0.6182586208505526,0.00417229821909304,-0.8509821394223722,0.0027847293561937825,-0.5754648160601571,0.0032812129639594456,-1.1641797779378493,-0.0010289930112490353,2.2839076186089264,0.010364139058317567,0.1577034887828185,-0.009325753789682256,1.495142045241901,0.09999999999999964,0.1,-0.7577244541836705,-0.17,0.0,-1.482062746073999,-0.08600000000000002,0.5742574257425742,-0.22574257425742583,0.7373737373737373,0.11492475778190059,-0.3465346534653465,-0.3564356435643564,0.02,-0.030505050505050497,0.44343035098088,-0.023055528206643694,68.27835814672765,0.0
2025-09-30,0.05376216371843867,0.08959817668240455,0.28324895015983054,0.23672724195750106,0.1367372219163212,1.0,0.0,0.0,0.07801772776944697,0.11219674865490148,,0.0812123677772496,0.008385808905154946,0.10732406926949123,0.02061013450192073,0.028485041628502517,0.007715881765591792,0.00950122946541243,0.010874063651036714,-0.04143013839479315,-0.2065502669913715,0.9399999999999995,-0.4499999999999993,-0.2807220809276481,0.8900000000000006,0.4400000000000013,-1.7376443299962656,-1.4573000000000036,-12.335099999999997,1.1522406384284838,-1.0563661705109446,-0.16000000000000014,-0.3306540675438926,-0.08000000000000007,-1.60632248196942,-0.1200000000000001,0.08299497666880687,-0.08000000000000007,-0.07030969525285297,-0.1499999999999999,0.5674645454270447,0.10999999999999988,0.5695996833843858,0.06999999999999984,-1.2206613115155014,-0.2400000000000002,1.5360771545781053,0.040000000000000036,-0.4524906338244084,-0.47080654514855325,0.0056132663566352825,-0.7643829391310621,0.0034596570492138046,-0.43458979182945834,0.002895347887108324,-1.2122446267029146,-0.0011146344777090977,1.4756864205651783,0.010870549929903994,0.8267789929272071,0.01826702268458469,1.4036629903782687,0.09999999999999964,0.13,-0.6112065229972624,-0.14,0.0,-1.4235771787097022,-0.03700000000000003,0.5841584158415841,-0.2376237623762376,0.6767676767676768,-0.09874252731395583,0.1683168316831683,-0.3762376237623763,0.099009900990099,-0.0828082808280828,0.4368720864549869,-0.02355849706467883,68.27835814672765,0.0
2025-10-31,0.047803854301400994,0.1146691327957563,0.32607029145652433,0.30714957921536334,0.16466756682429495,1.0,0.0,0.0,0.08312978784951394,0.10092466967633593,,0.08206412251972939,0.03260501027602691,0.11498805901444209,0.029606852069395506,0.030948418972233993,0.0013029894858818114,0.0019370057745833336,0.010457622309594239,-0.013195526148596759,0.1993281143360984,1.1400000000000006,0.7199999999999989,0.348809742300639,1.9899999999999984,2.759999999999998,-2.280576589164408,-11.322000000000003,-13.23660000000001,1.1755593803786575,-0.7275366361856914,0.08000000000000007,-0.1879759763461189,0.020000000000000018,-1.501626152105626,-0.33999999999999986,-0.0628545736867993,-0.2599999999999998,-0.05912514317564282,-0.16999999999999993,0.5237446767593626,-0.06000000000000005,-0.0448168685906764,-0.0900000000000003,-1.8509521283864019,-0.4700000000000002,1.3475270897000056,0.08000000000000007,-0.9219962134769961,-0.7771515201430379,0.0004961945086605635,-1.2603356060798747,-0.0028892644995694994,-0.4196153710132168,0.0025449446052825397,-1.3621112560039466,-0.0027155213051217597,2.21348117957248,0.016577102693944745,-0.24988969147109028,0.0006761095692846553,1.327329592265883,0.09999999999999964,0.13,-0.6461376174415632,-0.14,0.0,-1.3021392968837182,-0.0020000000000000018,0.6039603960396039,0.00990099009900991,0.6464646464646465,-0.037208822923108564,0.1287128712871287,0.6336633663366337,0.0297029702970297,-0.0511051105110511,0.4253196424158615,-0.02412518134482039,68.27835814672765,0.0
2025-11-30,-0.015610345439496687,0.0869001114044794,0.1956313979681965,0.22138999750422905,0.1258662162121591,1.0,-0.015610345439496687,-0.015610345439496687,0.13318714057111786,0.10459083147355701,,0.06237466576405937,0.02452544564042003,0.10153254111976695,0.023655445695531352,0.029804342544798024,0.006006803241386249,0.0031049304685664136,0.0165959838536609,-0.006672178553169705,-0.10530874586787205,-1.0899999999999999,0.9900000000000002,0.15629856114213786,-0.8199999999999967,2.0600000000000023,-1.975245434651416,2.342100000000002,-10.437200000000004,1.2019583843329253,-0.6874093180370737,0.13000000000000034,0.304414174263076,-0.020000000000000018,-1.6580916093151135,-0.11999999999999966,-0.3598675329651559,-0.21000000000000085,-0.1720621011364906,-0.030000000000000027,-0.18278002818099645,-0.18000000000000016,-0.8684997407116086,-0.18000000000000016,-1.806307993264622,-0.43999999999999995,1.3448301500619828,-0.09000000000000119,-0.48037837508270953,-0.7543117571275615,-0.0031573349393299033,-1.2059824649559083,-0.005775790644531709,-0.37366432691057916,0.0010703323172978063,-1.3204467215630482,-0.002101944150377122,2.1139198001777095,-0.0015943299724121562,-0.19012392110636478,-0.00920795004722419,1.2584602320746552,0.09999999999999964,0.13,-0.6833413426469415,0.03,0.0,-1.1712122722988139,0.019000000000000017,0.4752475247524752,-0.09900990099009899,0.61,-0.12737373737373736,0.7821782178217822,1.1287128712871288,0.1188118811881188,0.0988118811881188,0.4252270297260568,-0.018203321254823213,68.27835814672765,0.0
2025-12-31,-0.0066991130841072,0.024537492252874715,0.11633418350149527,0.2077251494305865,0.09662274631045209,1.0,-0.022204883054222746,-0.022204883054222746,0.11892303599131582,0.09814059802673765,,0.026652505347990907,-0.0021150130951161916,0.08579970199304521,0.009430790441553372,0.0033786590374063064,-0.005995588267621033,-0.0017800987623757258,0.005905652845869636,-0.00946191649163275,-0.5077723219847892,-1.4000000000000004,-1.3499999999999996,-0.2914442355288412,-1.610000000000003,-0.4400000000000013,-2.0587810860352223,-4.984499999999997,-13.964399999999998,1.216867469879518,-0.9684794466960944,0.010000000000000231,0.04164213742701579,0.050000000000000044,-1.5482869284258935,-0.1299999999999999,0.09159485827593804,0.019999999999999574,0.2742158256055848,0.1299999999999999,-0.3685522438269278,-0.16000000000000014,-0.6019835111693482,-0.10999999999999988,-2.1356816632514874,-0.44999999999999973,1.5516450200801613,0.14999999999999947,0.07129886008293917,-0.9855457198714129,-0.008019719179292562,-1.4150352281558813,-0.009289927704292156,-0.44631896608243665,-0.0015288574339005212,-1.3873924508743776,-0.002451049136276584,2.1045089624052715,0.007520526829306817,-0.5904943627539223,-0.022757004305922868,1.1895446614778267,0.0,0.13,-0.6997939641283046,0.0,0.0,-1.2834455721382532,0.0010000000000000009,0.5247524752475248,-0.05940594059405935,0.64,-0.03676767676767678,-0.9801980198019802,-1.1485148514851484,-0.0099009900990099,-0.1089108910891089,0.4291566547771159,-0.007715431677870976,68.27835814672765,0.0
2026-01-31,0.012306490201293041,-0.01017165702865741,0.10333110067652695,0.19669851401549887,0.08030013393238367,1.0,0.0,-0.01017165702865741,0.04939580408351618,0.09801593726552334,,0.01752788330662125,-0.02769954033527866,0.0782114162083607,0.005765002704536171,0.005335962506316294,-0.0004265809578444246,-0.0009841355040082211,-0.025763167395402853,-0.01387219632619241,0.33266876521164174,2.49,0.0,0.7483678889723122,2.960000000000001,0.5300000000000011,-2.103989076282205,-4.766199999999998,-7.408599999999993,1.151462994836489,-0.9597465605052324,-0.14000000000000012,-0.440002033921136,-0.06999999999999984,-1.3701575421599832,-0.08000000000000007,0.2847759062493702,0.14999999999999947,0.1186760464465769,0.08999999999999986,1.3397508467305135,0.1299999999999999,0.7043163460965266,0.06000000000000005,-1.9940915479094745,-0.21999999999999975,1.5105262664886305,0.22999999999999954,-1.6067818649122025,-0.1684696502424776,0.0057537748493423635,-0.7678876798024551,0.0036108430217909326,0.25339633457267413,0.004477972109789619,-1.325937286227379,-0.0006983394860979875,2.148349064735293,0.0045795404474198165,-0.08517924220585063,-1.6151526113450387e-05,1.4498401895481254,0.10000000000000053,0.35,0.6033591367892049,0.21999999999999997,0.0,-1.5759866984460948,-0.050999999999999934,0.5841584158415841,-0.01980198019801982,0.594059405940594,-0.05240524052405249,-0.2871287128712871,-0.41584158415841577,0.0,-0.0297029702970297,0.4149465626398216,-0.010373079776039906,68.27835814672765,0.0
2026-02-28,-0.02344541462978622,-0.01805001446339971,0.06728154867335778,0.2011132649677534,0.03105793620924069,1.0,-0.02344541462978622,-0.03337859294193479,0.061965317246848846,0.11375702037214537,,0.006771235487113669,-0.02482124995051338,0.04667439096097836,0.01568312567879504,0.00978087274301176,-0.005811116465914146,-0.003173405145400654,-0.018425999457171827,-0.006253784582818223,1.1578987232373728,2.4200000000000017,3.5100000000000016,1.5060710766497407,2.0,3.349999999999998,-1.312109712461505,14.1845,4.433800000000005,1.086146095717884,-0.28138209771108996,0.1499999999999999,0.5215443004704501,0.020000000000000018,-1.5401848645830658,-0.0900000000000003,-0.6392970809760229,-0.04999999999999938,-0.5754939277584321,-0.07000000000000006,0.5521158266109218,0.10999999999999988,-0.6006611624667311,0.020000000000000018,-1.8505481151007854,-0.25,1.167635010340088,0.040000000000000924,-1.3921468106011103,-0.0898665586983752,0.0057537748493423635,-0.7294649033133942,0.0036108430217909326,0.38956614866805206,0.004477972109789619,-1.2962594230654472,-0.0006983394860979875,1.962424431489255,0.0045795404474198165,-0.037161804181591464,-1.6151526113450387e-05,1.3801311186848229,0.10000000000000053,0.35,0.5616036256440177,0.21999999999999997,0.0,-1.1161560402010842,-0.018000000000000016,0.5247524752475248,0.04950495049504955,0.594059405940594,-0.015940594059405955,-0.0693069306930693,-0.8514851485148515,0.0891089108910891,-0.0297029702970297,0.4098598246183487,-0.015367205107708115,68.27835814672765,0.0
2026-03-31,-0.048382829564242,-0.05925739214114256,-0.036173927688856744,0.23682879542994728,-0.028827384414838453,0.0,-0.07069388869393234,-0.080146471732773,0.10567182118490319,0.11408237024839882,,-0.043705902850397105,-0.015551489290745457,-0.015199867858100236,0.00024654091774123366,-0.0038134952411956746,-0.004059035440614256,-0.004332067671703799,0.012942612942612897,0.013031258331518636,2.6214679195943096,5.389999999999997,10.299999999999999,2.5573715264859587,3.719999999999999,8.68,-0.1314964783637152,22.671300000000002,32.089600000000004,1.0122820919175912,0.12699751665221068,0.46999999999999975,0.5526750634278683,0.07000000000000006,-0.7339072362475613,0.31999999999999984,0.36190759503127906,0.1200000000000001,0.4311026360685783,0.07000000000000006,1.4278999942885138,0.28000000000000025,0.038684215724828705,0.04999999999999982,-1.7158879705328645,0.0,0.9578912295355984,-0.19999999999999973,-2.159273939976837,-0.029340758120330483,0.008656422180660206,-0.6917797134609269,0.0065518491772997844,0.4714082033593949,0.005656426261864356,-1.243598567075722,0.00015182282276593462,1.8081641437577272,0.00276556638215375,-0.0667523980310581,0.005149939664509384,1.3193620353684747,0.10000000000000053,0.35,0.5193610245217336,0.21999999999999997,0.0,-0.48594064738429377,0.063,0.2376237623762376,-0.28712871287128716,0.4752475247524752,-0.1647524752475248,0.7029702970297029,1.683168316831683,0.0099009900990099,0.0198019801980198,0.4077531422095693,-0.02140351256754658,68.27835814672765,0.0
2026-04-30,0.15690077659374047,0.07511496186329869,0.06417926120484707,0.4111765030679002,0.10165114331953928,1.0,0.0,0.0,0.3880411893334821,0.254601854602785,,0.041407322414133585,0.033707639449165105,0.07106282242021034,-0.0005694724562800291,-0.004434029336368939,-0.0038667588927733254,-0.0024862390797587564,0.009604021030548138,-0.003395834660333552,0.08212612911398065,-8.350000610351561,-0.5400006103515622,0.4301631700018773,-6.449999999999999,-0.7300000000000004,-1.3140804485153803,-23.983600305175784,12.872199694824218,1.188869196307174,-0.8905669540032575,0.03000000000000025,0.11045897627416187,0.07999999999999985,-0.5520544916960357,0.3599999999999999,0.6784231742515674,0.14000000000000057,0.11271154518706702,0.040000000000000036,2.0694388116756084,0.14000000000000012,1.9192582564343617,0.10000000000000009,-1.5997059168789796,0.0,0.9251374451419289,-0.2199999999999993,-1.7247655983813819,0.041786131257775416,0.0,-0.6571504179047523,0.0,0.5718778815015066,0.0,-1.1992333257838732,0.0,1.6772367840513547,0.0,-0.09747897446474968,0.0,1.2672037103188931,0.10000000000000053,0.35,0.47666317160868876,0.0,0.0,-0.6464874152792524,0.08599999999999997,0.6831683168316832,0.0990099009900991,0.6237623762376238,0.02970297029702973,0.396039603960396,0.6831683168316831,0.1287128712871287,0.1287128712871287,0.3811986546530737,-0.03374790798674793,68.27835814672765,0.0
2026-05-31,0.1056848599099911,0.21727792158623038,0.1953060374956217,0.4291454286107157,0.18382361614773335,1.0,0.0,0.0,0.37013857410140594,0.27905928981015066,,0.10576818641567032,0.11150973517056006,0.10604568347889898,-0.01668396039702702,-0.013363592110523959,0.003376705100675448,0.0030044764215506614,0.01294475618160873,0.004807176890678111,-0.37207647400835453,-1.569999694824217,-4.530000305175781,0.6820871062035069,0.7899999999999991,-1.9400000000000013,-1.3645237260605538,-1.8499984741210938,-3.1622987792968758,1.2180156900593269,-1.1087602694412386,-0.3799999999999999,-0.6711462450706128,-0.22999999999999998,-0.34045908686382725,0.6000000000000001,0.8361815995311378,0.48,0.6902756694052872,0.34999999999999987,1.0912954415027887,0.1200000000000001,0.8832429421821013,0.1299999999999999,-1.522612283518845,-0.020000000000000018,0.782395332275518,-0.1200000000000001,-0.9996662757563638,1.2230790687008661,0.007769837935731827,-0.7275741511811717,-0.0009468881484671066,1.6789883890851813,0.006351038326119607,-1.186595991705495,-0.00025811037409262383,0.9383218948937604,-0.008515909963972002,1.4852463259454922,0.015765822039407018,0.8676343084552378,0.0,0.13,-1.1286292422966233,-0.21999999999999997,0.0,-0.8859040837636869,0.020000000000000018,0.6237623762376238,0.09900990099009899,0.6534653465346535,0.05940594059405946,-0.0693069306930693,0.0,0.1188118811881188,0.0297029702970297,0.3915158121478526,-0.018344012470496107,68.27835814672765,0.0
2026-06-30,-0.0025869528393859254,0.2758585266538387,0.20025447762329174,0.3398851022716112,0.14976891626551359,1.0,-0.0025869528393859254,-0.0025869528393859254,0.28207159161293394,0.2777223265552562,,0.14827631628263682,0.12758221037120188,0.07500799363484467,0.0004722600565214563,0.004850379026253959,0.004376052335009595,0.0011031992456167483,0.01645373715652343,0.024498271530114746,-0.054058748140394526,1.1300010681152326,-8.789999237060545,1.9687255395775745,4.530000000000001,-1.129999999999999,-1.3869848210440663,-2.0789031982421875,-27.912501977539065,1.1550151439995975,-1.0097831098198495,-0.5299999999999998,-0.9037801500345275,-0.26,0.0021703617836232245,0.34999999999999964,0.7536883729110114,0.14000000000000057,1.2869317061260688,0.20000000000000018,-0.5716766846048987,-0.28000000000000025,-0.9040214952858376,-0.05999999999999961,-1.4132694642903787,-0.010000000000000231,0.392636575127005,-0.20999999999999908,0.18194035435150444,2.0520058660216614,0.01164352640881261,-0.6195145243372877,-0.00015056182204209456,2.356351921910123,0.009122603386967798,-1.0629649083597115,0.00047359807425362277,1.114920605300297,-0.005513717226754311,3.1408966931915514,0.03664563336144022,0.8258172083480871,0.0,0.1,-1.3937892138473136,-0.24999999999999997,0.0,-0.8402527202159714,-0.04099999999999998,0.5247524752475248,0.28712871287128716,0.6336633663366337,0.15841584158415845,0.0196078431372549,-0.683362453892448,0.0594059405940594,0.04950495049504951,0.4000907792555971,-0.007662362953972213,68.27835814672765,0.0
2026-07-02,-0.03231945687001059,0.06718181628722997,0.147343137718851,0.2658993669929999,0.09319240070854695,1.0,-0.034822800798679165,-0.034822800798679165,0.25160285643005814,0.2926323856096747,,0.03634550013694815,0.030836316150281817,0.05957901519832198,-0.004944479024361348,-0.001929252066297349,0.003030209766694769,0.001039710063942767,0.027661066332326012,0.017296231754829527,-0.16978606267878874,-0.3000011444091797,-0.7399997711181641,2.0318381048111136,0.870000000000001,6.190000000000001,-1.438350696027371,-2.7435989379882812,-6.6725006103515625,1.178947396268281,-0.9801465509631118,-0.08999999999999986,-0.7866992006379735,-0.15999999999999992,0.10248468455901157,0.29000000000000004,0.8720641248541627,0.08000000000000007,1.4763056645296555,0.31000000000000005,-0.69190458943729,-0.4299999999999997,-0.976377117582805,-0.22999999999999998,-1.3318345196156474,-0.010000000000000231,0.36847242668619323,-0.20999999999999996,0.3178037140114726,1.894866054792389,0.01164352640881261,-0.5829971656287903,-0.00015056182204209456,2.1757727792896078,0.009122603386967798,-0.9762782850520254,0.0008332240632249466,1.054142779953621,-0.005513717226754311,2.7768576354076546,0.03664563336144022,0.3846731666535803,-0.20000000000000018,0.07,-1.6171263579059336,-0.27999999999999997,0.0,-0.8095498005556763,-0.02200000000000002,0.5742574257425742,-0.10891089108910901,0.6435643564356436,0.01980198019801982,0.1176470588235294,-0.2783925451368666,0.0396039603960396,-0.08910891089108909,0.4081658635648698,0.026967208911796103,68.27835814672765,0.0
