date,raw_prob_0,raw_prob_1,raw_prob_2,raw_prob_3,raw_regime,boundary_score,regime,prob_risk_off_stress,prob_risk_on_growth,prob_macro_tightening,prob_fragile_growth,current_confidence
2004-04-02,0.9999999998080682,0.0,1.9193185248458325e-10,0.0,0,1.9193180378351826e-10,macro_tightening,1.9193185248458325e-10,0.0,0.9999999998080682,0.0,0.9999999998080682
2004-04-09,0.9999997455831218,0.0,2.544168782070017e-07,0.0,0,2.544168782314671e-07,macro_tightening,2.544168782070017e-07,0.0,0.9999997455831218,0.0,0.9999997455831218
2004-04-16,0.9999999999991087,0.0,8.912095264031163e-13,0.0,0,8.912870441690757e-13,macro_tightening,8.912095264031163e-13,0.0,0.9999999999991087,0.0,0.9999999999991087
2004-04-23,0.9999999988409889,0.0,1.1590110620812155e-09,0.0,0,1.1590111093084943e-09,macro_tightening,1.1590110620812155e-09,0.0,0.9999999988409889,0.0,0.9999999988409889
2004-04-30,1.0,0.0,2.7830875827946245e-33,0.0,0,0.0,macro_tightening,2.7830875827946245e-33,0.0,1.0,0.0,1.0
2004-05-07,1.0,0.0,3.3866334224825774e-32,0.0,0,0.0,macro_tightening,3.3866334224825774e-32,0.0,1.0,0.0,1.0
2004-05-14,1.0,0.0,3.702349067451515e-49,0.0,0,0.0,macro_tightening,3.702349067451515e-49,0.0,1.0,0.0,1.0
2004-05-21,1.0,0.0,6.093790831577559e-38,0.0,0,0.0,macro_tightening,6.093790831577559e-38,0.0,1.0,0.0,1.0
2004-05-28,1.0,2.0023523247710545e-19,9.854815383308815e-30,0.0,0,0.0,macro_tightening,9.854815383308815e-30,2.0023523247710545e-19,1.0,0.0,1.0
2004-06-04,1.0,0.0,6.5348398898548e-43,0.0,0,0.0,macro_tightening,6.5348398898548e-43,0.0,1.0,0.0,1.0
2004-06-11,1.0,7.200337594012104e-37,6.514953702130399e-43,0.0,0,0.0,macro_tightening,6.514953702130399e-43,7.200337594012104e-37,1.0,0.0,1.0
2004-06-18,1.0,7.683763560085532e-25,3.833012876537857e-41,0.0,0,0.0,macro_tightening,3.833012876537857e-41,7.683763560085532e-25,1.0,0.0,1.0
2004-06-25,1.0,5.014882182972916e-84,1.5625215404300424e-32,0.0,0,0.0,macro_tightening,1.5625215404300424e-32,5.014882182972916e-84,1.0,0.0,1.0
2004-07-02,1.0,2.9249989300252993e-74,1.0203757135467464e-20,0.0,0,0.0,macro_tightening,1.0203757135467464e-20,2.9249989300252993e-74,1.0,0.0,1.0
2004-07-09,0.9999999999981952,0.0,1.8046678449715957e-12,0.0,0,1.8047785488306545e-12,macro_tightening,1.8046678449715957e-12,0.0,0.9999999999981952,0.0,0.9999999999981952
2004-07-16,0.9999999744617426,0.0,2.5538257358431484e-08,0.0,0,2.5538257397705877e-08,macro_tightening,2.5538257358431484e-08,0.0,0.9999999744617426,0.0,0.9999999744617426
2004-07-23,0.9999999940457847,0.0,5.954215124507932e-09,0.0,0,5.954215342995894e-09,macro_tightening,5.954215124507932e-09,0.0,0.9999999940457847,0.0,0.9999999940457847
2004-07-30,0.999999999995234,0.0,4.765955191941817e-12,0.0,0,4.765965400110872e-12,macro_tightening,4.765955191941817e-12,0.0,0.999999999995234,0.0,0.999999999995234
2004-08-06,0.9999999800767634,0.0,1.992323658658336e-08,0.0,0,1.9923236616037343e-08,macro_tightening,1.992323658658336e-08,0.0,0.9999999800767634,0.0,0.9999999800767634
2004-08-13,0.9999999997156834,0.0,2.8431653384047717e-10,0.0,0,2.843165702870465e-10,macro_tightening,2.8431653384047717e-10,0.0,0.9999999997156834,0.0,0.9999999997156834
2004-08-20,0.9999999999997522,0.0,2.47485178444464e-13,0.0,0,2.4780177909633494e-13,macro_tightening,2.47485178444464e-13,0.0,0.9999999999997522,0.0,0.9999999999997522
2004-08-27,0.9999999999999964,0.0,3.3955271646500624e-15,0.0,0,3.552713678800501e-15,macro_tightening,3.3955271646500624e-15,0.0,0.9999999999999964,0.0,0.9999999999999964
2004-09-03,0.9999999999999947,0.0,5.025183646311655e-15,0.0,0,5.329070518200751e-15,macro_tightening,5.025183646311655e-15,0.0,0.9999999999999947,0.0,0.9999999999999947
2004-09-10,0.9999999999999991,0.0,1.174687374483346e-15,0.0,0,8.881784197001252e-16,macro_tightening,1.174687374483346e-15,0.0,0.9999999999999991,0.0,0.9999999999999991
2004-09-17,1.0,0.0,1.5045284573272869e-18,0.0,0,0.0,macro_tightening,1.5045284573272869e-18,0.0,1.0,0.0,1.0
2004-09-24,0.9999999999999902,0.0,9.757702895020874e-15,0.0,0,9.769962616701378e-15,macro_tightening,9.757702895020874e-15,0.0,0.9999999999999902,0.0,0.9999999999999902
2004-10-01,1.0,3.1896021265672383e-298,5.340065627434259e-21,0.0,0,0.0,macro_tightening,5.340065627434259e-21,3.1896021265672383e-298,1.0,0.0,1.0
2004-10-08,0.999999999999897,0.0,1.0307817868930665e-13,0.0,0,1.0302869668521453e-13,macro_tightening,1.0307817868930665e-13,0.0,0.999999999999897,0.0,0.999999999999897
2004-10-15,0.9999999999999996,0.0,2.7922134308337776e-16,0.0,0,4.440892098500626e-16,macro_tightening,2.7922134308337776e-16,0.0,0.9999999999999996,0.0,0.9999999999999996
2004-10-22,1.0,1.4446656570411426e-293,5.769733029360821e-25,0.0,0,0.0,macro_tightening,5.769733029360821e-25,1.4446656570411426e-293,1.0,0.0,1.0
2004-10-29,1.0,6.387046622213154e-144,1.219453984685339e-24,0.0,0,0.0,macro_tightening,1.219453984685339e-24,6.387046622213154e-144,1.0,0.0,1.0
2004-11-05,1.0,1.614647370001988e-29,1.2791403166328833e-29,0.0,0,0.0,macro_tightening,1.2791403166328833e-29,1.614647370001988e-29,1.0,0.0,1.0
2004-11-12,0.9999999999999996,2.814734850144405e-16,6.537633587171991e-41,0.0,0,4.440892098500626e-16,macro_tightening,6.537633587171991e-41,2.814734850144405e-16,0.9999999999999996,0.0,0.9999999999999996
2004-11-19,0.999999999999988,1.2159984658321904e-14,3.939578270975127e-34,0.0,0,1.199040866595169e-14,macro_tightening,3.939578270975127e-34,1.2159984658321904e-14,0.999999999999988,0.0,0.999999999999988
2004-11-26,0.9999999999994467,5.534271405808401e-13,2.093548116622791e-33,0.0,0,5.53335155473178e-13,macro_tightening,2.093548116622791e-33,5.534271405808401e-13,0.9999999999994467,0.0,0.9999999999994467
2004-12-03,0.9999999999999893,1.0624889005567473e-14,3.917328529432136e-47,0.0,0,1.0658141036401503e-14,macro_tightening,3.917328529432136e-47,1.0624889005567473e-14,0.9999999999999893,0.0,0.9999999999999893
2004-12-10,0.9999999999999999,1.912685069031381e-16,1.7693256582078128e-41,0.0,0,1.1102230246251565e-16,macro_tightening,1.7693256582078128e-41,1.912685069031381e-16,0.9999999999999999,0.0,0.9999999999999999
2004-12-17,0.999999999999966,3.3875030720241696e-14,6.724325395363322e-33,0.0,0,3.397282455352979e-14,macro_tightening,6.724325395363322e-33,3.3875030720241696e-14,0.999999999999966,0.0,0.999999999999966
2004-12-24,0.9999999999827422,1.7257887652503805e-11,5.100218112611665e-64,0.0,0,1.7257750783983283e-11,macro_tightening,5.100218112611665e-64,1.7257887652503805e-11,0.9999999999827422,0.0,0.9999999999827422
2004-12-31,0.9999999999827103,1.7289919806113667e-11,2.941228937891493e-70,0.0,0,1.7289725207092488e-11,macro_tightening,2.941228937891493e-70,1.7289919806113667e-11,0.9999999999827103,0.0,0.9999999999827103
2005-01-07,0.9999999999999742,2.6174738700409582e-14,2.9656400506895426e-53,0.0,0,2.5757174171303632e-14,macro_tightening,2.9656400506895426e-53,2.6174738700409582e-14,0.9999999999999742,0.0,0.9999999999999742
2005-01-14,0.9999999999999902,9.705795717569636e-15,1.162807585904559e-58,0.0,0,9.769962616701378e-15,macro_tightening,1.162807585904559e-58,9.705795717569636e-15,0.9999999999999902,0.0,0.9999999999999902
2005-01-21,0.9999999999999996,6.238533887319845e-16,2.7784710856793072e-55,0.0,0,4.440892098500626e-16,macro_tightening,2.7784710856793072e-55,6.238533887319845e-16,0.9999999999999996,0.0,0.9999999999999996
2005-01-28,1.0,1.271161465786889e-18,1.7873757321029588e-55,0.0,0,0.0,macro_tightening,1.7873757321029588e-55,1.271161465786889e-18,1.0,0.0,1.0
2005-02-04,1.0,2.5436729349777596e-21,1.4972109506253056e-61,0.0,0,0.0,macro_tightening,1.4972109506253056e-61,2.5436729349777596e-21,1.0,0.0,1.0
2005-02-11,1.0,1.5875491196777493e-17,1.1868565499249202e-56,0.0,0,0.0,macro_tightening,1.1868565499249202e-56,1.5875491196777493e-17,1.0,0.0,1.0
2005-02-18,1.0,2.1815917295699938e-21,7.658397732942411e-42,0.0,0,0.0,macro_tightening,7.658397732942411e-42,2.1815917295699938e-21,1.0,0.0,1.0
2005-02-25,0.9999999999999991,4.863270622983421e-16,8.065542921234298e-44,0.0,0,8.881784197001252e-16,macro_tightening,8.065542921234298e-44,4.863270622983421e-16,0.9999999999999991,0.0,0.9999999999999991
2005-03-04,1.0,1.34289521366475e-19,2.8002024990673733e-48,0.0,0,0.0,macro_tightening,2.8002024990673733e-48,1.34289521366475e-19,1.0,0.0,1.0
2005-03-11,0.9999999999999993,6.126286552783719e-16,1.9052884981291373e-35,0.0,0,6.661338147750939e-16,macro_tightening,1.9052884981291373e-35,6.126286552783719e-16,0.9999999999999993,0.0,0.9999999999999993
2005-03-18,1.0,0.0,6.75872277258993e-30,0.0,0,0.0,macro_tightening,6.75872277258993e-30,0.0,1.0,0.0,1.0
2005-03-25,1.0,0.0,1.4357582568165562e-38,0.0,0,0.0,macro_tightening,1.4357582568165562e-38,0.0,1.0,0.0,1.0
2005-04-01,1.0,0.0,1.0635233300625218e-43,0.0,0,0.0,macro_tightening,1.0635233300625218e-43,0.0,1.0,0.0,1.0
2005-04-08,1.0,1.4185847064038847e-94,3.0994218463235004e-44,0.0,0,0.0,macro_tightening,3.0994218463235004e-44,1.4185847064038847e-94,1.0,0.0,1.0
2005-04-15,1.0,0.0,1.5099348030662282e-38,0.0,0,0.0,macro_tightening,1.5099348030662282e-38,0.0,1.0,0.0,1.0
2005-04-22,1.0,0.0,1.5476005343163267e-36,0.0,0,0.0,macro_tightening,1.5476005343163267e-36,0.0,1.0,0.0,1.0
2005-04-29,1.0,0.0,3.209159855053023e-36,0.0,0,0.0,macro_tightening,3.209159855053023e-36,0.0,1.0,0.0,1.0
2005-05-06,1.0,0.0,4.4779791056635e-55,0.0,0,0.0,macro_tightening,4.4779791056635e-55,0.0,1.0,0.0,1.0
2005-05-13,1.0,0.0,2.253328444931195e-66,0.0,0,0.0,macro_tightening,2.253328444931195e-66,0.0,1.0,0.0,1.0
2005-05-20,1.0,7.663107470597429e-230,4.979806963143708e-64,0.0,0,0.0,macro_tightening,4.979806963143708e-64,7.663107470597429e-230,1.0,0.0,1.0
2005-05-27,1.0,8.449486675016286e-134,2.2590946121587534e-62,0.0,0,0.0,macro_tightening,2.2590946121587534e-62,8.449486675016286e-134,1.0,0.0,1.0
2005-06-03,1.0,8.384767844293844e-134,6.086273179884365e-70,0.0,0,0.0,macro_tightening,6.086273179884365e-70,8.384767844293844e-134,1.0,0.0,1.0
2005-06-10,1.0,8.9711174309668e-133,2.5066536304977315e-65,0.0,0,0.0,macro_tightening,2.5066536304977315e-65,8.9711174309668e-133,1.0,0.0,1.0
2005-06-17,1.0,1.6189465207267726e-132,1.2674974248177215e-58,0.0,0,0.0,macro_tightening,1.2674974248177215e-58,1.6189465207267726e-132,1.0,0.0,1.0
2005-06-24,1.0,0.0,5.890696046750051e-61,0.0,0,0.0,macro_tightening,5.890696046750051e-61,0.0,1.0,0.0,1.0
2005-07-01,1.0,0.0,3.959006488968661e-37,0.0,0,0.0,macro_tightening,3.959006488968661e-37,0.0,1.0,0.0,1.0
2005-07-08,1.0,3.998558209082086e-119,9.927439789695219e-40,0.0,0,0.0,macro_tightening,9.927439789695219e-40,3.998558209082086e-119,1.0,0.0,1.0
2005-07-15,1.0,2.1025033372304774e-38,1.7682106741506497e-41,0.0,0,0.0,macro_tightening,1.7682106741506497e-41,2.1025033372304774e-38,1.0,0.0,1.0
2005-07-22,0.9999999999906214,9.378605080173678e-12,3.0209392582424957e-44,0.0,0,9.37860900052101e-12,macro_tightening,3.0209392582424957e-44,9.378605080173678e-12,0.9999999999906214,0.0,0.9999999999906214
2005-07-29,0.9999999999977324,2.2676226409984056e-12,7.86713429759074e-53,0.0,0,2.2676305277968822e-12,macro_tightening,7.86713429759074e-53,2.2676226409984056e-12,0.9999999999977324,0.0,0.9999999999977324
2005-08-05,0.9999786096465398,2.1390353460063034e-05,1.4344748413407507e-31,0.0,0,2.139035346016005e-05,macro_tightening,1.4344748413407507e-31,2.1390353460063034e-05,0.9999786096465398,0.0,0.9999786096465398
2005-08-12,0.9999984876606437,1.51233935680358e-06,8.263096869562017e-41,0.0,0,1.5123393563021281e-06,macro_tightening,8.263096869562017e-41,1.51233935680358e-06,0.9999984876606437,0.0,0.9999984876606437
2005-08-19,0.9980145887112376,0.0019854112887625216,5.994689053509049e-35,0.0,0,0.0019854112887623954,macro_tightening,5.994689053509049e-35,0.0019854112887625216,0.9980145887112376,0.0,0.9980145887112376
2005-08-26,0.9998114439513318,0.00018855604866841166,3.570266322284267e-35,0.0,0,0.00018855604866818698,macro_tightening,3.570266322284267e-35,0.00018855604866841166,0.9998114439513318,0.0,0.9998114439513318
2005-09-02,0.02306051790517371,0.9769394820948265,2.4660002746904225e-32,0.0,1,0.023060517905173494,risk_on_growth,2.4660002746904225e-32,0.9769394820948265,0.02306051790517371,0.0,0.9769394820948265
2005-09-09,4.4041693040835556e-05,0.9999559583069596,2.3290091205602966e-27,0.0,1,4.404169304039751e-05,risk_on_growth,2.3290091205602966e-27,0.9999559583069596,4.4041693040835556e-05,0.0,0.9999559583069596
2005-09-16,0.00284462292504248,0.9971553770749573,3.7123429572027815e-21,0.0,1,0.002844622925042728,risk_on_growth,3.7123429572027815e-21,0.9971553770749573,0.00284462292504248,0.0,0.9971553770749573
2005-09-23,0.0003318804477783946,0.9996681195522216,1.0487846563375682e-22,0.0,1,0.00033188044777843206,risk_on_growth,1.0487846563375682e-22,0.9996681195522216,0.0003318804477783946,0.0,0.9996681195522216
2005-09-30,1.8308173649113816e-08,0.9999999816918266,8.216934423410525e-25,0.0,1,1.8308173421743845e-08,risk_on_growth,8.216934423410525e-25,0.9999999816918266,1.8308173649113816e-08,0.0,0.9999999816918266
2005-10-07,8.368473514738772e-20,1.0,1.4034814913835356e-97,0.0,1,0.0,risk_on_growth,1.4034814913835356e-97,1.0,8.368473514738772e-20,0.0,1.0
2005-10-14,6.63542943140931e-27,1.0,4.696223032294892e-85,0.0,1,0.0,risk_on_growth,4.696223032294892e-85,1.0,6.63542943140931e-27,0.0,1.0
2005-10-21,6.085338854387317e-25,1.0,8.037514217662877e-87,0.0,1,0.0,risk_on_growth,8.037514217662877e-87,1.0,6.085338854387317e-25,0.0,1.0
2005-10-28,5.334354394086712e-29,1.0,2.7175387555085192e-76,0.0,1,0.0,risk_on_growth,2.7175387555085192e-76,1.0,5.334354394086712e-29,0.0,1.0
2005-11-04,4.472896855646075e-17,1.0,7.600576466444921e-60,0.0,1,0.0,risk_on_growth,7.600576466444921e-60,1.0,4.472896855646075e-17,0.0,1.0
2005-11-11,1.6576004602617746e-13,0.9999999999998348,1.203684994641715e-68,0.0,1,1.652011860642233e-13,risk_on_growth,1.203684994641715e-68,0.9999999999998348,1.6576004602617746e-13,0.0,0.9999999999998348
2005-11-18,1.667494902462712e-12,0.999999999998332,8.110741343550866e-76,0.0,1,1.6679990721968352e-12,risk_on_growth,8.110741343550866e-76,0.999999999998332,1.667494902462712e-12,0.0,0.999999999998332
2005-11-25,4.2270811092056603e-10,0.9999999995772919,9.992480780225779e-77,0.0,1,4.227080907526215e-10,risk_on_growth,9.992480780225779e-77,0.9999999995772919,4.2270811092056603e-10,0.0,0.9999999995772919
2005-12-02,3.2727236297866603e-07,0.9999996727276368,1.5064597456768438e-125,0.0,1,3.2727236320972963e-07,risk_on_growth,1.5064597456768438e-125,0.9999996727276368,3.2727236297866603e-07,0.0,0.9999996727276368
2005-12-09,7.85476351733341e-11,0.9999999999214522,4.748764911953773e-107,0.0,1,7.854783490301998e-11,risk_on_growth,4.748764911953773e-107,0.9999999999214522,7.85476351733341e-11,0.0,0.9999999999214522
2005-12-16,6.694111517395884e-09,0.9999999933058881,4.515053363575044e-105,0.0,1,6.694111931437874e-09,risk_on_growth,4.515053363575044e-105,0.9999999933058881,6.694111517395884e-09,0.0,0.9999999933058881
2005-12-23,6.797596484018869e-06,0.9999932024035161,9.49051789125897e-110,0.0,1,6.797596483920643e-06,risk_on_growth,9.49051789125897e-110,0.9999932024035161,6.797596484018869e-06,0.0,0.9999932024035161
2005-12-30,6.165183643670059e-07,0.9999993834816356,8.649333730818891e-90,0.0,1,6.165183643602745e-07,risk_on_growth,8.649333730818891e-90,0.9999993834816356,6.165183643670059e-07,0.0,0.9999993834816356
2006-01-06,1.1436610918127327e-10,0.9999999998856337,3.951566045639991e-34,0.0,1,1.1436629421268663e-10,risk_on_growth,3.951566045639991e-34,0.9999999998856337,1.1436610918127327e-10,0.0,0.9999999998856337
2006-01-13,2.4223638487208636e-06,0.9999975776361512,3.920088232029482e-33,0.0,1,2.4223638488418686e-06,risk_on_growth,3.920088232029482e-33,0.9999975776361512,2.4223638487208636e-06,0.0,0.9999975776361512
2006-01-20,4.2501948982005e-08,0.9999999574980509,3.073432896910942e-25,0.0,1,4.250194907129412e-08,risk_on_growth,3.073432896910942e-25,0.9999999574980509,4.2501948982005e-08,0.0,0.9999999574980509
2006-01-27,4.402660762575171e-08,0.999999955973392,7.385219266542619e-23,0.0,1,4.402660802593772e-08,risk_on_growth,7.385219266542619e-23,0.999999955973392,4.402660762575171e-08,0.0,0.999999955973392
2006-02-03,3.996836961542398e-07,0.999999600316304,2.7080772543054063e-19,0.0,1,3.9968369602849663e-07,risk_on_growth,2.7080772543054063e-19,0.999999600316304,3.996836961542398e-07,0.0,0.999999600316304
2006-02-10,3.319610153302586e-11,0.9999999999668034,3.1911722888177305e-19,0.0,1,3.319655661471188e-11,risk_on_growth,3.1911722888177305e-19,0.9999999999668034,3.319610153302586e-11,0.0,0.9999999999668034
2006-02-17,1.8556687841599202e-12,0.9999999999981437,1.3823243444241909e-21,0.0,1,1.8562928971732617e-12,risk_on_growth,1.3823243444241909e-21,0.9999999999981437,1.8556687841599202e-12,0.0,0.9999999999981437
2006-02-24,6.108685710409257e-12,0.9999999999938911,1.386935583315638e-24,0.0,1,6.108891170697461e-12,risk_on_growth,1.386935583315638e-24,0.9999999999938911,6.108685710409257e-12,0.0,0.9999999999938911
2006-03-03,2.354445064960545e-11,0.9999999999764557,9.030990726934737e-26,0.0,1,2.354427763862077e-11,risk_on_growth,9.030990726934737e-26,0.9999999999764557,2.354445064960545e-11,0.0,0.9999999999764557
2006-03-10,1.12843521708559e-11,0.9999999999887148,1.0032314073390503e-26,0.0,1,1.1285195000709791e-11,risk_on_growth,1.0032314073390503e-26,0.9999999999887148,1.12843521708559e-11,0.0,0.9999999999887148
2006-03-17,9.0348007102967e-12,0.9999999999909654,2.8556274907820853e-24,0.0,1,9.034550885189674e-12,risk_on_growth,2.8556274907820853e-24,0.9999999999909654,9.0348007102967e-12,0.0,0.9999999999909654
2006-03-24,3.634753785533451e-10,0.9999999996365254,9.594380420716029e-23,0.0,1,3.6347458376440045e-10,risk_on_growth,9.594380420716029e-23,0.9999999996365254,3.634753785533451e-10,0.0,0.9999999996365254
2006-03-31,7.768373541718272e-08,0.99999992221992,9.634456178030261e-11,0.0,1,7.778008004333259e-08,risk_on_growth,9.634456178030261e-11,0.99999992221992,7.768373541718272e-08,0.0,0.99999992221992
2006-04-07,3.5386435828086453e-10,0.9999999995246567,1.2147881600180573e-10,0.0,1,4.753433202608903e-10,risk_on_growth,1.2147881600180573e-10,0.9999999995246567,3.5386435828086453e-10,0.0,0.9999999995246567
2006-04-14,0.0001741796544240511,0.9998212000443315,4.620301243707363e-06,0.0,1,0.00017879995566849605,risk_on_growth,4.620301243707363e-06,0.9998212000443315,0.0001741796544240511,0.0,0.9998212000443315
2006-04-21,8.392815548403675e-06,0.9999910733912186,5.337932326744428e-07,0.0,1,8.926608781378853e-06,risk_on_growth,5.337932326744428e-07,0.9999910733912186,8.392815548403675e-06,0.0,0.9999910733912186
2006-04-28,3.094301535681881e-05,0.9999690402367977,1.674784637875884e-08,0.0,1,3.0959763202331736e-05,risk_on_growth,1.674784637875884e-08,0.9999690402367977,3.094301535681881e-05,0.0,0.9999690402367977
2006-05-05,0.0004212871130550122,0.9995787124721086,4.1483603044668253e-10,0.0,1,0.0004212875278913897,risk_on_growth,4.1483603044668253e-10,0.9995787124721086,0.0004212871130550122,0.0,0.9995787124721086
2006-05-12,1.03161771572231e-09,0.0,0.9999999989683825,0.0,2,1.031617458124856e-09,risk_off_stress,0.9999999989683825,0.0,1.03161771572231e-09,0.0,0.9999999989683825
2006-05-19,3.109936867508187e-08,0.0,0.9999999689006311,0.0,2,3.109936885792308e-08,risk_off_stress,0.9999999689006311,0.0,3.109936867508187e-08,0.0,0.9999999689006311
2006-05-26,9.684642068476548e-08,0.0,0.9999999031535793,0.0,2,9.684642066076776e-08,risk_off_stress,0.9999999031535793,0.0,9.684642068476548e-08,0.0,0.9999999031535793
2006-06-02,1.2238680170164601e-10,0.0,0.9999999998776135,0.0,2,1.2238654534257876e-10,risk_off_stress,0.9999999998776135,0.0,1.2238680170164601e-10,0.0,0.9999999998776135
2006-06-09,1.1180609236511792e-07,0.0,0.9999998881939076,0.0,2,1.1180609238437e-07,risk_off_stress,0.9999998881939076,0.0,1.1180609236511792e-07,0.0,0.9999998881939076
2006-06-16,3.017858019235089e-09,0.0,0.999999996982142,0.0,2,3.0178579635276037e-09,risk_off_stress,0.999999996982142,0.0,3.017858019235089e-09,0.0,0.999999996982142
2006-06-23,4.2516372817408824e-14,0.0,0.9999999999999576,0.0,2,4.241051954068098e-14,risk_off_stress,0.9999999999999576,0.0,4.2516372817408824e-14,0.0,0.9999999999999576
2006-06-30,7.210079017842115e-10,0.0,0.9999999992789919,0.0,2,7.210081420794268e-10,risk_off_stress,0.9999999992789919,0.0,7.210079017842115e-10,0.0,0.9999999992789919
2006-07-07,9.37463739073561e-10,0.0,0.9999999990625362,0.0,2,9.374637732761926e-10,risk_off_stress,0.9999999990625362,0.0,9.37463739073561e-10,0.0,0.9999999990625362
2006-07-14,4.202641731877217e-14,0.0,0.9999999999999579,0.0,2,4.207745263329343e-14,risk_off_stress,0.9999999999999579,0.0,4.202641731877217e-14,0.0,0.9999999999999579
2006-07-21,4.552950246195984e-15,0.0,0.9999999999999953,0.0,2,4.6629367034256575e-15,risk_off_stress,0.9999999999999953,0.0,4.552950246195984e-15,0.0,0.9999999999999953
2006-07-28,3.487763218025448e-08,0.0,0.9999999651223673,0.0,2,3.487763267084887e-08,risk_off_stress,0.9999999651223673,0.0,3.487763218025448e-08,0.0,0.9999999651223673
2006-08-04,0.028561939927062466,0.0,0.9714380600729374,0.0,2,0.028561939927062574,risk_off_stress,0.9714380600729374,0.0,0.028561939927062466,0.0,0.9714380600729374
2006-08-11,0.00461357912626169,0.0,0.9953864208737382,0.0,2,0.004613579126261813,risk_off_stress,0.9953864208737382,0.0,0.00461357912626169,0.0,0.9953864208737382
2006-08-18,0.9981322731663466,0.0,0.0018677268336534242,0.0,0,0.001867726833653438,macro_tightening,0.0018677268336534242,0.0,0.9981322731663466,0.0,0.9981322731663466
2006-08-25,0.9972844072471256,0.0,0.0027155927528741903,0.0,0,0.002715592752874363,macro_tightening,0.0027155927528741903,0.0,0.9972844072471256,0.0,0.9972844072471256
2006-09-01,1.0,0.0,1.2098833912582331e-62,0.0,0,0.0,macro_tightening,1.2098833912582331e-62,0.0,1.0,0.0,1.0
2006-09-08,1.0,0.0,5.7522358582771225e-64,0.0,0,0.0,macro_tightening,5.7522358582771225e-64,0.0,1.0,0.0,1.0
2006-09-15,1.0,0.0,1.2702728401870084e-62,0.0,0,0.0,macro_tightening,1.2702728401870084e-62,0.0,1.0,0.0,1.0
2006-09-22,1.0,0.0,7.426064924548953e-61,0.0,0,0.0,macro_tightening,7.426064924548953e-61,0.0,1.0,0.0,1.0
2006-09-29,1.0,2.047191454719627e-229,6.308348324715676e-74,0.0,0,0.0,macro_tightening,6.308348324715676e-74,2.047191454719627e-229,1.0,0.0,1.0
2006-10-06,1.0,3.033025481968425e-120,1.4418315654793976e-125,0.0,0,0.0,macro_tightening,1.4418315654793976e-125,3.033025481968425e-120,1.0,0.0,1.0
2006-10-13,1.0,1.3374607389343858e-31,1.5640035957493416e-145,0.0,0,0.0,macro_tightening,1.5640035957493416e-145,1.3374607389343858e-31,1.0,0.0,1.0
2006-10-20,1.0,8.382483950904777e-36,3.3969735907313593e-150,0.0,0,0.0,macro_tightening,3.3969735907313593e-150,8.382483950904777e-36,1.0,0.0,1.0
2006-10-27,1.0,6.559692619402652e-31,1.7246434548900757e-156,0.0,0,0.0,macro_tightening,1.7246434548900757e-156,6.559692619402652e-31,1.0,0.0,1.0
2006-11-03,1.0,2.7202824441631184e-32,2.3662291999437358e-155,0.0,0,0.0,macro_tightening,2.3662291999437358e-155,2.7202824441631184e-32,1.0,0.0,1.0
2006-11-10,1.0,2.215089525172015e-22,3.2432213538917334e-148,0.0,0,0.0,macro_tightening,3.2432213538917334e-148,2.215089525172015e-22,1.0,0.0,1.0
2006-11-17,0.9999999999999893,1.0464840819723501e-14,4.679101375094893e-143,0.0,0,1.0658141036401503e-14,macro_tightening,4.679101375094893e-143,1.0464840819723501e-14,0.9999999999999893,0.0,0.9999999999999893
2006-11-24,1.0,2.2181412949451965e-17,7.32938819715824e-143,0.0,0,0.0,macro_tightening,7.32938819715824e-143,2.2181412949451965e-17,1.0,0.0,1.0
2006-12-01,0.9999999999495106,5.048923637173755e-11,7.61225617809204e-106,0.0,0,5.048939044627332e-11,macro_tightening,7.61225617809204e-106,5.048923637173755e-11,0.9999999999495106,0.0,0.9999999999495106
2006-12-08,0.9999997297635955,2.702364043971221e-07,1.0388717427479562e-50,0.0,0,2.702364044759875e-07,macro_tightening,1.0388717427479562e-50,2.702364043971221e-07,0.9999997297635955,0.0,0.9999997297635955
2006-12-15,0.9997141981508035,0.0002858018491965772,3.437200590489463e-51,0.0,0,0.00028580184919646534,macro_tightening,3.437200590489463e-51,0.0002858018491965772,0.9997141981508035,0.0,0.9997141981508035
2006-12-22,0.005518727589371531,0.9944812724106284,1.4295013650399172e-33,0.0,1,0.005518727589371553,risk_on_growth,1.4295013650399172e-33,0.9944812724106284,0.005518727589371531,0.0,0.9944812724106284
2006-12-29,0.00010414242679057405,0.9998958575732095,2.104663858413892e-36,0.0,1,0.00010414242679046559,risk_on_growth,2.104663858413892e-36,0.9998958575732095,0.00010414242679057405,0.0,0.9998958575732095
2007-01-05,7.90260059997267e-06,0.9999920973994003,8.757139170548329e-33,0.0,1,7.902600599685172e-06,risk_on_growth,8.757139170548329e-33,0.9999920973994003,7.90260059997267e-06,0.0,0.9999920973994003
2007-01-12,3.3949704714972723e-07,0.9999996605029534,5.877703728685628e-34,0.0,1,3.394970465864233e-07,risk_on_growth,5.877703728685628e-34,0.9999996605029534,3.3949704714972723e-07,0.0,0.9999996605029534
2007-01-19,1.0653487131648376e-09,0.9999999989346513,5.6799001124007735e-33,0.0,1,1.0653486981482274e-09,risk_on_growth,5.6799001124007735e-33,0.9999999989346513,1.0653487131648376e-09,0.0,0.9999999989346513
2007-01-26,1.7056131420038293e-10,0.9999999998294387,1.8982827546397631e-35,0.0,1,1.7056134282711355e-10,risk_on_growth,1.8982827546397631e-35,0.9999999998294387,1.7056131420038293e-10,0.0,0.9999999998294387
2007-02-02,1.2910670341045831e-10,0.9999999998708935,1.1231209992939743e-38,0.0,1,1.291065032660299e-10,risk_on_growth,1.1231209992939743e-38,0.9999999998708935,1.2910670341045831e-10,0.0,0.9999999998708935
2007-02-09,9.553817674927007e-07,0.9999990446182324,8.67511098543587e-39,0.0,1,9.553817675866938e-07,risk_on_growth,8.67511098543587e-39,0.9999990446182324,9.553817674927007e-07,0.0,0.9999990446182324
2007-02-16,1.4695190775687493e-05,0.9999853048092251,4.929664066264917e-37,0.0,1,1.4695190774904887e-05,risk_on_growth,4.929664066264917e-37,0.9999853048092251,1.4695190775687493e-05,0.0,0.9999853048092251
2007-02-23,1.6950092458342843e-06,0.9999983049907536,1.1839435156016642e-37,0.0,1,1.6950092464051991e-06,risk_on_growth,1.1839435156016642e-37,0.9999983049907536,1.6950092458342843e-06,0.0,0.9999983049907536
2007-03-02,2.233491410305018e-06,0.9999977665085897,8.752732764032339e-23,0.0,1,2.233491410263966e-06,risk_on_growth,8.752732764032339e-23,0.9999977665085897,2.233491410305018e-06,0.0,0.9999977665085897
2007-03-09,5.538572546261264e-08,0.9999999446142744,9.558962898584774e-53,0.0,1,5.538572556140764e-08,risk_on_growth,9.558962898584774e-53,0.9999999446142744,5.538572546261264e-08,0.0,0.9999999446142744
2007-03-16,6.8710012769945996e-06,0.9999931289987222,3.88969229081589e-46,0.0,1,6.8710012778305796e-06,risk_on_growth,3.88969229081589e-46,0.9999931289987222,6.8710012769945996e-06,0.0,0.9999931289987222
2007-03-23,0.0002729126687047942,0.9997270873312956,2.499176275929742e-43,0.0,1,0.0002729126687044392,risk_on_growth,2.499176275929742e-43,0.9997270873312956,0.0002729126687047942,0.0,0.9997270873312956
2007-03-30,1.911016685997004e-05,0.9999808898331405,2.939948958185959e-41,0.0,1,1.9110166859515054e-05,risk_on_growth,2.939948958185959e-41,0.9999808898331405,1.911016685997004e-05,0.0,0.9999808898331405
2007-04-06,1.4147504749141508e-07,0.9999998585249525,4.225471398686089e-36,0.0,1,1.4147504745487538e-07,risk_on_growth,4.225471398686089e-36,0.9999998585249525,1.4147504749141508e-07,0.0,0.9999998585249525
2007-04-13,2.417318109161012e-06,0.9999975826818903,1.555529326258731e-37,0.0,1,2.417318109682043e-06,risk_on_growth,1.555529326258731e-37,0.9999975826818903,2.417318109161012e-06,0.0,0.9999975826818903
2007-04-20,3.435046820203783e-05,0.9999656495317973,8.381355134318797e-43,0.0,1,3.4350468202659634e-05,risk_on_growth,8.381355134318797e-43,0.9999656495317973,3.435046820203783e-05,0.0,0.9999656495317973
2007-04-27,0.0013243061228412698,0.9986756938771595,2.024301994775609e-34,0.0,1,0.0013243061228405129,risk_on_growth,2.024301994775609e-34,0.9986756938771595,0.0013243061228412698,0.0,0.9986756938771595
2007-05-04,0.0012680265031528918,0.9987319734968466,4.620399432830184e-37,0.0,1,0.0012680265031533855,risk_on_growth,4.620399432830184e-37,0.9987319734968466,0.0012680265031528918,0.0,0.9987319734968466
2007-05-11,0.0003230082983245985,0.999676991701675,2.5834624380016333e-31,0.0,1,0.00032300829832498934,risk_on_growth,2.5834624380016333e-31,0.999676991701675,0.0003230082983245985,0.0,0.999676991701675
2007-05-18,9.422026411467403e-06,0.9999905779735894,1.5500307806359783e-37,0.0,1,9.422026410632611e-06,risk_on_growth,1.5500307806359783e-37,0.9999905779735894,9.422026411467403e-06,0.0,0.9999905779735894
2007-05-25,2.1880167534076734e-05,0.9999781198324659,6.849039427906941e-37,0.0,1,2.188016753412736e-05,risk_on_growth,6.849039427906941e-37,0.9999781198324659,2.1880167534076734e-05,0.0,0.9999781198324659
2007-06-01,7.868969518212967e-06,0.9999921310304817,5.09438554753624e-32,0.0,1,7.868969518320945e-06,risk_on_growth,5.09438554753624e-32,0.9999921310304817,7.868969518212967e-06,0.0,0.9999921310304817
2007-06-08,4.1646595883220056e-11,0.9999999999583533,1.5650494586909157e-23,0.0,1,4.164668609973887e-11,risk_on_growth,1.5650494586909157e-23,0.9999999999583533,4.1646595883220056e-11,0.0,0.9999999999583533
2007-06-15,2.3848569889698102e-09,0.9999999976151432,3.0274024696595912e-28,0.0,1,2.3848567565210033e-09,risk_on_growth,3.0274024696595912e-28,0.9999999976151432,2.3848569889698102e-09,0.0,0.9999999976151432
2007-06-22,5.138367806285015e-09,0.999999994861632,4.285756743889675e-21,0.0,1,5.138367953350098e-09,risk_on_growth,4.285756743889675e-21,0.999999994861632,5.138367806285015e-09,0.0,0.999999994861632
2007-06-29,5.612144149985176e-08,0.9999999438785581,1.1284007998474358e-29,0.0,1,5.61214419381173e-08,risk_on_growth,1.1284007998474358e-29,0.9999999438785581,5.612144149985176e-08,0.0,0.9999999438785581
2007-07-06,2.454240500979626e-12,0.999999999997546,4.183505966560368e-29,0.0,1,2.454036973631446e-12,risk_on_growth,4.183505966560368e-29,0.999999999997546,2.454240500979626e-12,0.0,0.999999999997546
2007-07-13,3.270111271600695e-12,0.99999999999673,6.750048137369623e-30,0.0,1,3.270050896730936e-12,risk_on_growth,6.750048137369623e-30,0.99999999999673,3.270111271600695e-12,0.0,0.99999999999673
2007-07-20,4.029682612393294e-09,0.9999999959703176,7.466313801884505e-22,0.0,1,4.0296823655694425e-09,risk_on_growth,7.466313801884505e-22,0.9999999959703176,4.029682612393294e-09,0.0,0.9999999959703176
2007-07-27,3.5063519210497725e-16,2.750575149824329e-16,0.9999999999999991,0.0,2,8.881784197001252e-16,risk_off_stress,0.9999999999999991,2.750575149824329e-16,3.5063519210497725e-16,0.0,0.9999999999999991
2007-08-03,1.5355833772279664e-18,2.1279366387064568e-18,1.0,0.0,2,0.0,risk_off_stress,1.0,2.1279366387064568e-18,1.5355833772279664e-18,0.0,1.0
2007-08-10,2.4364872336016295e-28,4.0728710970733265e-38,1.0,0.0,2,0.0,risk_off_stress,1.0,4.0728710970733265e-38,2.4364872336016295e-28,0.0,1.0
2007-08-17,3.2294365487883126e-21,5.934167933689569e-59,1.0,0.0,2,0.0,risk_off_stress,1.0,5.934167933689569e-59,3.2294365487883126e-21,0.0,1.0
2007-08-24,9.888633490679538e-08,2.6460143327808614e-64,0.9999999011136658,0.0,2,9.88863342321622e-08,risk_off_stress,0.9999999011136658,2.6460143327808614e-64,9.888633490679538e-08,0.0,0.9999999011136658
2007-08-31,0.9999999999999201,1.888281492807502e-80,7.936728151459839e-14,0.0,0,7.993605777301127e-14,macro_tightening,7.936728151459839e-14,1.888281492807502e-80,0.9999999999999201,0.0,0.9999999999999201
2007-09-07,1.0,9.400996389664072e-82,4.486416230260808e-20,0.0,0,0.0,macro_tightening,4.486416230260808e-20,9.400996389664072e-82,1.0,0.0,1.0
2007-09-14,0.9999999999999929,4.831615442278424e-98,7.11426943071888e-15,0.0,0,7.105427357601002e-15,macro_tightening,7.11426943071888e-15,4.831615442278424e-98,0.9999999999999929,0.0,0.9999999999999929
2007-09-21,1.0,5.902035877084538e-77,1.1694249317026607e-16,0.0,0,0.0,macro_tightening,1.1694249317026607e-16,5.902035877084538e-77,1.0,0.0,1.0
2007-09-28,1.0,5.257882222251032e-68,1.5774993408146293e-19,0.0,0,0.0,macro_tightening,1.5774993408146293e-19,5.257882222251032e-68,1.0,0.0,1.0
2007-10-05,1.0,1.5751128337186359e-71,1.5633085755359911e-18,0.0,0,0.0,macro_tightening,1.5633085755359911e-18,1.5751128337186359e-71,1.0,0.0,1.0
2007-10-12,1.0,3.5320716435731212e-43,3.826912978945753e-26,0.0,0,0.0,macro_tightening,3.826912978945753e-26,3.5320716435731212e-43,1.0,0.0,1.0
2007-10-19,1.0,6.561405061880411e-41,2.196193338026133e-24,0.0,0,0.0,macro_tightening,2.196193338026133e-24,6.561405061880411e-41,1.0,0.0,1.0
2007-10-26,1.0,9.937105693649092e-41,1.4233354584942502e-24,0.0,0,0.0,macro_tightening,1.4233354584942502e-24,9.937105693649092e-41,1.0,0.0,1.0
2007-11-02,1.0,4.9301329386311095e-40,1.5242458051946427e-41,0.0,0,0.0,macro_tightening,1.5242458051946427e-41,4.9301329386311095e-40,1.0,0.0,1.0
2007-11-09,1.0,1.550796462651508e-49,2.353260228087617e-25,0.0,0,0.0,macro_tightening,2.353260228087617e-25,1.550796462651508e-49,1.0,0.0,1.0
2007-11-16,1.0,1.612530345652412e-51,1.1208078267522303e-23,0.0,0,0.0,macro_tightening,1.1208078267522303e-23,1.612530345652412e-51,1.0,0.0,1.0
2007-11-23,0.9999999958425576,8.812504315228478e-41,4.1574419929630445e-09,0.0,0,4.157442390351207e-09,macro_tightening,4.1574419929630445e-09,8.812504315228478e-41,0.9999999958425576,0.0,0.9999999958425576
2007-11-30,0.9999999999950369,1.960741172282323e-52,4.962867309388954e-12,0.0,0,4.9631410092843e-12,macro_tightening,4.962867309388954e-12,1.960741172282323e-52,0.9999999999950369,0.0,0.9999999999950369
2007-12-07,1.0,1.3707718498977966e-53,7.966817611347216e-27,0.0,0,0.0,macro_tightening,7.966817611347216e-27,1.3707718498977966e-53,1.0,0.0,1.0
2007-12-14,1.0,8.451332531851697e-53,2.1686302136703577e-25,0.0,0,0.0,macro_tightening,2.1686302136703577e-25,8.451332531851697e-53,1.0,0.0,1.0
2007-12-21,0.9999999999999964,5.509304644015282e-51,3.4655767465160968e-15,0.0,0,3.552713678800501e-15,macro_tightening,3.4655767465160968e-15,5.509304644015282e-51,0.9999999999999964,0.0,0.9999999999999964
2007-12-28,0.9999999999997424,8.261146129320066e-43,2.5800966621972927e-13,0.0,0,2.575717417130363e-13,macro_tightening,2.5800966621972927e-13,8.261146129320066e-43,0.9999999999997424,0.0,0.9999999999997424
2008-01-04,5.949383038602284e-07,0.0,0.9999994050616963,0.0,2,5.94938303732917e-07,risk_off_stress,0.9999994050616963,0.0,5.949383038602284e-07,0.0,0.9999994050616963
2008-01-11,1.5299870438112194e-13,0.0,0.9999999999998472,0.0,2,1.5276668818842154e-13,risk_off_stress,0.9999999999998472,0.0,1.5299870438112194e-13,0.0,0.9999999999998472
2008-01-18,2.932152161782492e-26,0.0,1.0,0.0,2,0.0,risk_off_stress,1.0,0.0,2.932152161782492e-26,0.0,1.0
2008-01-25,3.4045376688843084e-40,0.0,1.0,0.0,2,0.0,risk_off_stress,1.0,0.0,3.4045376688843084e-40,0.0,1.0
2008-02-01,2.9293657761466683e-33,0.0,1.0,0.0,2,0.0,risk_off_stress,1.0,0.0,2.9293657761466683e-33,0.0,1.0
2008-02-08,1.3716009956085563e-41,0.0,1.0,0.0,2,0.0,risk_off_stress,1.0,0.0,1.3716009956085563e-41,0.0,1.0
2008-02-15,1.767710606668376e-51,0.0,1.0,0.0,2,0.0,risk_off_stress,1.0,0.0,1.767710606668376e-51,0.0,1.0
2008-02-22,3.3304386755384023e-54,0.0,1.0,0.0,2,0.0,risk_off_stress,1.0,0.0,3.3304386755384023e-54,0.0,1.0
2008-02-29,9.44969566134408e-55,0.0,1.0,0.0,2,0.0,risk_off_stress,1.0,0.0,9.44969566134408e-55,0.0,1.0
2008-03-07,2.6946758644363536e-81,0.0,1.0,0.0,2,0.0,risk_off_stress,1.0,0.0,2.6946758644363536e-81,0.0,1.0
2008-03-14,3.0338219474196066e-83,0.0,1.0,0.0,2,0.0,risk_off_stress,1.0,0.0,3.0338219474196066e-83,0.0,1.0
2008-03-21,2.7116640541381163e-90,0.0,1.0,0.0,2,0.0,risk_off_stress,1.0,0.0,2.7116640541381163e-90,0.0,1.0
2008-03-28,1.0018942259305018e-81,0.0,1.0,0.0,2,0.0,risk_off_stress,1.0,0.0,1.0018942259305018e-81,0.0,1.0
2008-04-04,3.306518115173912e-69,0.0,1.0,0.0,2,0.0,risk_off_stress,1.0,0.0,3.306518115173912e-69,0.0,1.0
2008-04-11,2.801058286469732e-60,0.0,1.0,0.0,2,0.0,risk_off_stress,1.0,0.0,2.801058286469732e-60,0.0,1.0
2008-04-18,8.90359910549125e-47,0.0,1.0,0.0,2,0.0,risk_off_stress,1.0,0.0,8.90359910549125e-47,0.0,1.0
2008-04-25,3.210843113976685e-28,0.0,1.0,0.0,2,0.0,risk_off_stress,1.0,0.0,3.210843113976685e-28,0.0,1.0
2008-05-02,1.0,0.0,1.1994474172828107e-49,4.102907534906532e-125,0,0.0,macro_tightening,1.1994474172828107e-49,0.0,1.0,4.102907534906532e-125,1.0
2008-05-09,1.0,0.0,1.6486650721455541e-43,2.3328946399381677e-168,0,0.0,macro_tightening,1.6486650721455541e-43,0.0,1.0,2.3328946399381677e-168,1.0
2008-05-16,1.0,0.0,3.72546723564642e-40,1.03444068504448e-151,0,0.0,macro_tightening,3.72546723564642e-40,0.0,1.0,1.03444068504448e-151,1.0
2008-05-23,1.0,0.0,3.492825421731964e-36,1.2426715233420443e-134,0,0.0,macro_tightening,3.492825421731964e-36,0.0,1.0,1.2426715233420443e-134,1.0
2008-05-30,1.0,0.0,9.31643618661407e-31,1.786593245886289e-54,0,0.0,macro_tightening,9.31643618661407e-31,0.0,1.0,1.786593245886289e-54,1.0
2008-06-06,2.08629956912179e-28,0.0,1.3123277523503672e-25,1.0,3,0.0,fragile_growth,1.3123277523503672e-25,0.0,2.08629956912179e-28,1.0,1.0
2008-06-13,1.713836922989316e-32,0.0,1.0,4.810580741934469e-97,2,0.0,risk_off_stress,1.0,0.0,1.713836922989316e-32,4.810580741934469e-97,1.0
2008-06-20,8.798866571670778e-34,0.0,1.0,9.470683832327822e-188,2,0.0,risk_off_stress,1.0,0.0,8.798866571670778e-34,9.470683832327822e-188,1.0
2008-06-27,5.130218421094235e-37,0.0,1.0,0.0,2,0.0,risk_off_stress,1.0,0.0,5.130218421094235e-37,0.0,1.0
2008-07-04,2.1902937306660847e-39,0.0,1.0,0.0,2,0.0,risk_off_stress,1.0,0.0,2.1902937306660847e-39,0.0,1.0
2008-07-11,1.454675773342172e-35,0.0,1.0,1.506325667860908e-262,2,0.0,risk_off_stress,1.0,0.0,1.454675773342172e-35,1.506325667860908e-262,1.0
2008-07-18,4.3495158866371346e-35,0.0,1.0,5.523106248159296e-212,2,0.0,risk_off_stress,1.0,0.0,4.3495158866371346e-35,5.523106248159296e-212,1.0
2008-07-25,3.154772030048647e-28,0.0,1.0,8.005093945508632e-235,2,0.0,risk_off_stress,1.0,0.0,3.154772030048647e-28,8.005093945508632e-235,1.0
2008-08-01,5.481461378401601e-63,0.0,1.0,2.0478801677270653e-225,2,0.0,risk_off_stress,1.0,0.0,5.481461378401601e-63,2.0478801677270653e-225,1.0
2008-08-08,4.521537144042664e-62,0.0,1.0,4.0553726701793575e-250,2,0.0,risk_off_stress,1.0,0.0,4.521537144042664e-62,4.0553726701793575e-250,1.0
2008-08-15,2.4227721120357107e-68,0.0,1.0,0.0,2,0.0,risk_off_stress,1.0,0.0,2.4227721120357107e-68,0.0,1.0
2008-08-22,1.5832874537114985e-63,0.0,1.0,0.0,2,0.0,risk_off_stress,1.0,0.0,1.5832874537114985e-63,0.0,1.0
2008-08-29,2.6512858198772524e-71,0.0,1.0,6.548413e-317,2,0.0,risk_off_stress,1.0,0.0,2.6512858198772524e-71,6.548413e-317,1.0
2008-09-05,1.6750307265606026e-97,0.0,1.0,0.0,2,0.0,risk_off_stress,1.0,0.0,1.6750307265606026e-97,0.0,1.0
2008-09-12,4.601641938522396e-98,0.0,1.0,0.0,2,0.0,risk_off_stress,1.0,0.0,4.601641938522396e-98,0.0,1.0
2008-09-19,2.1002791183539e-141,0.0,1.0,0.0,2,0.0,risk_off_stress,1.0,0.0,2.1002791183539e-141,0.0,1.0
2008-09-26,2.5120225764471674e-167,0.0,1.0,0.0,2,0.0,risk_off_stress,1.0,0.0,2.5120225764471674e-167,0.0,1.0
2008-10-03,9.47647910720014e-196,0.0,1.0,0.0,2,0.0,risk_off_stress,1.0,0.0,9.47647910720014e-196,0.0,1.0
2008-10-10,0.0,0.0,1.0,0.0,2,0.0,risk_off_stress,1.0,0.0,0.0,0.0,1.0
2008-10-17,0.0,0.0,1.0,0.0,2,0.0,risk_off_stress,1.0,0.0,0.0,0.0,1.0
2008-10-24,0.0,0.0,1.0,0.0,2,0.0,risk_off_stress,1.0,0.0,0.0,0.0,1.0
2008-10-31,0.0,0.0,1.0,0.0,2,0.0,risk_off_stress,1.0,0.0,0.0,0.0,1.0
2008-11-07,0.0,0.0,1.0,0.0,2,0.0,risk_off_stress,1.0,0.0,0.0,0.0,1.0
2008-11-14,0.0,0.0,1.0,0.0,2,0.0,risk_off_stress,1.0,0.0,0.0,0.0,1.0
2008-11-21,0.0,0.0,1.0,0.0,2,0.0,risk_off_stress,1.0,0.0,0.0,0.0,1.0
2008-11-28,0.0,0.0,1.0,0.0,2,0.0,risk_off_stress,1.0,0.0,0.0,0.0,1.0
2008-12-05,0.0,0.0,1.0,0.0,2,0.0,risk_off_stress,1.0,0.0,0.0,0.0,1.0
2008-12-12,0.0,0.0,1.0,0.0,2,0.0,risk_off_stress,1.0,0.0,0.0,0.0,1.0
2008-12-19,0.0,0.0,1.0,0.0,2,0.0,risk_off_stress,1.0,0.0,0.0,0.0,1.0
2008-12-26,0.0,0.0,1.0,0.0,2,0.0,risk_off_stress,1.0,0.0,0.0,0.0,1.0
2009-01-02,0.0,0.0,1.0,3.3304658871504898e-301,2,0.0,risk_off_stress,1.0,0.0,0.0,3.3304658871504898e-301,1.0
2009-01-09,0.0,0.0,2.0130455640596623e-231,1.0,3,0.0,fragile_growth,2.0130455640596623e-231,0.0,0.0,1.0,1.0
2009-01-16,0.0,0.0,8.979997474252058e-108,1.0,3,0.0,fragile_growth,8.979997474252058e-108,0.0,0.0,1.0,1.0
2009-01-23,0.0,0.0,9.421976700359112e-98,1.0,3,0.0,fragile_growth,9.421976700359112e-98,0.0,0.0,1.0,1.0
2009-01-30,0.0,0.0,4.3916345924370244e-73,1.0,3,0.0,fragile_growth,4.3916345924370244e-73,0.0,0.0,1.0,1.0
2009-02-06,0.0,0.0,4.870974458721185e-80,1.0,3,0.0,fragile_growth,4.870974458721185e-80,0.0,0.0,1.0,1.0
2009-02-13,0.0,0.0,2.698287123168906e-91,1.0,3,0.0,fragile_growth,2.698287123168906e-91,0.0,0.0,1.0,1.0
2009-02-20,0.0,0.0,1.3062543994377329e-128,1.0,3,0.0,fragile_growth,1.3062543994377329e-128,0.0,0.0,1.0,1.0
2009-02-27,0.0,0.0,8.046123445421271e-116,1.0,3,0.0,fragile_growth,8.046123445421271e-116,0.0,0.0,1.0,1.0
2009-03-06,0.0,0.0,1.0,1.6118811454648837e-42,2,0.0,risk_off_stress,1.0,0.0,0.0,1.6118811454648837e-42,1.0
2009-03-13,0.0,0.0,2.2791893428863764e-46,1.0,3,0.0,fragile_growth,2.2791893428863764e-46,0.0,0.0,1.0,1.0
2009-03-20,0.0,0.0,1.1549884979088418e-73,1.0,3,0.0,fragile_growth,1.1549884979088418e-73,0.0,0.0,1.0,1.0
2009-03-27,0.0,0.0,5.107113985784577e-91,1.0,3,0.0,fragile_growth,5.107113985784577e-91,0.0,0.0,1.0,1.0
2009-04-03,0.0,0.0,7.999281655727926e-118,1.0,3,0.0,fragile_growth,7.999281655727926e-118,0.0,0.0,1.0,1.0
2009-04-10,0.0,0.0,7.379748349371438e-120,1.0,3,0.0,fragile_growth,7.379748349371438e-120,0.0,0.0,1.0,1.0
2009-04-17,0.0,0.0,2.5367184748122344e-114,1.0,3,0.0,fragile_growth,2.5367184748122344e-114,0.0,0.0,1.0,1.0
2009-04-24,0.0,0.0,7.345708850220525e-151,1.0,3,0.0,fragile_growth,7.345708850220525e-151,0.0,0.0,1.0,1.0
2009-05-01,0.0,0.0,5.445042883014673e-136,1.0,3,0.0,fragile_growth,5.445042883014673e-136,0.0,0.0,1.0,1.0
2009-05-08,0.0,0.0,0.0,1.0,3,0.0,fragile_growth,0.0,0.0,0.0,1.0,1.0
2009-05-15,0.0,0.0,0.0,1.0,3,0.0,fragile_growth,0.0,0.0,0.0,1.0,1.0
2009-05-22,0.0,0.0,0.0,1.0,3,0.0,fragile_growth,0.0,0.0,0.0,1.0,1.0
2009-05-29,0.0,0.0,0.0,1.0,3,0.0,fragile_growth,0.0,0.0,0.0,1.0,1.0
2009-06-05,0.0,0.0,0.0,1.0,3,0.0,fragile_growth,0.0,0.0,0.0,1.0,1.0
2009-06-12,0.0,0.0,0.0,1.0,3,0.0,fragile_growth,0.0,0.0,0.0,1.0,1.0
2009-06-19,0.0,0.0,0.0,1.0,3,0.0,fragile_growth,0.0,0.0,0.0,1.0,1.0
2009-06-26,0.0,0.0,0.0,1.0,3,0.0,fragile_growth,0.0,0.0,0.0,1.0,1.0
2009-07-03,0.0,0.0,0.0,1.0,3,0.0,fragile_growth,0.0,0.0,0.0,1.0,1.0
2009-07-10,0.0,0.0,0.0,1.0,3,0.0,fragile_growth,0.0,0.0,0.0,1.0,1.0
2009-07-17,0.0,0.0,0.0,1.0,3,0.0,fragile_growth,0.0,0.0,0.0,1.0,1.0
2009-07-24,0.0,0.0,0.0,1.0,3,0.0,fragile_growth,0.0,0.0,0.0,1.0,1.0
2009-07-31,0.0,0.0,0.0,1.0,3,0.0,fragile_growth,0.0,0.0,0.0,1.0,1.0
2009-08-07,0.0,0.0,0.0,1.0,3,0.0,fragile_growth,0.0,0.0,0.0,1.0,1.0
2009-08-14,0.0,0.0,0.0,1.0,3,0.0,fragile_growth,0.0,0.0,0.0,1.0,1.0
2009-08-21,0.0,0.0,0.0,1.0,3,0.0,fragile_growth,0.0,0.0,0.0,1.0,1.0
2009-08-28,0.0,0.0,0.0,1.0,3,0.0,fragile_growth,0.0,0.0,0.0,1.0,1.0
2009-09-04,0.0,0.0,0.0,1.0,3,0.0,fragile_growth,0.0,0.0,0.0,1.0,1.0
2009-09-11,0.0,6.259172009644526e-178,0.0,1.0,3,0.0,fragile_growth,0.0,6.259172009644526e-178,0.0,1.0,1.0
2009-09-18,0.0,3.498923955922576e-66,0.0,1.0,3,0.0,fragile_growth,0.0,3.498923955922576e-66,0.0,1.0,1.0
2009-09-25,0.0,5.265574812001248e-55,0.0,1.0,3,0.0,fragile_growth,0.0,5.265574812001248e-55,0.0,1.0,1.0
2009-10-02,0.0,2.055080466024058e-46,0.0,1.0,3,0.0,fragile_growth,0.0,2.055080466024058e-46,0.0,1.0,1.0
2009-10-09,0.0,6.835328963342331e-37,0.0,1.0,3,0.0,fragile_growth,0.0,6.835328963342331e-37,0.0,1.0,1.0
2009-10-16,0.0,3.4508495248746793e-37,0.0,1.0,3,0.0,fragile_growth,0.0,3.4508495248746793e-37,0.0,1.0,1.0
2009-10-23,0.0,4.9105706835131074e-32,0.0,1.0,3,0.0,fragile_growth,0.0,4.9105706835131074e-32,0.0,1.0,1.0
2009-10-30,0.0,1.0,0.0,5.050402847357959e-49,1,0.0,risk_on_growth,0.0,1.0,0.0,5.050402847357959e-49,1.0
2009-11-06,0.0,1.0,0.0,6.340010685900408e-179,1,0.0,risk_on_growth,0.0,1.0,0.0,6.340010685900408e-179,1.0
2009-11-13,0.0,1.0,0.0,5.7708096680685013e-185,1,0.0,risk_on_growth,0.0,1.0,0.0,5.7708096680685013e-185,1.0
2009-11-20,0.0,1.0,0.0,6.370790373562002e-168,1,0.0,risk_on_growth,0.0,1.0,0.0,6.370790373562002e-168,1.0
2009-11-27,0.0,1.0,0.0,1.1539669173681873e-234,1,0.0,risk_on_growth,0.0,1.0,0.0,1.1539669173681873e-234,1.0
2009-12-04,0.0,1.0,0.0,0.0,1,0.0,risk_on_growth,0.0,1.0,0.0,0.0,1.0
2009-12-11,0.0,1.0,0.0,0.0,1,0.0,risk_on_growth,0.0,1.0,0.0,0.0,1.0
2009-12-18,0.0,1.0,0.0,0.0,1,0.0,risk_on_growth,0.0,1.0,0.0,0.0,1.0
2009-12-25,0.0,1.0,0.0,0.0,1,0.0,risk_on_growth,0.0,1.0,0.0,0.0,1.0
2010-01-01,0.0,1.0,0.0,0.0,1,0.0,risk_on_growth,0.0,1.0,0.0,0.0,1.0
2010-01-08,0.0,1.0,0.0,0.0,1,0.0,risk_on_growth,0.0,1.0,0.0,0.0,1.0
2010-01-15,0.0,1.0,0.0,0.0,1,0.0,risk_on_growth,0.0,1.0,0.0,0.0,1.0
2010-01-22,0.0,1.0,0.0,0.0,1,0.0,risk_on_growth,0.0,1.0,0.0,0.0,1.0
2010-01-29,0.0,1.0,0.0,0.0,1,0.0,risk_on_growth,0.0,1.0,0.0,0.0,1.0
2010-02-05,0.0,1.0,0.0,0.0,1,0.0,risk_on_growth,0.0,1.0,0.0,0.0,1.0
2010-02-12,0.0,1.0,0.0,0.0,1,0.0,risk_on_growth,0.0,1.0,0.0,0.0,1.0
2010-02-19,0.0,1.0,0.0,0.0,1,0.0,risk_on_growth,0.0,1.0,0.0,0.0,1.0
2010-02-26,0.0,1.0,0.0,0.0,1,0.0,risk_on_growth,0.0,1.0,0.0,0.0,1.0
2010-03-05,0.0,1.0,4.746615117390505e-147,0.0,1,0.0,risk_on_growth,4.746615117390505e-147,1.0,0.0,0.0,1.0
2010-03-12,0.0,1.0,1.4774898108948738e-159,0.0,1,0.0,risk_on_growth,1.4774898108948738e-159,1.0,0.0,0.0,1.0
2010-03-19,0.0,1.0,3.66805615530034e-164,0.0,1,0.0,risk_on_growth,3.66805615530034e-164,1.0,0.0,0.0,1.0
2010-03-26,0.0,1.0,6.3838802621843716e-167,0.0,1,0.0,risk_on_growth,6.3838802621843716e-167,1.0,0.0,0.0,1.0
2010-04-02,0.0,1.0,1.917128543998965e-137,0.0,1,0.0,risk_on_growth,1.917128543998965e-137,1.0,0.0,0.0,1.0
2010-04-09,0.0,1.0,3.1012655517965305e-117,0.0,1,0.0,risk_on_growth,3.1012655517965305e-117,1.0,0.0,0.0,1.0
2010-04-16,0.0,1.0,3.232265046312986e-116,0.0,1,0.0,risk_on_growth,3.232265046312986e-116,1.0,0.0,0.0,1.0
2010-04-23,0.0,1.0,4.5437368441067406e-102,0.0,1,0.0,risk_on_growth,4.5437368441067406e-102,1.0,0.0,0.0,1.0
2010-04-30,0.0,1.0,3.467317194124536e-94,0.0,1,0.0,risk_on_growth,3.467317194124536e-94,1.0,0.0,0.0,1.0
2010-05-07,2.8838765066213887e-255,5.524000118996361e-33,1.0,0.0,2,0.0,risk_off_stress,1.0,5.524000118996361e-33,2.8838765066213887e-255,0.0,1.0
2010-05-14,8.606461881451376e-260,1.5874439143013292e-21,1.0,1.846869866981922e-308,2,0.0,risk_off_stress,1.0,1.5874439143013292e-21,8.606461881451376e-260,1.846869866981922e-308,1.0
2010-05-21,7.061821278219724e-257,8.341954505457813e-36,1.0,0.0,2,0.0,risk_off_stress,1.0,8.341954505457813e-36,7.061821278219724e-257,0.0,1.0
2010-05-28,7.355569405837607e-250,1.7437218070807803e-31,1.0,0.0,2,0.0,risk_off_stress,1.0,1.7437218070807803e-31,7.355569405837607e-250,0.0,1.0
2010-06-04,4.135785068486232e-155,9.302664333295109e-49,1.0,0.0,2,0.0,risk_off_stress,1.0,9.302664333295109e-49,4.135785068486232e-155,0.0,1.0
2010-06-11,1.48325811551263e-150,2.713687085290743e-49,1.0,0.0,2,0.0,risk_off_stress,1.0,2.713687085290743e-49,1.48325811551263e-150,0.0,1.0
2010-06-18,2.410282662307301e-161,1.0852924107830418e-62,1.0,0.0,2,0.0,risk_off_stress,1.0,1.0852924107830418e-62,2.410282662307301e-161,0.0,1.0
2010-06-25,2.420171402527484e-157,3.6915849086642696e-66,1.0,0.0,2,0.0,risk_off_stress,1.0,3.6915849086642696e-66,2.420171402527484e-157,0.0,1.0
2010-07-02,7.518886378673436e-82,0.0,1.0,0.0,2,0.0,risk_off_stress,1.0,0.0,7.518886378673436e-82,0.0,1.0
2010-07-09,4.419838558129645e-78,0.0,1.0,0.0,2,0.0,risk_off_stress,1.0,0.0,4.419838558129645e-78,0.0,1.0
2010-07-16,2.730512965214251e-78,0.0,1.0,0.0,2,0.0,risk_off_stress,1.0,0.0,2.730512965214251e-78,0.0,1.0
2010-07-23,1.551267125848934e-75,1.722354910449513e-70,1.0,0.0,2,0.0,risk_off_stress,1.0,1.722354910449513e-70,1.551267125848934e-75,0.0,1.0
2010-07-30,4.925115820607194e-67,0.0,1.0,0.0,2,0.0,risk_off_stress,1.0,0.0,4.925115820607194e-67,0.0,1.0
2010-08-06,1.0,0.0,9.302858437214761e-54,0.0,0,0.0,macro_tightening,9.302858437214761e-54,0.0,1.0,0.0,1.0
2010-08-13,1.0,0.0,1.6429365086085588e-44,0.0,0,0.0,macro_tightening,1.6429365086085588e-44,0.0,1.0,0.0,1.0
2010-08-20,1.0,0.0,5.8794435027425085e-49,0.0,0,0.0,macro_tightening,5.8794435027425085e-49,0.0,1.0,0.0,1.0
2010-08-27,1.0,0.0,1.3258770744623563e-42,0.0,0,0.0,macro_tightening,1.3258770744623563e-42,0.0,1.0,0.0,1.0
2010-09-03,1.0,0.0,4.4380635992933856e-58,0.0,0,0.0,macro_tightening,4.4380635992933856e-58,0.0,1.0,0.0,1.0
2010-09-10,1.0,0.0,7.381491197416963e-55,0.0,0,0.0,macro_tightening,7.381491197416963e-55,0.0,1.0,0.0,1.0
2010-09-17,1.0,2.802235907368333e-181,1.2869168178657329e-58,0.0,0,0.0,macro_tightening,1.2869168178657329e-58,2.802235907368333e-181,1.0,0.0,1.0
2010-09-24,1.0,1.0756041802268964e-55,1.179448416615434e-73,0.0,0,0.0,macro_tightening,1.179448416615434e-73,1.0756041802268964e-55,1.0,0.0,1.0
2010-10-01,1.0,1.442419313007039e-53,3.3057137807329146e-91,0.0,0,0.0,macro_tightening,3.3057137807329146e-91,1.442419313007039e-53,1.0,0.0,1.0
2010-10-08,1.0,3.271518971139615e-55,7.524102409639303e-98,0.0,0,0.0,macro_tightening,7.524102409639303e-98,3.271518971139615e-55,1.0,0.0,1.0
2010-10-15,1.0,8.966532453893153e-44,6.206381653845795e-93,0.0,0,0.0,macro_tightening,6.206381653845795e-93,8.966532453893153e-44,1.0,0.0,1.0
2010-10-22,1.0,2.2422191430087546e-34,8.553534069687796e-95,0.0,0,0.0,macro_tightening,8.553534069687796e-95,2.2422191430087546e-34,1.0,0.0,1.0
2010-10-29,1.0,7.774294837603787e-33,1.7953543971424204e-83,0.0,0,0.0,macro_tightening,1.7953543971424204e-83,7.774294837603787e-33,1.0,0.0,1.0
2010-11-05,1.0,3.0412398027532384e-25,1.8896560112512326e-58,0.0,0,0.0,macro_tightening,1.8896560112512326e-58,3.0412398027532384e-25,1.0,0.0,1.0
2010-11-12,1.0,6.722177731357605e-20,4.680417931005042e-72,0.0,0,0.0,macro_tightening,4.680417931005042e-72,6.722177731357605e-20,1.0,0.0,1.0
2010-11-19,1.0,2.295322319588607e-20,3.62811326715789e-57,0.0,0,0.0,macro_tightening,3.62811326715789e-57,2.295322319588607e-20,1.0,0.0,1.0
2010-11-26,0.9999999999999662,3.299134317839387e-14,1.2135180122254119e-61,0.0,0,3.375077994860476e-14,macro_tightening,1.2135180122254119e-61,3.299134317839387e-14,0.9999999999999662,0.0,0.9999999999999662
2010-12-03,0.9999999999794795,2.052122278486518e-11,5.118918799406181e-50,0.0,0,2.0520474208751693e-11,macro_tightening,5.118918799406181e-50,2.052122278486518e-11,0.9999999999794795,0.0,0.9999999999794795
2010-12-10,0.0012319147391609334,0.9987680852608394,1.31811045087381e-50,0.0,1,0.0012319147391606222,risk_on_growth,1.31811045087381e-50,0.9987680852608394,0.0012319147391609334,0.0,0.9987680852608394
2010-12-17,0.00019977737418248116,0.9998002226258178,1.8085972933992012e-47,0.0,1,0.00019977737418219732,risk_on_growth,1.8085972933992012e-47,0.9998002226258178,0.00019977737418248116,0.0,0.9998002226258178
2010-12-24,1.4425935054597912e-11,0.999999999985574,2.969255616064783e-51,0.0,1,1.4426015937374359e-11,risk_on_growth,2.969255616064783e-51,0.999999999985574,1.4425935054597912e-11,0.0,0.999999999985574
2010-12-31,1.8919121810185286e-11,0.9999999999810809,2.255770604722498e-62,0.0,1,1.8919088518032368e-11,risk_on_growth,2.255770604722498e-62,0.9999999999810809,1.8919121810185286e-11,0.0,0.9999999999810809
2011-01-07,1.6448928350600907e-23,1.0,8.544513158375728e-49,0.0,1,0.0,risk_on_growth,8.544513158375728e-49,1.0,1.6448928350600907e-23,0.0,1.0
2011-01-14,3.7849214573489933e-26,1.0,8.023046278115504e-61,0.0,1,0.0,risk_on_growth,8.023046278115504e-61,1.0,3.7849214573489933e-26,0.0,1.0
2011-01-21,1.4280738196908795e-30,1.0,8.352805084509029e-61,0.0,1,0.0,risk_on_growth,8.352805084509029e-61,1.0,1.4280738196908795e-30,0.0,1.0
2011-01-28,1.4871673142989383e-29,1.0,9.434520619986372e-50,0.0,1,0.0,risk_on_growth,9.434520619986372e-50,1.0,1.4871673142989383e-29,0.0,1.0
2011-02-04,3.5128724339229346e-33,1.0,4.2504614399507923e-85,0.0,1,0.0,risk_on_growth,4.2504614399507923e-85,1.0,3.5128724339229346e-33,0.0,1.0
2011-02-11,7.752263672606039e-28,1.0,1.8850185697147851e-93,0.0,1,0.0,risk_on_growth,1.8850185697147851e-93,1.0,7.752263672606039e-28,0.0,1.0
2011-02-18,1.0619037235556638e-23,1.0,1.876272602698973e-82,0.0,1,0.0,risk_on_growth,1.876272602698973e-82,1.0,1.0619037235556638e-23,0.0,1.0
2011-02-25,5.8172362100825e-19,1.0,2.6051496123594263e-66,0.0,1,0.0,risk_on_growth,2.6051496123594263e-66,1.0,5.8172362100825e-19,0.0,1.0
2011-03-04,8.902034072841875e-25,1.0,9.179029994955122e-49,0.0,1,0.0,risk_on_growth,9.179029994955122e-49,1.0,8.902034072841875e-25,0.0,1.0
2011-03-11,2.279112130362672e-22,1.0,1.4496696360591665e-33,0.0,1,0.0,risk_on_growth,1.4496696360591665e-33,1.0,2.279112130362672e-22,0.0,1.0
2011-03-18,4.624094398569077e-22,1.0,9.521777690254431e-25,0.0,1,0.0,risk_on_growth,9.521777690254431e-25,1.0,4.624094398569077e-22,0.0,1.0
2011-03-25,3.0807113015843635e-21,1.0,3.0312481048686733e-34,0.0,1,0.0,risk_on_growth,3.0312481048686733e-34,1.0,3.0807113015843635e-21,0.0,1.0
2011-04-01,1.3385366667532012e-15,0.9999999999999982,7.843460245287629e-31,0.0,1,1.7763568394002505e-15,risk_on_growth,7.843460245287629e-31,0.9999999999999982,1.3385366667532012e-15,0.0,0.9999999999999982
2011-04-08,4.530667278338271e-15,0.9999999999999947,3.151669011833293e-30,0.0,1,5.329070518200751e-15,risk_on_growth,3.151669011833293e-30,0.9999999999999947,4.530667278338271e-15,0.0,0.9999999999999947
2011-04-15,4.2684626313755975e-11,0.999999999957315,5.223219850718503e-25,0.0,1,4.268496667236832e-11,risk_on_growth,5.223219850718503e-25,0.999999999957315,4.2684626313755975e-11,0.0,0.999999999957315
2011-04-22,1.2750800422910189e-12,0.9999999999987246,9.143320711293672e-26,0.0,1,1.2754242106893798e-12,risk_on_growth,9.143320711293672e-26,0.9999999999987246,1.2750800422910189e-12,0.0,0.9999999999987246
2011-04-29,4.279170462031006e-19,1.0,8.849249777975192e-31,0.0,1,0.0,risk_on_growth,8.849249777975192e-31,1.0,4.279170462031006e-19,0.0,1.0
2011-05-06,3.9221455729752365e-16,1.0,8.051827515969054e-34,0.0,1,0.0,risk_on_growth,8.051827515969054e-34,1.0,3.9221455729752365e-16,0.0,1.0
2011-05-13,2.22197945530825e-15,0.9999999999999982,5.583099752221351e-34,0.0,1,1.7763568394002505e-15,risk_on_growth,5.583099752221351e-34,0.9999999999999982,2.22197945530825e-15,0.0,0.9999999999999982
2011-05-20,5.809351195301024e-13,0.9999999999994191,2.7397195079540128e-30,0.0,1,5.808686864838819e-13,risk_on_growth,2.7397195079540128e-30,0.9999999999994191,5.809351195301024e-13,0.0,0.9999999999994191
2011-05-27,1.0469455505043551e-05,0.9999895305444949,2.1961584405519798e-26,0.0,1,1.0469455505091041e-05,risk_on_growth,2.1961584405519798e-26,0.9999895305444949,1.0469455505043551e-05,0.0,0.9999895305444949
2011-06-03,3.1574687298975296e-10,0.9999999996842532,1.0635002969625444e-35,0.0,1,3.1574676206957975e-10,risk_on_growth,1.0635002969625444e-35,0.9999999996842532,3.1574687298975296e-10,0.0,0.9999999996842532
2011-06-10,0.9999999999999893,0.0,1.0603448821578207e-14,0.0,0,1.0658141036401503e-14,macro_tightening,1.0603448821578207e-14,0.0,0.9999999999999893,0.0,0.9999999999999893
2011-06-17,1.0,0.0,2.7467793722954082e-17,0.0,0,0.0,macro_tightening,2.7467793722954082e-17,0.0,1.0,0.0,1.0
2011-06-24,1.0,0.0,1.58209059050597e-26,0.0,0,0.0,macro_tightening,1.58209059050597e-26,0.0,1.0,0.0,1.0
2011-07-01,2.656372288192331e-14,0.9999999999999735,1.0656843081798906e-20,0.0,1,2.653433028854124e-14,risk_on_growth,1.0656843081798906e-20,0.9999999999999735,2.656372288192331e-14,0.0,0.9999999999999735
2011-07-08,8.376726245257193e-07,0.9999991623273754,3.9700591801124354e-17,0.0,1,8.3767262459844e-07,risk_on_growth,3.9700591801124354e-17,0.9999991623273754,8.376726245257193e-07,0.0,0.9999991623273754
2011-07-15,4.588268282976154e-08,0.9999999541173171,1.2522479869797036e-17,0.0,1,4.5882682875308944e-08,risk_on_growth,1.2522479869797036e-17,0.9999999541173171,4.588268282976154e-08,0.0,0.9999999541173171
2011-07-22,8.986340191579947e-06,0.9999910136570368,2.77156735246005e-12,0.0,1,8.986342963201999e-06,risk_on_growth,2.77156735246005e-12,0.9999910136570368,8.986340191579947e-06,0.0,0.9999910136570368
2011-07-29,0.8846262968139639,0.022280394214794684,0.09309330897124304,0.0,0,0.11537370318603613,macro_tightening,0.09309330897124304,0.022280394214794684,0.8846262968139639,0.0,0.8846262968139639
2011-08-05,4.606529569607516e-10,0.0,0.9999999995393463,0.0,2,4.6065373737746995e-10,risk_off_stress,0.9999999995393463,0.0,4.606529569607516e-10,0.0,0.9999999995393463
2011-08-12,7.297969245117178e-18,0.0,1.0,0.0,2,0.0,risk_off_stress,1.0,0.0,7.297969245117178e-18,0.0,1.0
2011-08-19,3.520873595294329e-26,0.0,1.0,0.0,2,0.0,risk_off_stress,1.0,0.0,3.520873595294329e-26,0.0,1.0
2011-08-26,4.6641959012109836e-17,0.0,1.0,0.0,2,0.0,risk_off_stress,1.0,0.0,4.6641959012109836e-17,0.0,1.0
2011-09-02,2.032561247109273e-20,0.0,1.0,0.0,2,0.0,risk_off_stress,1.0,0.0,2.032561247109273e-20,0.0,1.0
2011-09-09,2.5397352903857667e-21,0.0,1.0,0.0,2,0.0,risk_off_stress,1.0,0.0,2.5397352903857667e-21,0.0,1.0
2011-09-16,1.691759669157027e-13,7.383148437913732e-49,0.9999999999998312,0.0,2,1.687538997430238e-13,risk_off_stress,0.9999999999998312,7.383148437913732e-49,1.691759669157027e-13,0.0,0.9999999999998312
2011-09-23,2.5748741220074055e-21,0.0,1.0,0.0,2,0.0,risk_off_stress,1.0,0.0,2.5748741220074055e-21,0.0,1.0
2011-09-30,4.061321554255015e-20,0.0,1.0,0.0,2,0.0,risk_off_stress,1.0,0.0,4.061321554255015e-20,0.0,1.0
2011-10-07,3.6695159309215173e-13,0.0,0.9999999999996332,0.0,2,3.668176873361517e-13,risk_off_stress,0.9999999999996332,0.0,3.6695159309215173e-13,0.0,0.9999999999996332
2011-10-14,0.9999998750900694,1.1356786055639878e-41,1.249099308652083e-07,0.0,0,1.2490993062108657e-07,macro_tightening,1.249099308652083e-07,1.1356786055639878e-41,0.9999998750900694,0.0,0.9999998750900694
2011-10-21,0.9999999999999893,1.6995704356827583e-70,1.1899955248033316e-14,0.0,0,1.0658141036401503e-14,macro_tightening,1.1899955248033316e-14,1.6995704356827583e-70,0.9999999999999893,0.0,0.9999999999999893
2011-10-28,1.0,3.0413065369815858e-37,2.980083634209847e-20,0.0,0,0.0,macro_tightening,2.980083634209847e-20,3.0413065369815858e-37,1.0,0.0,1.0
2011-11-04,1.0,3.3299305507603043e-42,2.2961200580833692e-50,0.0,0,0.0,macro_tightening,2.2961200580833692e-50,3.3299305507603043e-42,1.0,0.0,1.0
2011-11-11,1.0,5.589914352506011e-35,2.0448579490835392e-53,0.0,0,0.0,macro_tightening,2.0448579490835392e-53,5.589914352506011e-35,1.0,0.0,1.0
2011-11-18,1.0,0.0,5.052964593496977e-52,0.0,0,0.0,macro_tightening,5.052964593496977e-52,0.0,1.0,0.0,1.0
2011-11-25,1.0,0.0,5.070410701272352e-38,0.0,0,0.0,macro_tightening,5.070410701272352e-38,0.0,1.0,0.0,1.0
2011-12-02,1.0,8.4762832392621e-24,3.920721133845372e-89,0.0,0,0.0,macro_tightening,3.920721133845372e-89,8.4762832392621e-24,1.0,0.0,1.0
2011-12-09,1.0,2.027396392849347e-27,3.4704487254980106e-91,0.0,0,0.0,macro_tightening,3.4704487254980106e-91,2.027396392849347e-27,1.0,0.0,1.0
2011-12-16,1.0,0.0,2.52180926143331e-85,0.0,0,0.0,macro_tightening,2.52180926143331e-85,0.0,1.0,0.0,1.0
2011-12-23,1.0,5.044136280395088e-31,5.522460492370228e-115,0.0,0,0.0,macro_tightening,5.522460492370228e-115,5.044136280395088e-31,1.0,0.0,1.0
2011-12-30,1.0,0.0,6.170813545238771e-103,0.0,0,0.0,macro_tightening,6.170813545238771e-103,0.0,1.0,0.0,1.0
2012-01-06,1.0,6.290492979976623e-22,6.997326357201274e-129,0.0,0,0.0,macro_tightening,6.997326357201274e-129,6.290492979976623e-22,1.0,0.0,1.0
2012-01-13,1.0,7.162968776677406e-22,3.2509555369278984e-154,0.0,0,0.0,macro_tightening,3.2509555369278984e-154,7.162968776677406e-22,1.0,0.0,1.0
2012-01-20,0.9999999999999818,1.8314862361603652e-14,7.811652634947186e-140,0.0,0,1.8207657603852567e-14,macro_tightening,7.811652634947186e-140,1.8314862361603652e-14,0.9999999999999818,0.0,0.9999999999999818
2012-01-27,1.0,9.292349236533234e-23,5.870648222412966e-137,0.0,0,0.0,macro_tightening,5.870648222412966e-137,9.292349236533234e-23,1.0,0.0,1.0
2012-02-03,1.0,7.432947993208123e-22,6.808273844915188e-88,0.0,0,0.0,macro_tightening,6.808273844915188e-88,7.432947993208123e-22,1.0,0.0,1.0
2012-02-10,1.0,9.467506123802509e-19,5.174648831484582e-81,0.0,0,0.0,macro_tightening,5.174648831484582e-81,9.467506123802509e-19,1.0,0.0,1.0
2012-02-17,1.0,7.19416759788004e-18,7.46026788127386e-71,0.0,0,0.0,macro_tightening,7.46026788127386e-71,7.19416759788004e-18,1.0,0.0,1.0
2012-02-24,1.0,5.808907869133008e-22,3.470899290508675e-73,0.0,0,0.0,macro_tightening,3.470899290508675e-73,5.808907869133008e-22,1.0,0.0,1.0
2012-03-02,0.9999999955158607,4.484139237606048e-09,4.308421034754792e-89,0.0,0,4.484139282112665e-09,macro_tightening,4.308421034754792e-89,4.484139237606048e-09,0.9999999955158607,0.0,0.9999999955158607
2012-03-09,0.9999999253753266,7.462467314175034e-08,3.389369357299027e-82,0.0,0,7.46246734406597e-08,macro_tightening,3.389369357299027e-82,7.462467314175034e-08,0.9999999253753266,0.0,0.9999999253753266
2012-03-16,1.1618634989053526e-06,0.9999988381365004,3.270885825849112e-95,0.0,1,1.1618634996324317e-06,risk_on_growth,3.270885825849112e-95,0.9999988381365004,1.1618634989053526e-06,0.0,0.9999988381365004
2012-03-23,3.6509384707173324e-06,0.9999963490615291,5.013828833724746e-75,0.0,1,3.6509384708782733e-06,risk_on_growth,5.013828833724746e-75,0.9999963490615291,3.6509384707173324e-06,0.0,0.9999963490615291
2012-03-30,2.0542094263763168e-08,0.9999999794579055,7.154222658169485e-82,0.0,1,2.054209446988864e-08,risk_on_growth,7.154222658169485e-82,0.9999999794579055,2.0542094263763168e-08,0.0,0.9999999794579055
2012-04-06,7.647883252150684e-08,0.9999999235211675,1.0620002404841715e-84,0.0,1,7.647883248917964e-08,risk_on_growth,1.0620002404841715e-84,0.9999999235211675,7.647883252150684e-08,0.0,0.9999999235211675
2012-04-13,0.0003917335433727776,0.9996082664566273,1.2019462949822683e-60,0.0,1,0.0003917335433727409,risk_on_growth,1.2019462949822683e-60,0.9996082664566273,0.0003917335433727776,0.0,0.9996082664566273
2012-04-20,8.662035667683372e-08,0.9999999133796431,8.824092283077877e-53,0.0,1,8.662035688722369e-08,risk_on_growth,8.824092283077877e-53,0.9999999133796431,8.662035667683372e-08,0.0,0.9999999133796431
2012-04-27,1.0136327049103481e-11,0.9999999999898637,4.1672384055948617e-53,0.0,1,1.013633621482768e-11,risk_on_growth,4.1672384055948617e-53,0.9999999999898637,1.0136327049103481e-11,0.0,0.9999999999898637
2012-05-04,2.4429693963955667e-08,0.9999999755703061,1.0619389054232459e-40,0.0,1,2.442969393445793e-08,risk_on_growth,1.0619389054232459e-40,0.9999999755703061,2.4429693963955667e-08,0.0,0.9999999755703061
2012-05-11,3.5950883469113693e-06,0.999996404911653,5.861738129906727e-40,0.0,1,3.5950883470192707e-06,risk_on_growth,5.861738129906727e-40,0.999996404911653,3.5950883469113693e-06,0.0,0.999996404911653
2012-05-18,0.9999892760266806,1.0723973319180687e-05,1.0759037047573696e-23,0.0,0,1.0723973319359814e-05,macro_tightening,1.0759037047573696e-23,1.0723973319180687e-05,0.9999892760266806,0.0,0.9999892760266806
2012-05-25,0.9999983905919888,1.6094080113605071e-06,1.183799156728239e-26,0.0,0,1.6094080111939135e-06,macro_tightening,1.183799156728239e-26,1.6094080113605071e-06,0.9999983905919888,0.0,0.9999983905919888
2012-06-01,0.9999999999999474,5.271428987961256e-14,3.2744074462121356e-23,0.0,0,5.262457136723242e-14,macro_tightening,3.2744074462121356e-23,5.271428987961256e-14,0.9999999999999474,0.0,0.9999999999999474
2012-06-08,0.9999999999473168,5.268336343985159e-11,6.463939674661824e-23,0.0,0,5.268319114293263e-11,macro_tightening,6.463939674661824e-23,5.268336343985159e-11,0.9999999999473168,0.0,0.9999999999473168
2012-06-15,0.9999999999999998,1.2597067368007626e-16,7.920283827656068e-23,0.0,0,2.220446049250313e-16,macro_tightening,7.920283827656068e-23,1.2597067368007626e-16,0.9999999999999998,0.0,0.9999999999999998
2012-06-22,0.9999999999999791,2.0947450482898553e-14,1.1868193578529067e-20,0.0,0,2.0872192862952943e-14,macro_tightening,1.1868193578529067e-20,2.0947450482898553e-14,0.9999999999999791,0.0,0.9999999999999791
2012-06-29,1.0,1.2914315680440878e-19,4.715328886351598e-18,0.0,0,0.0,macro_tightening,4.715328886351598e-18,1.2914315680440878e-19,1.0,0.0,1.0
2012-07-06,1.0,4.2848936131331164e-19,1.425890137286264e-20,0.0,0,0.0,macro_tightening,1.425890137286264e-20,4.2848936131331164e-19,1.0,0.0,1.0
2012-07-13,0.9999999999999991,2.965444206430861e-16,4.912240952340566e-16,0.0,0,8.881784197001252e-16,macro_tightening,4.912240952340566e-16,2.965444206430861e-16,0.9999999999999991,0.0,0.9999999999999991
2012-07-20,0.9999999999999987,1.3844646471659042e-15,1.6950128412651917e-19,0.0,0,1.3322676295501878e-15,macro_tightening,1.6950128412651917e-19,1.3844646471659042e-15,0.9999999999999987,0.0,0.9999999999999987
2012-07-27,1.0,4.7286413176884045e-121,1.913599943890044e-21,0.0,0,0.0,macro_tightening,1.913599943890044e-21,4.7286413176884045e-121,1.0,0.0,1.0
2012-08-03,1.0,1.2482940305740332e-67,7.66084813666129e-20,0.0,0,0.0,macro_tightening,7.66084813666129e-20,1.2482940305740332e-67,1.0,0.0,1.0
2012-08-10,0.9999999999998139,1.8614088284276962e-13,3.0899053902240082e-24,0.0,0,1.8607337892717624e-13,macro_tightening,3.0899053902240082e-24,1.8614088284276962e-13,0.9999999999998139,0.0,0.9999999999998139
2012-08-17,0.9999087472182369,9.125278176313605e-05,9.419512711402124e-37,0.0,0,9.125278176314033e-05,macro_tightening,9.419512711402124e-37,9.125278176313605e-05,0.9999087472182369,0.0,0.9999087472182369
2012-08-24,0.029103357094210025,0.9708966429057894,8.395403501131853e-34,0.0,1,0.029103357094210636,risk_on_growth,8.395403501131853e-34,0.9708966429057894,0.029103357094210025,0.0,0.9708966429057894
2012-08-31,7.86995068365073e-06,0.9999921300493165,3.557305150776551e-50,0.0,1,7.869950683470073e-06,risk_on_growth,3.557305150776551e-50,0.9999921300493165,7.86995068365073e-06,0.0,0.9999921300493165
2012-09-07,7.872189736608349e-06,0.9999921278102635,5.150253602805183e-58,0.0,1,7.872189736524149e-06,risk_on_growth,5.150253602805183e-58,0.9999921278102635,7.872189736608349e-06,0.0,0.9999921278102635
2012-09-14,1.9227865173404775e-08,0.9999999807721347,1.920242131508698e-52,0.0,1,1.922786529995335e-08,risk_on_growth,1.920242131508698e-52,0.9999999807721347,1.9227865173404775e-08,0.0,0.9999999807721347
2012-09-21,7.856767618573317e-08,0.9999999214323245,4.4423409089039747e-60,0.0,1,7.856767547664845e-08,risk_on_growth,4.4423409089039747e-60,0.9999999214323245,7.856767618573317e-08,0.0,0.9999999214323245
2012-09-28,2.036617342389967e-06,0.9999979633826577,2.1399709177523475e-46,0.0,1,2.036617342326963e-06,risk_on_growth,2.1399709177523475e-46,0.9999979633826577,2.036617342389967e-06,0.0,0.9999979633826577
2012-10-05,1.295902900604326e-08,0.9999999870409707,1.4237299302451615e-43,0.0,1,1.2959029294101754e-08,risk_on_growth,1.4237299302451615e-43,0.9999999870409707,1.295902900604326e-08,0.0,0.9999999870409707
2012-10-12,8.261206967894338e-07,0.9999991738793033,7.184297781273402e-38,0.0,1,8.261206967397072e-07,risk_on_growth,7.184297781273402e-38,0.9999991738793033,8.261206967894338e-07,0.0,0.9999991738793033
2012-10-19,3.164374665571236e-05,0.9999683562533448,3.179774502265462e-42,0.0,1,3.164374665520775e-05,risk_on_growth,3.179774502265462e-42,0.9999683562533448,3.164374665571236e-05,0.0,0.9999683562533448
2012-10-26,1.1604739408495747e-06,0.9999988395260592,2.4995415703001974e-41,0.0,1,1.160473940831075e-06,risk_on_growth,2.4995415703001974e-41,0.9999988395260592,1.1604739408495747e-06,0.0,0.9999988395260592
2012-11-02,1.0,0.0,1.6192996763156325e-21,0.0,0,0.0,macro_tightening,1.6192996763156325e-21,0.0,1.0,0.0,1.0
2012-11-09,1.0,0.0,1.9591726986650543e-22,0.0,0,0.0,macro_tightening,1.9591726986650543e-22,0.0,1.0,0.0,1.0
2012-11-16,1.0,0.0,8.817538158091473e-17,0.0,0,0.0,macro_tightening,8.817538158091473e-17,0.0,1.0,0.0,1.0
2012-11-23,1.0,0.0,4.0861011047628615e-21,0.0,0,0.0,macro_tightening,4.0861011047628615e-21,0.0,1.0,0.0,1.0
2012-11-30,0.9999999242859252,7.571407482983388e-08,1.8872309660868987e-24,0.0,0,7.571407478756953e-08,macro_tightening,1.8872309660868987e-24,7.571407482983388e-08,0.9999999242859252,0.0,0.9999999242859252
2012-12-07,1.0,0.0,1.1867178020134674e-25,0.0,0,0.0,macro_tightening,1.1867178020134674e-25,0.0,1.0,0.0,1.0
2012-12-14,1.0,0.0,1.339577138184356e-22,0.0,0,0.0,macro_tightening,1.339577138184356e-22,0.0,1.0,0.0,1.0
2012-12-21,1.0,5.078630141787597e-30,1.0118994656955437e-28,0.0,0,0.0,macro_tightening,1.0118994656955437e-28,5.078630141787597e-30,1.0,0.0,1.0
2012-12-28,1.0,0.0,3.003649859367216e-32,0.0,0,0.0,macro_tightening,3.003649859367216e-32,0.0,1.0,0.0,1.0
2013-01-04,1.0,5.146478202072994e-154,2.4865106445303087e-43,0.0,0,0.0,macro_tightening,2.4865106445303087e-43,5.146478202072994e-154,1.0,0.0,1.0
2013-01-11,1.0,1.5909035328867107e-104,4.243269537192273e-47,0.0,0,0.0,macro_tightening,4.243269537192273e-47,1.5909035328867107e-104,1.0,0.0,1.0
2013-01-18,1.0,4.020744791726957e-105,9.2296471815575e-47,0.0,0,0.0,macro_tightening,9.2296471815575e-47,4.020744791726957e-105,1.0,0.0,1.0
2013-01-25,1.0,4.815536122679666e-106,1.4488188736877824e-51,0.0,0,0.0,macro_tightening,1.4488188736877824e-51,4.815536122679666e-106,1.0,0.0,1.0
2013-02-01,1.0,2.0672832410405958e-77,1.895598642191807e-46,0.0,0,0.0,macro_tightening,1.895598642191807e-46,2.0672832410405958e-77,1.0,0.0,1.0
2013-02-08,1.0,3.4955108462513273e-56,6.232421247433521e-63,0.0,0,0.0,macro_tightening,6.232421247433521e-63,3.4955108462513273e-56,1.0,0.0,1.0
2013-02-15,1.0,8.22616441007069e-57,8.607475659816759e-69,0.0,0,0.0,macro_tightening,8.607475659816759e-69,8.22616441007069e-57,1.0,0.0,1.0
2013-02-22,1.0,4.275386228617756e-52,4.5288588547830783e-57,0.0,0,0.0,macro_tightening,4.5288588547830783e-57,4.275386228617756e-52,1.0,0.0,1.0
2013-03-01,1.0,2.0872962963935932e-50,1.8470182045776386e-59,0.0,0,0.0,macro_tightening,1.8470182045776386e-59,2.0872962963935932e-50,1.0,0.0,1.0
2013-03-08,1.0,1.0783907242240984e-20,3.4437428741666436e-77,0.0,0,0.0,macro_tightening,3.4437428741666436e-77,1.0783907242240984e-20,1.0,0.0,1.0
2013-03-15,1.0,8.836772645727456e-17,7.950061265951188e-59,0.0,0,0.0,macro_tightening,7.950061265951188e-59,8.836772645727456e-17,1.0,0.0,1.0
2013-03-22,1.0,4.152804903595247e-19,1.0974921689793802e-62,0.0,0,0.0,macro_tightening,1.0974921689793802e-62,4.152804903595247e-19,1.0,0.0,1.0
2013-03-29,0.999999999996577,3.423206478492596e-12,5.9753219230930345e-64,0.0,0,3.4230396295242826e-12,macro_tightening,5.9753219230930345e-64,3.423206478492596e-12,0.999999999996577,0.0,0.999999999996577
2013-04-05,0.9999999995448439,4.551560808157354e-10,9.544274460427951e-98,0.0,0,4.551561350041311e-10,macro_tightening,9.544274460427951e-98,4.551560808157354e-10,0.9999999995448439,0.0,0.9999999995448439
2013-04-12,0.9554502888890406,0.04454971111095965,9.957329873873887e-85,0.0,0,0.0445497111109594,macro_tightening,9.957329873873887e-85,0.04454971111095965,0.9554502888890406,0.0,0.9554502888890406
2013-04-19,5.638642142563994e-05,0.9999436135785741,7.68889214368655e-67,0.0,1,5.6386421425913547e-05,risk_on_growth,7.68889214368655e-67,0.9999436135785741,5.638642142563994e-05,0.0,0.9999436135785741
2013-04-26,2.68076722521135e-05,0.999973192327748,1.0034190966581529e-65,0.0,1,2.6807672252049386e-05,risk_on_growth,1.0034190966581529e-65,0.999973192327748,2.68076722521135e-05,0.0,0.999973192327748
2013-05-03,1.839271409538394e-14,0.9999999999999816,8.859566494888771e-52,0.0,1,1.84297022087776e-14,risk_on_growth,8.859566494888771e-52,0.9999999999999816,1.839271409538394e-14,0.0,0.9999999999999816
2013-05-10,8.745744549211601e-13,0.9999999999991251,8.101650812191942e-39,0.0,1,8.748557434046234e-13,risk_on_growth,8.101650812191942e-39,0.9999999999991251,8.745744549211601e-13,0.0,0.9999999999991251
2013-05-17,1.843673390541536e-14,0.9999999999999816,6.066965226475276e-32,0.0,1,1.84297022087776e-14,risk_on_growth,6.066965226475276e-32,0.9999999999999816,1.843673390541536e-14,0.0,0.9999999999999816
2013-05-24,6.41118454147662e-13,0.9999999999993587,1.344371664200306e-35,0.0,1,6.412648190234904e-13,risk_on_growth,1.344371664200306e-35,0.9999999999993587,6.41118454147662e-13,0.0,0.9999999999993587
2013-05-31,2.5288201029059286e-14,0.9999999999999751,3.7886577588947397e-34,0.0,1,2.4868995751603507e-14,risk_on_growth,3.7886577588947397e-34,0.9999999999999751,2.5288201029059286e-14,0.0,0.9999999999999751
2013-06-07,5.851258794739224e-14,0.9999999999999414,6.659924290608696e-41,0.0,1,5.861977570020827e-14,risk_on_growth,6.659924290608696e-41,0.9999999999999414,5.851258794739224e-14,0.0,0.9999999999999414
2013-06-14,2.5502363395758468e-17,1.0,5.0031675891593775e-37,0.0,1,0.0,risk_on_growth,5.0031675891593775e-37,1.0,2.5502363395758468e-17,0.0,1.0
2013-06-21,9.270005400207516e-32,1.0,5.5518486733983645e-55,0.0,1,0.0,risk_on_growth,5.5518486733983645e-55,1.0,9.270005400207516e-32,0.0,1.0
2013-06-28,6.436829897228922e-35,1.0,9.928322663613988e-56,0.0,1,0.0,risk_on_growth,9.928322663613988e-56,1.0,6.436829897228922e-35,0.0,1.0
2013-07-05,5.840040185413004e-40,1.0,1.7387556908208298e-84,0.0,1,0.0,risk_on_growth,1.7387556908208298e-84,1.0,5.840040185413004e-40,0.0,1.0
2013-07-12,7.179750121199563e-36,1.0,2.472270144678564e-74,0.0,1,0.0,risk_on_growth,2.472270144678564e-74,1.0,7.179750121199563e-36,0.0,1.0
2013-07-19,2.465351718897953e-20,1.0,2.5335472151249622e-43,0.0,1,0.0,risk_on_growth,2.5335472151249622e-43,1.0,2.465351718897953e-20,0.0,1.0
2013-07-26,1.8428861455337026e-24,1.0,2.347074813180284e-41,0.0,1,0.0,risk_on_growth,2.347074813180284e-41,1.0,1.8428861455337026e-24,0.0,1.0
2013-08-02,3.6998254697845e-36,1.0,5.60753331828985e-47,0.0,1,0.0,risk_on_growth,5.60753331828985e-47,1.0,3.6998254697845e-36,0.0,1.0
2013-08-09,1.2701091959784755e-24,1.0,2.3049010598705457e-42,0.0,1,0.0,risk_on_growth,2.3049010598705457e-42,1.0,1.2701091959784755e-24,0.0,1.0
2013-08-16,1.559430731605661e-27,1.0,2.525989632224115e-45,0.0,1,0.0,risk_on_growth,2.525989632224115e-45,1.0,1.559430731605661e-27,0.0,1.0
2013-08-23,3.9757980020663676e-24,1.0,2.9120715036862394e-57,0.0,1,0.0,risk_on_growth,2.9120715036862394e-57,1.0,3.9757980020663676e-24,0.0,1.0
2013-08-30,1.1356046980059145e-15,0.9999999999999987,1.815511357333442e-42,0.0,1,1.3322676295501878e-15,risk_on_growth,1.815511357333442e-42,0.9999999999999987,1.1356046980059145e-15,0.0,0.9999999999999987
2013-09-06,1.56494294782036e-19,1.0,2.734431792672236e-59,0.0,1,0.0,risk_on_growth,2.734431792672236e-59,1.0,1.56494294782036e-19,0.0,1.0
2013-09-13,5.060803431686992e-20,1.0,1.487621196877571e-60,0.0,1,0.0,risk_on_growth,1.487621196877571e-60,1.0,5.060803431686992e-20,0.0,1.0
2013-09-20,7.642213338906544e-15,0.9999999999999925,1.7300424006909931e-37,0.0,1,7.549516567451064e-15,risk_on_growth,1.7300424006909931e-37,0.9999999999999925,7.642213338906544e-15,0.0,0.9999999999999925
2013-09-27,1.3300375291490086e-11,0.9999999999866995,5.416246187213667e-33,0.0,1,1.3300471835009375e-11,risk_on_growth,5.416246187213667e-33,0.9999999999866995,1.3300375291490086e-11,0.0,0.9999999999866995
2013-10-04,1.4900266397338722e-14,0.9999999999999849,6.8097509719458185e-34,0.0,1,1.509903313490213e-14,risk_on_growth,6.8097509719458185e-34,0.9999999999999849,1.4900266397338722e-14,0.0,0.9999999999999849
2013-10-11,2.400957724162911e-16,0.9999999999999996,6.873906761320656e-36,0.0,1,4.440892098500626e-16,risk_on_growth,6.873906761320656e-36,0.9999999999999996,2.400957724162911e-16,0.0,0.9999999999999996
2013-10-18,1.048314464930756e-13,0.9999999999998952,8.148888218950583e-48,0.0,1,1.0480505352461478e-13,risk_on_growth,8.148888218950583e-48,0.9999999999998952,1.048314464930756e-13,0.0,0.9999999999998952
2013-10-25,9.890152491025272e-11,0.9999999999010978,4.999940391076801e-44,0.0,1,9.890221974728775e-11,risk_on_growth,4.999940391076801e-44,0.9999999999010978,9.890152491025272e-11,0.0,0.9999999999010978
2013-11-01,8.859621674703813e-07,0.9999991140378323,1.832471092287774e-59,0.0,1,8.85962167740395e-07,risk_on_growth,1.832471092287774e-59,0.9999991140378323,8.859621674703813e-07,0.0,0.9999991140378323
2013-11-08,5.68869356271353e-08,0.9999999431130638,4.211785456907917e-58,0.0,1,5.6886936161681945e-08,risk_on_growth,4.211785456907917e-58,0.9999999431130638,5.68869356271353e-08,0.0,0.9999999431130638
2013-11-15,1.308331186399227e-10,0.9999999998691678,2.3998097131896784e-66,0.0,1,1.3083223393550725e-10,risk_on_growth,2.3998097131896784e-66,0.9999999998691678,1.308331186399227e-10,0.0,0.9999999998691678
2013-11-22,6.310026355045493e-10,0.9999999993689972,9.881321072557812e-62,0.0,1,6.310028055622752e-10,risk_on_growth,9.881321072557812e-62,0.9999999993689972,6.310026355045493e-10,0.0,0.9999999993689972
2013-11-29,4.300960767075397e-08,0.9999999569903923,3.2849717203958415e-77,0.0,1,4.3009607653132775e-08,risk_on_growth,3.2849717203958415e-77,0.9999999569903923,4.300960767075397e-08,0.0,0.9999999569903923
2013-12-06,6.21359540418566e-13,0.9999999999993783,5.3568478241340254e-58,0.0,1,6.217248937900877e-13,risk_on_growth,5.3568478241340254e-58,0.9999999999993783,6.21359540418566e-13,0.0,0.9999999999993783
2013-12-13,6.124171248383605e-13,0.9999999999993872,1.156285632217571e-48,0.0,1,6.128431095930864e-13,risk_on_growth,1.156285632217571e-48,0.9999999999993872,6.124171248383605e-13,0.0,0.9999999999993872
2013-12-20,9.166659702738941e-13,0.9999999999990834,4.1422655411117695e-45,0.0,1,9.166001291305292e-13,risk_on_growth,4.1422655411117695e-45,0.9999999999990834,9.166659702738941e-13,0.0,0.9999999999990834
2013-12-27,1.5172860009634178e-12,0.999999999998483,1.4604456361177094e-43,0.0,1,1.5170087408478139e-12,risk_on_growth,1.4604456361177094e-43,0.999999999998483,1.5172860009634178e-12,0.0,0.999999999998483
2014-01-03,1.6082330781292376e-12,0.9999999999983924,3.349437789286017e-40,0.0,1,1.6076029396572267e-12,risk_on_growth,3.349437789286017e-40,0.9999999999983924,1.6082330781292376e-12,0.0,0.9999999999983924
2014-01-10,9.900698886103531e-12,0.9999999999900986,3.742791406853396e-45,0.0,1,9.901413022816996e-12,risk_on_growth,3.742791406853396e-45,0.9999999999900986,9.900698886103531e-12,0.0,0.9999999999900986
2014-01-17,6.813399089742223e-13,0.9999999999993179,2.0160466939603946e-38,0.0,1,6.821210263296962e-13,risk_on_growth,2.0160466939603946e-38,0.9999999999993179,6.813399089742223e-13,0.0,0.9999999999993179
2014-01-24,9.501104748632046e-09,0.9999999904988943,2.19286396735435e-36,0.0,1,9.501105679987631e-09,risk_on_growth,2.19286396735435e-36,0.9999999904988943,9.501104748632046e-09,0.0,0.9999999904988943
2014-01-31,1.436463610613133e-09,0.9999999985635348,3.776337774666926e-35,0.0,1,1.4364651690357277e-09,risk_on_growth,3.776337774666926e-35,0.9999999985635348,1.436463610613133e-09,0.0,0.9999999985635348
2014-02-07,6.503276795921463e-11,0.9999999999349676,7.037263140611259e-40,0.0,1,6.503242389044317e-11,risk_on_growth,7.037263140611259e-40,0.9999999999349676,6.503276795921463e-11,0.0,0.9999999999349676
2014-02-14,4.1694896468151983e-14,0.9999999999999591,4.00374316817889e-44,0.0,1,4.085620730620576e-14,risk_on_growth,4.00374316817889e-44,0.9999999999999591,4.1694896468151983e-14,0.0,0.9999999999999591
2014-02-21,1.7475679482012645e-11,0.9999999999825242,6.547673085660874e-40,0.0,1,1.7475798586019664e-11,risk_on_growth,6.547673085660874e-40,0.9999999999825242,1.7475679482012645e-11,0.0,0.9999999999825242
2014-02-28,5.481696839772571e-09,0.9999999945183031,1.507390090634244e-33,0.0,1,5.48169687419886e-09,risk_on_growth,1.507390090634244e-33,0.9999999945183031,5.481696839772571e-09,0.0,0.9999999945183031
2014-03-07,3.173937669608978e-08,0.9999999682606232,3.810318499911969e-43,0.0,1,3.1739376793460394e-08,risk_on_growth,3.810318499911969e-43,0.9999999682606232,3.173937669608978e-08,0.0,0.9999999682606232
2014-03-14,3.778853001190685e-07,0.9999996221147004,2.414845388222521e-33,0.0,1,3.7788529960725015e-07,risk_on_growth,2.414845388222521e-33,0.9999996221147004,3.778853001190685e-07,0.0,0.9999996221147004
2014-03-21,1.85312207211467e-08,0.9999999814687792,1.558249828681337e-47,0.0,1,1.8531220780104718e-08,risk_on_growth,1.558249828681337e-47,0.9999999814687792,1.85312207211467e-08,0.0,0.9999999814687792
2014-03-28,2.94436700777691e-09,0.999999997055633,3.159938917473385e-37,0.0,1,2.9443669724571464e-09,risk_on_growth,3.159938917473385e-37,0.999999997055633,2.94436700777691e-09,0.0,0.999999997055633
2014-04-04,5.327872985274156e-11,0.9999999999467213,4.152723769480619e-32,0.0,1,5.327871477334156e-11,risk_on_growth,4.152723769480619e-32,0.9999999999467213,5.327872985274156e-11,0.0,0.9999999999467213
2014-04-11,3.944254750098685e-09,0.9999999960557453,3.22736178928807e-28,0.0,1,3.944254700627425e-09,risk_on_growth,3.22736178928807e-28,0.9999999960557453,3.944254750098685e-09,0.0,0.9999999960557453
2014-04-18,8.066354917211204e-12,0.9999999999919336,4.178639901084584e-34,0.0,1,8.066436407716537e-12,risk_on_growth,4.178639901084584e-34,0.9999999999919336,8.066354917211204e-12,0.0,0.9999999999919336
2014-04-25,4.936666908917363e-09,0.9999999950633329,2.2081716186557423e-26,0.0,1,4.936667075128298e-09,risk_on_growth,2.2081716186557423e-26,0.9999999950633329,4.936666908917363e-09,0.0,0.9999999950633329
2014-05-02,7.903260210662374e-32,1.0,7.194797502641862e-26,0.0,1,0.0,risk_on_growth,7.194797502641862e-26,1.0,7.903260210662374e-32,0.0,1.0
2014-05-09,8.249238905454905e-29,1.0,1.5050460467209602e-24,0.0,1,0.0,risk_on_growth,1.5050460467209602e-24,1.0,8.249238905454905e-29,0.0,1.0
2014-05-16,4.0758131911983406e-35,1.0,1.5293612402186146e-25,0.0,1,0.0,risk_on_growth,1.5293612402186146e-25,1.0,4.0758131911983406e-35,0.0,1.0
2014-05-23,2.427160223668547e-32,1.0,5.682847708043255e-25,0.0,1,0.0,risk_on_growth,5.682847708043255e-25,1.0,2.427160223668547e-32,0.0,1.0
2014-05-30,2.542080545667554e-27,1.0,4.385030938466489e-28,0.0,1,0.0,risk_on_growth,4.385030938466489e-28,1.0,2.542080545667554e-27,0.0,1.0
2014-06-06,1.0423550885252063e-17,1.0,2.2985028295573104e-30,0.0,1,0.0,risk_on_growth,2.2985028295573104e-30,1.0,1.0423550885252063e-17,0.0,1.0
2014-06-13,7.306578880189908e-16,1.0,2.33303141037802e-30,0.0,1,0.0,risk_on_growth,2.33303141037802e-30,1.0,7.306578880189908e-16,0.0,1.0
2014-06-20,1.0193821710924451e-18,1.0,3.867948487661237e-37,0.0,1,0.0,risk_on_growth,3.867948487661237e-37,1.0,1.0193821710924451e-18,0.0,1.0
2014-06-27,2.576823730599027e-20,1.0,3.8035044901151297e-35,0.0,1,0.0,risk_on_growth,3.8035044901151297e-35,1.0,2.576823730599027e-20,0.0,1.0
2014-07-04,1.7587313158715139e-19,1.0,1.0787805944495588e-51,0.0,1,0.0,risk_on_growth,1.0787805944495588e-51,1.0,1.7587313158715139e-19,0.0,1.0
2014-07-11,7.435927106567849e-14,0.9999999999999254,2.0344449580846146e-35,0.0,1,7.460698725481052e-14,risk_on_growth,2.0344449580846146e-35,0.9999999999999254,7.435927106567849e-14,0.0,0.9999999999999254
2014-07-18,8.595028916334005e-17,1.0,1.3780670626839207e-40,0.0,1,0.0,risk_on_growth,1.3780670626839207e-40,1.0,8.595028916334005e-17,0.0,1.0
2014-07-25,7.458774725660119e-16,0.9999999999999991,2.5365756945284893e-35,0.0,1,8.881784197001252e-16,risk_on_growth,2.5365756945284893e-35,0.9999999999999991,7.458774725660119e-16,0.0,0.9999999999999991
2014-08-01,5.746178034494455e-14,0.9999999999999432,4.849316443333179e-87,0.0,1,5.684341886080802e-14,risk_on_growth,4.849316443333179e-87,0.9999999999999432,5.746178034494455e-14,0.0,0.9999999999999432
2014-08-08,5.3410163132942745e-15,0.9999999999999947,5.575910432645239e-97,0.0,1,5.329070518200751e-15,risk_on_growth,5.575910432645239e-97,0.9999999999999947,5.3410163132942745e-15,0.0,0.9999999999999947
2014-08-15,8.674657020069001e-13,0.9999999999991331,6.5786435326619406e-102,0.0,1,8.668621376273222e-13,risk_on_growth,6.5786435326619406e-102,0.9999999999991331,8.674657020069001e-13,0.0,0.9999999999991331
2014-08-22,2.9983861260886867e-12,0.9999999999970015,7.0505210045107e-94,0.0,1,2.9984903449076228e-12,risk_on_growth,7.0505210045107e-94,0.9999999999970015,2.9983861260886867e-12,0.0,0.9999999999970015
2014-08-29,3.5899103874657973e-09,0.9999999964100894,2.606198172277634e-94,0.0,1,3.589910591017542e-09,risk_on_growth,2.606198172277634e-94,0.9999999964100894,3.5899103874657973e-09,0.0,0.9999999964100894
2014-09-05,1.0652860740400169e-12,0.9999999999989342,3.7653470672931396e-60,0.0,1,1.0658141036401503e-12,risk_on_growth,3.7653470672931396e-60,0.9999999999989342,1.0652860740400169e-12,0.0,0.9999999999989342
2014-09-12,2.9809477317656766e-13,0.9999999999997016,3.656968288280267e-61,0.0,1,2.984279490192421e-13,risk_on_growth,3.656968288280267e-61,0.9999999999997016,2.9809477317656766e-13,0.0,0.9999999999997016
2014-09-19,3.639330466601569e-11,0.999999999963606,9.421741042371294e-64,0.0,1,3.639399892563233e-11,risk_on_growth,9.421741042371294e-64,0.999999999963606,3.639330466601569e-11,0.0,0.999999999963606
2014-09-26,2.1215655903503284e-12,0.999999999997879,1.7343287371149664e-59,0.0,1,2.120970066243899e-12,risk_on_growth,1.7343287371149664e-59,0.999999999997879,2.1215655903503284e-12,0.0,0.999999999997879
2014-10-03,4.744759523542501e-11,0.9999999999525526,3.042673517739545e-47,0.0,1,4.744737935880039e-11,risk_on_growth,3.042673517739545e-47,0.9999999999525526,4.744759523542501e-11,0.0,0.9999999999525526
2014-10-10,2.1099394177575753e-06,0.9999978900605823,3.2097710138162843e-42,0.0,1,2.1099394177381825e-06,risk_on_growth,3.2097710138162843e-42,0.9999978900605823,2.1099394177575753e-06,0.0,0.9999978900605823
2014-10-17,9.832291628793852e-06,0.9999901677083711,2.4762587629098647e-41,0.0,1,9.832291628875112e-06,risk_on_growth,2.4762587629098647e-41,0.9999901677083711,9.832291628793852e-06,0.0,0.9999901677083711
2014-10-24,3.8738725988238465e-07,0.9999996126127404,1.3689192035663852e-46,0.0,1,3.8738725960385523e-07,risk_on_growth,1.3689192035663852e-46,0.9999996126127404,3.8738725988238465e-07,0.0,0.9999996126127404
2014-10-31,2.6463860067471537e-05,0.9999735361399322,3.127361960796717e-26,0.0,1,2.646386006777135e-05,risk_on_growth,3.127361960796717e-26,0.9999735361399322,2.6463860067471537e-05,0.0,0.9999735361399322
2014-11-07,0.0028448042336655798,0.9971551957663344,8.322016154554058e-26,0.0,1,0.002844804233665621,risk_on_growth,8.322016154554058e-26,0.9971551957663344,0.0028448042336655798,0.0,0.9971551957663344
2014-11-14,0.9997816030001565,0.00021839699984367683,3.535428447255286e-27,0.0,0,0.00021839699984349537,macro_tightening,3.535428447255286e-27,0.00021839699984367683,0.9997816030001565,0.0,0.9997816030001565
2014-11-21,0.9905765089984202,0.009423491001579328,4.436236006263912e-32,0.0,0,0.009423491001579798,macro_tightening,4.436236006263912e-32,0.009423491001579328,0.9905765089984202,0.0,0.9905765089984202
2014-11-28,1.7702380094694485e-06,0.9999982297619906,5.4397886044263446e-33,0.0,1,1.7702380094020143e-06,risk_on_growth,5.4397886044263446e-33,0.9999982297619906,1.7702380094694485e-06,0.0,0.9999982297619906
2014-12-05,0.9808522895808303,0.01914771041916984,3.011407864935816e-50,0.0,0,0.01914771041916974,macro_tightening,3.011407864935816e-50,0.01914771041916984,0.9808522895808303,0.0,0.9808522895808303
2014-12-12,0.9999999880636133,1.1936386648134433e-08,5.194353257920524e-34,0.0,0,1.1936386656863363e-08,macro_tightening,5.194353257920524e-34,1.1936386648134433e-08,0.9999999880636133,0.0,0.9999999880636133
2014-12-19,0.9999999933456531,6.654346782481941e-09,1.3014886685784952e-45,0.0,0,6.65434685132027e-09,macro_tightening,1.3014886685784952e-45,6.654346782481941e-09,0.9999999933456531,0.0,0.9999999933456531
2014-12-26,0.9999995505739081,4.49426091963481e-07,4.08085961970412e-56,0.0,0,4.4942609189746463e-07,macro_tightening,4.08085961970412e-56,4.49426091963481e-07,0.9999995505739081,0.0,0.9999995505739081
2015-01-02,0.9999938458109221,6.154189077780584e-06,4.004801636431634e-48,0.0,0,6.1541890779004405e-06,macro_tightening,4.004801636431634e-48,6.154189077780584e-06,0.9999938458109221,0.0,0.9999938458109221
2015-01-09,0.9999999988305279,1.1694720910973691e-09,9.135487331550489e-60,0.0,0,1.1694720747357223e-09,macro_tightening,9.135487331550489e-60,1.1694720910973691e-09,0.9999999988305279,0.0,0.9999999988305279
2015-01-16,0.9999999930225716,6.977428795357031e-09,6.272569815116378e-68,0.0,0,6.977428412824338e-09,macro_tightening,6.272569815116378e-68,6.977428795357031e-09,0.9999999930225716,0.0,0.9999999930225716
2015-01-23,0.9999412650432223,5.87349567778767e-05,1.4543857428914541e-58,0.0,0,5.873495677766183e-05,macro_tightening,1.4543857428914541e-58,5.87349567778767e-05,0.9999412650432223,0.0,0.9999412650432223
2015-01-30,0.9999963971012292,3.6028987712005322e-06,1.4311149964482977e-51,0.0,0,3.6028987707714677e-06,macro_tightening,1.4311149964482977e-51,3.6028987712005322e-06,0.9999963971012292,0.0,0.9999963971012292
2015-02-06,0.9999999985692156,1.4307842567717521e-09,1.9144655744838646e-46,0.0,0,1.4307843798633257e-09,macro_tightening,1.9144655744838646e-46,1.4307842567717521e-09,0.9999999985692156,0.0,0.9999999985692156
2015-02-13,0.9999999981352667,1.8647332929772894e-09,5.1931628812841256e-43,0.0,0,1.864733256695672e-09,macro_tightening,5.1931628812841256e-43,1.8647332929772894e-09,0.9999999981352667,0.0,0.9999999981352667
2015-02-20,0.9999999967499829,3.2500170439563676e-09,3.2009408161039144e-36,0.0,0,3.25001714429618e-09,macro_tightening,3.2009408161039144e-36,3.2500170439563676e-09,0.9999999967499829,0.0,0.9999999967499829
2015-02-27,0.999034155328094,0.0009658446719066632,3.391066713654294e-32,0.0,0,0.0009658446719059688,macro_tightening,3.391066713654294e-32,0.0009658446719066632,0.999034155328094,0.0,0.999034155328094
2015-03-06,0.9999369638546907,6.30361453093748e-05,1.460644978224072e-34,0.0,0,6.303614530933643e-05,macro_tightening,1.460644978224072e-34,6.30361453093748e-05,0.9999369638546907,0.0,0.9999369638546907
2015-03-13,0.9999845127399188,1.5487260081049778e-05,8.142414579804607e-40,0.0,0,1.5487260081159526e-05,macro_tightening,8.142414579804607e-40,1.5487260081049778e-05,0.9999845127399188,0.0,0.9999845127399188
2015-03-20,0.9999874606584813,1.2539341519058723e-05,2.2905166477780155e-39,0.0,0,1.2539341518680303e-05,macro_tightening,2.2905166477780155e-39,1.2539341519058723e-05,0.9999874606584813,0.0,0.9999874606584813
2015-03-27,0.9999458987018556,5.410129814444424e-05,7.5712530966161586e-31,0.0,0,5.410129814442666e-05,macro_tightening,7.5712530966161586e-31,5.410129814444424e-05,0.9999458987018556,0.0,0.9999458987018556
2015-04-03,0.9498844480907811,0.05011555190921913,1.4140725935797522e-28,0.0,0,0.0501155519092189,macro_tightening,1.4140725935797522e-28,0.05011555190921913,0.9498844480907811,0.0,0.9498844480907811
2015-04-10,0.01699987025838966,0.9830001297416101,1.3936493471401736e-32,0.0,1,0.016999870258389893,risk_on_growth,1.3936493471401736e-32,0.9830001297416101,0.01699987025838966,0.0,0.9830001297416101
2015-04-17,0.0011889874633978352,0.9988110125366021,7.292841203295604e-38,0.0,1,0.0011889874633979058,risk_on_growth,7.292841203295604e-38,0.9988110125366021,0.0011889874633978352,0.0,0.9988110125366021
2015-04-24,1.6371283033494024e-09,0.9999999983628722,1.3275970613631078e-32,0.0,1,1.6371277666848982e-09,risk_on_growth,1.3275970613631078e-32,0.9999999983628722,1.6371283033494024e-09,0.0,0.9999999983628722
2015-05-01,3.9739225366293793e-16,0.9999999999999996,2.990170627668605e-41,0.0,1,4.440892098500626e-16,risk_on_growth,2.990170627668605e-41,0.9999999999999996,3.9739225366293793e-16,0.0,0.9999999999999996
2015-05-08,1.4661938110694743e-15,0.9999999999999982,1.2748223867094235e-33,0.0,1,1.7763568394002505e-15,risk_on_growth,1.2748223867094235e-33,0.9999999999999982,1.4661938110694743e-15,0.0,0.9999999999999982
2015-05-15,8.513591327013395e-17,1.0,5.6953482117910355e-30,0.0,1,0.0,risk_on_growth,5.6953482117910355e-30,1.0,8.513591327013395e-17,0.0,1.0
2015-05-22,1.1234703161563444e-14,0.9999999999999888,1.3654893206505265e-32,0.0,1,1.1213252548714081e-14,risk_on_growth,1.3654893206505265e-32,0.9999999999999888,1.1234703161563444e-14,0.0,0.9999999999999888
2015-05-29,4.536578015490047e-12,0.9999999999954632,8.388798699104557e-42,0.0,1,4.53681536782824e-12,risk_on_growth,8.388798699104557e-42,0.9999999999954632,4.536578015490047e-12,0.0,0.9999999999954632
2015-06-05,1.2355515744795664e-05,0.9999876444842553,2.011205483378917e-128,0.0,1,1.2355515744744139e-05,risk_on_growth,2.011205483378917e-128,0.9999876444842553,1.2355515744795664e-05,0.0,0.9999876444842553
2015-06-12,2.48027679989916e-06,0.9999975197232002,2.223448195258168e-125,0.0,1,2.480276799832204e-06,risk_on_growth,2.223448195258168e-125,0.9999975197232002,2.48027679989916e-06,0.0,0.9999975197232002
2015-06-19,2.6192345409489444e-08,0.9999999738076543,1.6758799413345613e-126,0.0,1,2.6192345736752998e-08,risk_on_growth,1.6758799413345613e-126,0.9999999738076543,2.6192345409489444e-08,0.0,0.9999999738076543
2015-06-26,2.611337552655848e-08,0.9999999738866249,4.501351009094514e-121,0.0,1,2.61133751289222e-08,risk_on_growth,4.501351009094514e-121,0.9999999738866249,2.611337552655848e-08,0.0,0.9999999738866249
2015-07-03,3.4996679243585596e-07,0.9999996500332076,1.9897364579514e-48,0.0,1,3.4996679243448625e-07,risk_on_growth,1.9897364579514e-48,0.9999996500332076,3.4996679243585596e-07,0.0,0.9999996500332076
2015-07-10,2.4735682096901597e-08,0.9999999752643179,1.868290912206367e-46,0.0,1,2.473568205818566e-08,risk_on_growth,1.868290912206367e-46,0.9999999752643179,2.4735682096901597e-08,0.0,0.9999999752643179
2015-07-17,5.605519459125675e-06,0.999994394480541,1.419254156022839e-44,0.0,1,5.605519459050967e-06,risk_on_growth,1.419254156022839e-44,0.999994394480541,5.605519459125675e-06,0.0,0.999994394480541
2015-07-24,0.0015584676377562916,0.9984415323622436,6.694000645845042e-41,0.0,1,0.0015584676377563556,risk_on_growth,6.694000645845042e-41,0.9984415323622436,0.0015584676377562916,0.0,0.9984415323622436
2015-07-31,0.999240350688009,0.000759649311990931,2.9939839600094364e-42,0.0,0,0.0007596493119910175,macro_tightening,2.9939839600094364e-42,0.000759649311990931,0.999240350688009,0.0,0.999240350688009
2015-08-07,0.9999990526929691,9.473070308389729e-07,2.099012381609496e-79,0.0,0,9.473070309296006e-07,macro_tightening,2.099012381609496e-79,9.473070308389729e-07,0.9999990526929691,0.0,0.9999990526929691
2015-08-14,0.9999977392122797,2.2607877203376345e-06,4.75010002094898e-76,0.0,0,2.260787720254065e-06,macro_tightening,4.75010002094898e-76,2.2607877203376345e-06,0.9999977392122797,0.0,0.9999977392122797
2015-08-21,1.0,0.0,4.7930893887187957e-63,0.0,0,0.0,macro_tightening,4.7930893887187957e-63,0.0,1.0,0.0,1.0
2015-08-28,1.0,0.0,2.202213725162944e-59,0.0,0,0.0,macro_tightening,2.202213725162944e-59,0.0,1.0,0.0,1.0
2015-09-04,1.0,0.0,1.4889941381842134e-47,0.0,0,0.0,macro_tightening,1.4889941381842134e-47,0.0,1.0,0.0,1.0
2015-09-11,1.0,0.0,1.386435651482491e-51,0.0,0,0.0,macro_tightening,1.386435651482491e-51,0.0,1.0,0.0,1.0
2015-09-18,1.0,0.0,1.611420767657832e-46,0.0,0,0.0,macro_tightening,1.611420767657832e-46,0.0,1.0,0.0,1.0
2015-09-25,1.0,0.0,3.4402413410688764e-47,0.0,0,0.0,macro_tightening,3.4402413410688764e-47,0.0,1.0,0.0,1.0
2015-10-02,1.0,0.0,4.675688347008943e-36,0.0,0,0.0,macro_tightening,4.675688347008943e-36,0.0,1.0,0.0,1.0
2015-10-09,1.0,0.0,6.678383427951451e-33,0.0,0,0.0,macro_tightening,6.678383427951451e-33,0.0,1.0,0.0,1.0
2015-10-16,1.0,4.222860963268719e-27,1.7382718461061854e-32,0.0,0,0.0,macro_tightening,1.7382718461061854e-32,4.222860963268719e-27,1.0,0.0,1.0
2015-10-23,1.0,2.851442279808076e-16,3.5601049841623093e-41,0.0,0,0.0,macro_tightening,3.5601049841623093e-41,2.851442279808076e-16,1.0,0.0,1.0
2015-10-30,0.9999999999999964,3.5390686940992506e-15,1.5000637199335779e-40,0.0,0,3.552713678800501e-15,macro_tightening,1.5000637199335779e-40,3.5390686940992506e-15,0.9999999999999964,0.0,0.9999999999999964
2015-11-06,0.9999999999999716,2.8307923856904797e-14,8.931973508620128e-42,0.0,0,2.842170943040401e-14,macro_tightening,8.931973508620128e-42,2.8307923856904797e-14,0.9999999999999716,0.0,0.9999999999999716
2015-11-13,0.9999999999999982,1.8693318903126623e-15,9.982270523860625e-38,0.0,0,1.7763568394002505e-15,macro_tightening,9.982270523860625e-38,1.8693318903126623e-15,0.9999999999999982,0.0,0.9999999999999982
2015-11-20,0.9999999999999976,2.5093078041180454e-15,2.3562305176511435e-44,0.0,0,2.4424906541753444e-15,macro_tightening,2.3562305176511435e-44,2.5093078041180454e-15,0.9999999999999976,0.0,0.9999999999999976
2015-11-27,1.0,2.181482618017618e-19,6.677445067851348e-45,0.0,0,0.0,macro_tightening,6.677445067851348e-45,2.181482618017618e-19,1.0,0.0,1.0
2015-12-04,1.0,2.9589597980327485e-17,1.9769105490893337e-43,0.0,0,0.0,macro_tightening,1.9769105490893337e-43,2.9589597980327485e-17,1.0,0.0,1.0
2015-12-11,0.9999999999999467,5.316973777550872e-14,6.0921162249163625e-47,0.0,0,5.3290705182007514e-14,macro_tightening,6.0921162249163625e-47,5.316973777550872e-14,0.9999999999999467,0.0,0.9999999999999467
2015-12-18,0.9999999999989476,1.0523197587554547e-12,6.898451733769663e-49,0.0,0,1.0523804050421859e-12,macro_tightening,6.898451733769663e-49,1.0523197587554547e-12,0.9999999999989476,0.0,0.9999999999989476
2015-12-25,0.9999999999984119,1.5876624525918149e-12,9.243518359038712e-48,0.0,0,1.588063014423824e-12,macro_tightening,9.243518359038712e-48,1.5876624525918149e-12,0.9999999999984119,0.0,0.9999999999984119
2016-01-01,1.0,8.358400691489668e-17,1.67241738421575e-58,0.0,0,0.0,macro_tightening,1.67241738421575e-58,8.358400691489668e-17,1.0,0.0,1.0
2016-01-08,1.0,0.0,5.379807611255475e-71,0.0,0,0.0,macro_tightening,5.379807611255475e-71,0.0,1.0,0.0,1.0
2016-01-15,1.0,0.0,3.9094215755985683e-57,0.0,0,0.0,macro_tightening,3.9094215755985683e-57,0.0,1.0,0.0,1.0
2016-01-22,1.0,0.0,5.1891443090776084e-54,0.0,0,0.0,macro_tightening,5.1891443090776084e-54,0.0,1.0,0.0,1.0
2016-01-29,1.0,0.0,8.027708078597579e-72,0.0,0,0.0,macro_tightening,8.027708078597579e-72,0.0,1.0,0.0,1.0
2016-02-05,1.0,0.0,8.734732818643403e-57,0.0,0,0.0,macro_tightening,8.734732818643403e-57,0.0,1.0,0.0,1.0
2016-02-12,1.0,0.0,1.0413609736985244e-60,0.0,0,0.0,macro_tightening,1.0413609736985244e-60,0.0,1.0,0.0,1.0
2016-02-19,1.0,0.0,9.324280631796597e-55,0.0,0,0.0,macro_tightening,9.324280631796597e-55,0.0,1.0,0.0,1.0
2016-02-26,1.0,0.0,3.1662841712590407e-54,0.0,0,0.0,macro_tightening,3.1662841712590407e-54,0.0,1.0,0.0,1.0
2016-03-04,1.0,0.0,3.488201952659388e-70,0.0,0,0.0,macro_tightening,3.488201952659388e-70,0.0,1.0,0.0,1.0
2016-03-11,1.0,0.0,3.898538608810211e-68,0.0,0,0.0,macro_tightening,3.898538608810211e-68,0.0,1.0,0.0,1.0
2016-03-18,1.0,9.161700408039059e-59,3.3226932303714253e-77,0.0,0,0.0,macro_tightening,3.3226932303714253e-77,9.161700408039059e-59,1.0,0.0,1.0
2016-03-25,1.0,3.432128015614723e-83,6.207244169501536e-75,0.0,0,0.0,macro_tightening,6.207244169501536e-75,3.432128015614723e-83,1.0,0.0,1.0
2016-04-01,1.0,6.671658312666673e-123,4.74934739103401e-158,0.0,0,0.0,macro_tightening,4.74934739103401e-158,6.671658312666673e-123,1.0,0.0,1.0
2016-04-08,1.0,2.212480026035835e-139,3.5213017054774955e-155,0.0,0,0.0,macro_tightening,3.5213017054774955e-155,2.212480026035835e-139,1.0,0.0,1.0
2016-04-15,1.0,1.4252778463823474e-123,3.0432648635948257e-168,0.0,0,0.0,macro_tightening,3.0432648635948257e-168,1.4252778463823474e-123,1.0,0.0,1.0
2016-04-22,1.0,3.820795294923169e-127,5.773775407109002e-148,0.0,0,0.0,macro_tightening,5.773775407109002e-148,3.820795294923169e-127,1.0,0.0,1.0
2016-04-29,1.0,0.0,5.0964928695821056e-142,0.0,0,0.0,macro_tightening,5.0964928695821056e-142,0.0,1.0,0.0,1.0
2016-05-06,1.0,0.0,8.82152117882415e-161,0.0,0,0.0,macro_tightening,8.82152117882415e-161,0.0,1.0,0.0,1.0
2016-05-13,1.0,0.0,6.6100287159561636e-152,0.0,0,0.0,macro_tightening,6.6100287159561636e-152,0.0,1.0,0.0,1.0
2016-05-20,1.0,0.0,5.371097970248825e-135,0.0,0,0.0,macro_tightening,5.371097970248825e-135,0.0,1.0,0.0,1.0
2016-05-27,1.0,3.9596878980904587e-118,1.3921643221027819e-145,0.0,0,0.0,macro_tightening,1.3921643221027819e-145,3.9596878980904587e-118,1.0,0.0,1.0
2016-06-03,1.0,1.3365984778777326e-114,5.796748955340481e-127,0.0,0,0.0,macro_tightening,5.796748955340481e-127,1.3365984778777326e-114,1.0,0.0,1.0
2016-06-10,1.0,2.868649131063233e-114,6.046355716735469e-123,0.0,0,0.0,macro_tightening,6.046355716735469e-123,2.868649131063233e-114,1.0,0.0,1.0
2016-06-17,1.0,0.0,3.8655619568384567e-116,0.0,0,0.0,macro_tightening,3.8655619568384567e-116,0.0,1.0,0.0,1.0
2016-06-24,1.0,0.0,1.7868198350753042e-116,0.0,0,0.0,macro_tightening,1.7868198350753042e-116,0.0,1.0,0.0,1.0
2016-07-01,1.0,1.0129948825757308e-89,2.3365619339620685e-79,0.0,0,0.0,macro_tightening,2.3365619339620685e-79,1.0129948825757308e-89,1.0,0.0,1.0
2016-07-08,1.0,1.9236618710624918e-91,3.0678291641459584e-80,0.0,0,0.0,macro_tightening,3.0678291641459584e-80,1.9236618710624918e-91,1.0,0.0,1.0
2016-07-15,1.0,3.052347109903066e-43,1.1818466742196079e-66,0.0,0,0.0,macro_tightening,1.1818466742196079e-66,3.052347109903066e-43,1.0,0.0,1.0
2016-07-22,1.0,4.989526568733262e-17,3.273996812148539e-71,0.0,0,0.0,macro_tightening,3.273996812148539e-71,4.989526568733262e-17,1.0,0.0,1.0
2016-07-29,0.9999999979941865,2.005813469325374e-09,6.432478408629889e-78,0.0,0,2.0058135152822842e-09,macro_tightening,6.432478408629889e-78,2.005813469325374e-09,0.9999999979941865,0.0,0.9999999979941865
2016-08-05,0.9999999986834931,1.3165066159788532e-09,7.905232481720267e-87,0.0,0,1.3165069034926091e-09,macro_tightening,7.905232481720267e-87,1.3165066159788532e-09,0.9999999986834931,0.0,0.9999999986834931
2016-08-12,0.9999999982454071,1.7545927020028688e-09,2.8788536108861095e-81,0.0,0,1.7545929154039186e-09,macro_tightening,2.8788536108861095e-81,1.7545927020028688e-09,0.9999999982454071,0.0,0.9999999982454071
2016-08-19,0.9999998037508903,1.9624911015498252e-07,3.2287718907981664e-76,0.0,0,1.962491097406982e-07,macro_tightening,3.2287718907981664e-76,1.9624911015498252e-07,0.9999998037508903,0.0,0.9999998037508903
2016-08-26,0.9999689732375666,3.102676243352439e-05,4.589150291868157e-68,0.0,0,3.102676243338376e-05,macro_tightening,4.589150291868157e-68,3.102676243352439e-05,0.9999689732375666,0.0,0.9999689732375666
2016-09-02,0.9999991196764599,8.803235401948302e-07,7.945994800815533e-189,0.0,0,8.803235400645093e-07,macro_tightening,7.945994800815533e-189,8.803235401948302e-07,0.9999991196764599,0.0,0.9999991196764599
2016-09-09,0.9999697055082859,3.0294491713658453e-05,3.3625961207223556e-167,0.0,0,3.0294491714100147e-05,macro_tightening,3.3625961207223556e-167,3.0294491713658453e-05,0.9999697055082859,0.0,0.9999697055082859
2016-09-16,0.9981956563074028,0.0018043436925970686,6.646573849332893e-167,0.0,0,0.0018043436925971879,macro_tightening,6.646573849332893e-167,0.0018043436925970686,0.9981956563074028,0.0,0.9981956563074028
2016-09-23,0.9999978619500541,2.138049945864347e-06,8.475226400919059e-154,0.0,0,2.138049945865639e-06,macro_tightening,8.475226400919059e-154,2.138049945864347e-06,0.9999978619500541,0.0,0.9999978619500541
2016-09-30,0.9812934603385068,0.018706539661493226,1.363949425019118e-150,0.0,0,0.01870653966149316,macro_tightening,1.363949425019118e-150,0.018706539661493226,0.9812934603385068,0.0,0.9812934603385068
2016-10-07,0.0014557401768720572,0.998544259823128,1.3198196782348356e-162,0.0,1,0.0014557401768720002,risk_on_growth,1.3198196782348356e-162,0.998544259823128,0.0014557401768720572,0.0,0.998544259823128
2016-10-14,8.425402788125942e-06,0.9999915745972118,5.06038337025857e-154,0.0,1,8.425402788225789e-06,risk_on_growth,5.06038337025857e-154,0.9999915745972118,8.425402788125942e-06,0.0,0.9999915745972118
2016-10-21,1.2307079578554425e-05,0.9999876929204219,1.8651942042482458e-150,0.0,1,1.2307079578111058e-05,risk_on_growth,1.8651942042482458e-150,0.9999876929204219,1.2307079578554425e-05,0.0,0.9999876929204219
2016-10-28,2.7764076051703313e-05,0.999972235923949,1.1231986105484289e-140,0.0,1,2.776407605098452e-05,risk_on_growth,1.1231986105484289e-140,0.999972235923949,2.7764076051703313e-05,0.0,0.999972235923949
2016-11-04,0.00031782518886540746,0.9996821748111346,5.7729746611495045e-118,0.0,1,0.0003178251888653616,risk_on_growth,5.7729746611495045e-118,0.9996821748111346,0.00031782518886540746,0.0,0.9996821748111346
2016-11-11,2.441442214841241e-07,0.9999997558557783,3.3744159739588965e-101,0.0,1,2.4414422172824857e-07,risk_on_growth,3.3744159739588965e-101,0.9999997558557783,2.441442214841241e-07,0.0,0.9999997558557783
2016-11-18,1.0092212074048056e-09,0.9999999989907788,1.3599423109948157e-98,0.0,1,1.0092211510936977e-09,risk_on_growth,1.3599423109948157e-98,0.9999999989907788,1.0092212074048056e-09,0.0,0.9999999989907788
2016-11-25,9.815107429762486e-11,0.9999999999018492,6.5049029928401915e-102,0.0,1,9.815082080422144e-11,risk_on_growth,6.5049029928401915e-102,0.9999999999018492,9.815107429762486e-11,0.0,0.9999999999018492
2016-12-02,4.7838371740662374e-18,1.0,2.3247112563851598e-56,0.0,1,0.0,risk_on_growth,2.3247112563851598e-56,1.0,4.7838371740662374e-18,0.0,1.0
2016-12-09,3.3005177059116915e-14,0.9999999999999662,1.7434840012639327e-51,0.0,1,3.375077994860476e-14,risk_on_growth,1.7434840012639327e-51,0.9999999999999662,3.3005177059116915e-14,0.0,0.9999999999999662
2016-12-16,7.950051955280594e-15,0.999999999999992,2.3034473210236026e-60,0.0,1,7.993605777301127e-15,risk_on_growth,2.3034473210236026e-60,0.999999999999992,7.950051955280594e-15,0.0,0.999999999999992
2016-12-23,5.565364848901477e-14,0.999999999999944,2.236000332002313e-59,0.0,1,5.595524044110789e-14,risk_on_growth,2.236000332002313e-59,0.999999999999944,5.565364848901477e-14,0.0,0.999999999999944
2016-12-30,6.638359636893953e-08,0.999999933616404,4.1699212147602113e-64,0.0,1,6.638359595356746e-08,risk_on_growth,4.1699212147602113e-64,0.999999933616404,6.638359636893953e-08,0.0,0.999999933616404
2017-01-06,4.4997504199241556e-08,0.9999999550024966,2.2188215175545143e-43,0.0,1,4.4997503390042937e-08,risk_on_growth,2.2188215175545143e-43,0.9999999550024966,4.4997504199241556e-08,0.0,0.9999999550024966
2017-01-13,1.7320353338081077e-08,0.999999982679647,2.4559699943172104e-44,0.0,1,1.7320353040695124e-08,risk_on_growth,2.4559699943172104e-44,0.999999982679647,1.7320353338081077e-08,0.0,0.999999982679647
2017-01-20,4.4101185684728316e-09,0.9999999955898815,1.9616108977889042e-41,0.0,1,4.410118492614856e-09,risk_on_growth,1.9616108977889042e-41,0.9999999955898815,4.4101185684728316e-09,0.0,0.9999999955898815
2017-01-27,2.4297697321345604e-11,0.999999999975703,8.635088033225603e-48,0.0,1,2.4297008849316626e-11,risk_on_growth,8.635088033225603e-48,0.999999999975703,2.4297697321345604e-11,0.0,0.999999999975703
2017-02-03,7.930626385420464e-09,0.9999999920693732,2.6896565176366486e-39,0.0,1,7.93062682191703e-09,risk_on_growth,2.6896565176366486e-39,0.9999999920693732,7.930626385420464e-09,0.0,0.9999999920693732
2017-02-10,1.2458116077434591e-09,0.9999999987541877,8.070076662408401e-44,0.0,1,1.2458123421765777e-09,risk_on_growth,8.070076662408401e-44,0.9999999987541877,1.2458116077434591e-09,0.0,0.9999999987541877
2017-02-17,3.807571042571823e-11,0.9999999999619238,3.7616137033398144e-45,0.0,1,3.807620885254437e-11,risk_on_growth,3.7616137033398144e-45,0.9999999999619238,3.807571042571823e-11,0.0,0.9999999999619238
2017-02-24,3.5186841036290096e-11,0.9999999999648139,8.516223600803212e-43,0.0,1,3.518607627484016e-11,risk_on_growth,8.516223600803212e-43,0.9999999999648139,3.5186841036290096e-11,0.0,0.9999999999648139
2017-03-03,1.217260978462402e-10,0.9999999998782734,8.512124902773424e-56,0.0,1,1.2172662877674156e-10,risk_on_growth,8.512124902773424e-56,0.9999999998782734,1.217260978462402e-10,0.0,0.9999999998782734
2017-03-10,1.1710667250296258e-19,1.0,3.488957167411863e-85,0.0,1,0.0,risk_on_growth,3.488957167411863e-85,1.0,1.1710667250296258e-19,0.0,1.0
2017-03-17,8.103921665516158e-23,1.0,1.6379950969986128e-87,0.0,1,0.0,risk_on_growth,1.6379950969986128e-87,1.0,8.103921665516158e-23,0.0,1.0
2017-03-24,7.48174205843449e-19,1.0,1.6139804958941034e-86,0.0,1,0.0,risk_on_growth,1.6139804958941034e-86,1.0,7.48174205843449e-19,0.0,1.0
2017-03-31,5.058569767544442e-22,1.0,5.033106504160649e-64,0.0,1,0.0,risk_on_growth,5.033106504160649e-64,1.0,5.058569767544442e-22,0.0,1.0
2017-04-07,2.1222992136573257e-17,1.0,1.1061672168952686e-64,0.0,1,0.0,risk_on_growth,1.1061672168952686e-64,1.0,2.1222992136573257e-17,0.0,1.0
2017-04-14,3.590009212546671e-14,0.9999999999999645,1.7094945282683003e-56,0.0,1,3.552713678800501e-14,risk_on_growth,1.7094945282683003e-56,0.9999999999999645,3.590009212546671e-14,0.0,0.9999999999999645
2017-04-21,9.646615130647722e-15,0.9999999999999911,2.1198035457499816e-57,0.0,1,8.881784197001252e-15,risk_on_growth,2.1198035457499816e-57,0.9999999999999911,9.646615130647722e-15,0.0,0.9999999999999911
2017-04-28,7.150934703429532e-18,1.0,9.049016359690818e-59,0.0,1,0.0,risk_on_growth,9.049016359690818e-59,1.0,7.150934703429532e-18,0.0,1.0
2017-05-05,2.088937714581876e-17,1.0,2.6884813718413796e-60,0.0,1,0.0,risk_on_growth,2.6884813718413796e-60,1.0,2.088937714581876e-17,0.0,1.0
2017-05-12,1.4250385385756557e-14,0.9999999999999858,1.4742518497747812e-55,0.0,1,1.4210854715202004e-14,risk_on_growth,1.4742518497747812e-55,0.9999999999999858,1.4250385385756557e-14,0.0,0.9999999999999858
2017-05-19,4.958562513985849e-14,0.9999999999999503,2.967456980170718e-58,0.0,1,4.973799150320701e-14,risk_on_growth,2.967456980170718e-58,0.9999999999999503,4.958562513985849e-14,0.0,0.9999999999999503
2017-05-26,5.101466936231951e-16,1.0,3.6245803983509e-69,0.0,1,0.0,risk_on_growth,3.6245803983509e-69,1.0,5.101466936231951e-16,0.0,1.0
2017-06-02,4.5266507954864406e-18,1.0,6.47032828378933e-72,0.0,1,0.0,risk_on_growth,6.47032828378933e-72,1.0,4.5266507954864406e-18,0.0,1.0
2017-06-09,4.1548005379217546e-11,0.9999999999584519,2.7391389261332803e-76,0.0,1,4.154809829515216e-11,risk_on_growth,2.7391389261332803e-76,0.9999999999584519,4.1548005379217546e-11,0.0,0.9999999999584519
2017-06-16,1.135342775875209e-09,0.9999999988646575,2.2231370847859483e-58,0.0,1,1.1353424866911155e-09,risk_on_growth,2.2231370847859483e-58,0.9999999988646575,1.135342775875209e-09,0.0,0.9999999988646575
2017-06-23,5.644407342999242e-09,0.9999999943555924,1.4066350518331559e-55,0.0,1,5.6444076079742445e-09,risk_on_growth,1.4066350518331559e-55,0.9999999943555924,5.644407342999242e-09,0.0,0.9999999943555924
2017-06-30,3.119122728207399e-09,0.9999999968808773,2.4300254342229045e-52,0.0,1,3.119122737871294e-09,risk_on_growth,2.4300254342229045e-52,0.9999999968808773,3.119122728207399e-09,0.0,0.9999999968808773
2017-07-07,3.812154209847668e-12,0.9999999999961879,1.740852802063526e-58,0.0,1,3.8120617773529375e-12,risk_on_growth,1.740852802063526e-58,0.9999999999961879,3.812154209847668e-12,0.0,0.9999999999961879
2017-07-14,3.771777272181419e-09,0.9999999962282224,1.0286635951698984e-55,0.0,1,3.771777556949019e-09,risk_on_growth,1.0286635951698984e-55,0.9999999962282224,3.771777272181419e-09,0.0,0.9999999962282224
2017-07-21,4.611379173694849e-11,0.9999999999538858,2.736322053363618e-53,0.0,1,4.61142235508305e-11,risk_on_growth,2.736322053363618e-53,0.9999999999538858,4.611379173694849e-11,0.0,0.9999999999538858
2017-07-28,4.832436487102862e-10,0.9999999995167563,1.9393479874613272e-48,0.0,1,4.832436673041229e-10,risk_on_growth,1.9393479874613272e-48,0.9999999995167563,4.832436487102862e-10,0.0,0.9999999995167563
2017-08-04,2.4950268066806833e-12,0.9999999999975042,1.684135189573427e-44,0.0,1,2.495781359357352e-12,risk_on_growth,1.684135189573427e-44,0.9999999999975042,2.4950268066806833e-12,0.0,0.9999999999975042
2017-08-11,5.289660739222479e-11,0.9999999999471036,1.3888700474841905e-41,0.0,1,5.289635396366066e-11,risk_on_growth,1.3888700474841905e-41,0.9999999999471036,5.289660739222479e-11,0.0,0.9999999999471036
2017-08-18,1.1376652562113517e-08,0.9999999886233476,1.039197356721333e-45,0.0,1,1.137665239792085e-08,risk_on_growth,1.039197356721333e-45,0.9999999886233476,1.1376652562113517e-08,0.0,0.9999999886233476
2017-08-25,6.6498931486208e-11,0.9999999999335003,2.895149560322057e-38,0.0,1,6.649969463978778e-11,risk_on_growth,2.895149560322057e-38,0.9999999999335003,6.6498931486208e-11,0.0,0.9999999999335003
2017-09-01,2.206851675593873e-12,0.9999999999977929,9.939343459741628e-56,0.0,1,2.2071233729548112e-12,risk_on_growth,9.939343459741628e-56,0.9999999999977929,2.206851675593873e-12,0.0,0.9999999999977929
2017-09-08,0.00022845667271079544,0.9997715433272896,6.50618648370365e-60,0.0,1,0.0002284566727104309,risk_on_growth,6.50618648370365e-60,0.9997715433272896,0.00022845667271079544,0.0,0.9997715433272896
2017-09-15,1.2967291195385386e-08,0.9999999870327089,4.291226735095198e-65,0.0,1,1.2967291129761804e-08,risk_on_growth,4.291226735095198e-65,0.9999999870327089,1.2967291195385386e-08,0.0,0.9999999870327089
2017-09-22,1.38364137723324e-07,0.9999998616358627,8.560854662987269e-61,0.0,1,1.3836413725876184e-07,risk_on_growth,8.560854662987269e-61,0.9999998616358627,1.38364137723324e-07,0.0,0.9999998616358627
2017-09-29,4.580835165598276e-09,0.9999999954191665,9.987785130349796e-71,0.0,1,4.580833490308578e-09,risk_on_growth,9.987785130349796e-71,0.9999999954191665,4.580835165598276e-09,0.0,0.9999999954191665
2017-10-06,8.563658028125265e-17,1.0,1.7253322684305744e-48,0.0,1,0.0,risk_on_growth,1.7253322684305744e-48,1.0,8.563658028125265e-17,0.0,1.0
2017-10-13,1.474887514197108e-12,0.9999999999985256,5.4519222714559144e-45,0.0,1,1.4743761767022079e-12,risk_on_growth,5.4519222714559144e-45,0.9999999999985256,1.474887514197108e-12,0.0,0.9999999999985256
2017-10-20,3.902011259307858e-11,0.9999999999609805,3.1313486460597924e-45,0.0,1,3.90194543342659e-11,risk_on_growth,3.1313486460597924e-45,0.9999999999609805,3.902011259307858e-11,0.0,0.9999999999609805
2017-10-27,4.426632561715853e-15,0.9999999999999964,8.387998531195137e-50,0.0,1,3.552713678800501e-15,risk_on_growth,8.387998531195137e-50,0.9999999999999964,4.426632561715853e-15,0.0,0.9999999999999964
2017-11-03,4.73682744844433e-12,0.9999999999952642,3.475442535070992e-54,0.0,1,4.735767333841068e-12,risk_on_growth,3.475442535070992e-54,0.9999999999952642,4.73682744844433e-12,0.0,0.9999999999952642
2017-11-10,2.657053452390279e-12,0.9999999999973426,2.706531691943215e-51,0.0,1,2.6574298317427747e-12,risk_on_growth,2.706531691943215e-51,0.9999999999973426,2.657053452390279e-12,0.0,0.9999999999973426
2017-11-17,5.204351626547114e-11,0.9999999999479563,6.040734540249962e-50,0.0,1,5.204370268074854e-11,risk_on_growth,6.040734540249962e-50,0.9999999999479563,5.204351626547114e-11,0.0,0.9999999999479563
2017-11-24,1.3232079764537966e-10,0.9999999998676792,2.076338950306104e-56,0.0,1,1.3232082096692466e-10,risk_on_growth,2.076338950306104e-56,0.9999999998676792,1.3232079764537966e-10,0.0,0.9999999998676792
2017-12-01,1.2156931515369065e-09,0.9999999987843076,1.652550841381806e-44,0.0,1,1.215692435607707e-09,risk_on_growth,1.652550841381806e-44,0.9999999987843076,1.2156931515369065e-09,0.0,0.9999999987843076
2017-12-08,2.5023371972340104e-09,0.9999999974976621,3.2983360282015084e-35,0.0,1,2.5023378924515782e-09,risk_on_growth,3.2983360282015084e-35,0.9999999974976621,2.5023371972340104e-09,0.0,0.9999999974976621
2017-12-15,1.6894506501764455e-10,0.9999999998310543,8.164373519378105e-39,0.0,1,1.6894574628167902e-10,risk_on_growth,8.164373519378105e-39,0.9999999998310543,1.6894506501764455e-10,0.0,0.9999999998310543
2017-12-22,8.374150204680151e-12,0.9999999999916263,6.073140757310258e-38,0.0,1,8.37374614093278e-12,risk_on_growth,6.073140757310258e-38,0.9999999999916263,8.374150204680151e-12,0.0,0.9999999999916263
2017-12-29,4.1522509948444927e-13,0.9999999999995843,2.1436554766375034e-32,0.0,1,4.156675004196586e-13,risk_on_growth,2.1436554766375034e-32,0.9999999999995843,4.1522509948444927e-13,0.0,0.9999999999995843
2018-01-05,6.140384454878261e-17,1.0,8.029216978770492e-51,0.0,1,0.0,risk_on_growth,8.029216978770492e-51,1.0,6.140384454878261e-17,0.0,1.0
2018-01-12,5.3568656393467864e-18,1.0,3.801769174421247e-52,0.0,1,0.0,risk_on_growth,3.801769174421247e-52,1.0,5.3568656393467864e-18,0.0,1.0
2018-01-19,1.5852688440613027e-21,1.0,2.061648264452563e-59,0.0,1,0.0,risk_on_growth,2.061648264452563e-59,1.0,1.5852688440613027e-21,0.0,1.0
2018-01-26,8.774735633588764e-23,1.0,1.9252637155875114e-54,0.0,1,0.0,risk_on_growth,1.9252637155875114e-54,1.0,8.774735633588764e-23,0.0,1.0
2018-02-02,4.731140111705629e-14,0.9999999999999529,1.6399642166358467e-42,0.0,1,4.707345624410664e-14,risk_on_growth,1.6399642166358467e-42,0.9999999999999529,4.731140111705629e-14,0.0,0.9999999999999529
2018-02-09,1.1242837281070227e-15,0.9999999999999982,1.650914488642465e-38,0.0,1,1.7763568394002505e-15,risk_on_growth,1.650914488642465e-38,0.9999999999999982,1.1242837281070227e-15,0.0,0.9999999999999982
2018-02-16,6.978445807300927e-17,1.0,5.8447389306452956e-49,0.0,1,0.0,risk_on_growth,5.8447389306452956e-49,1.0,6.978445807300927e-17,0.0,1.0
2018-02-23,5.4842965654121756e-18,1.0,2.8976732480945942e-53,0.0,1,0.0,risk_on_growth,2.8976732480945942e-53,1.0,5.4842965654121756e-18,0.0,1.0
2018-03-02,1.863633242521676e-15,0.9999999999999982,5.010583159149912e-50,0.0,1,1.7763568394002505e-15,risk_on_growth,5.010583159149912e-50,0.9999999999999982,1.863633242521676e-15,0.0,0.9999999999999982
2018-03-09,3.560057652067616e-14,0.9999999999999645,4.90359054283326e-60,0.0,1,3.552713678800501e-14,risk_on_growth,4.90359054283326e-60,0.9999999999999645,3.560057652067616e-14,0.0,0.9999999999999645
2018-03-16,1.665921950141604e-14,0.9999999999999831,3.679660440282189e-59,0.0,1,1.687538997430238e-14,risk_on_growth,3.679660440282189e-59,0.9999999999999831,1.665921950141604e-14,0.0,0.9999999999999831
2018-03-23,1.5020413138512957e-12,0.9999999999984981,8.501162457964537e-45,0.0,1,1.5019097077129118e-12,risk_on_growth,8.501162457964537e-45,0.9999999999984981,1.5020413138512957e-12,0.0,0.9999999999984981
2018-03-30,6.815412708261835e-09,0.9999999931845873,4.583688250992413e-39,0.0,1,6.815412678662369e-09,risk_on_growth,4.583688250992413e-39,0.9999999931845873,6.815412708261835e-09,0.0,0.9999999931845873
2018-04-06,4.975403795095202e-14,0.9999999999999503,5.54703878203934e-40,0.0,1,4.973799150320701e-14,risk_on_growth,5.54703878203934e-40,0.9999999999999503,4.975403795095202e-14,0.0,0.9999999999999503
2018-04-13,2.9077218587410654e-12,0.9999999999970921,2.539301580154655e-38,0.0,1,2.90789614609821e-12,risk_on_growth,2.539301580154655e-38,0.9999999999970921,2.9077218587410654e-12,0.0,0.9999999999970921
2018-04-20,8.185029867398382e-14,0.9999999999999182,9.945063579565918e-37,0.0,1,8.182343691487404e-14,risk_on_growth,9.945063579565918e-37,0.9999999999999182,8.185029867398382e-14,0.0,0.9999999999999182
2018-04-27,2.1462114827592457e-18,1.0,1.6322141736087887e-39,0.0,1,0.0,risk_on_growth,1.6322141736087887e-39,1.0,2.1462114827592457e-18,0.0,1.0
2018-05-04,7.587835233908763e-11,0.9999999999241216,4.0206586147799227e-41,0.0,1,7.587841466261125e-11,risk_on_growth,4.0206586147799227e-41,0.9999999999241216,7.587835233908763e-11,0.0,0.9999999999241216
2018-05-11,1.5750217918619545e-12,0.9999999999984244,6.011415464891048e-46,0.0,1,1.5756285165480222e-12,risk_on_growth,6.011415464891048e-46,0.9999999999984244,1.5750217918619545e-12,0.0,0.9999999999984244
2018-05-18,2.798744275416279e-12,0.9999999999972005,3.1550468172656996e-50,0.0,1,2.7995383788947947e-12,risk_on_growth,3.1550468172656996e-50,0.9999999999972005,2.798744275416279e-12,0.0,0.9999999999972005
2018-05-25,1.3765182148980795e-09,0.9999999986234815,7.982140461684233e-55,0.0,1,1.3765184547764875e-09,risk_on_growth,7.982140461684233e-55,0.9999999986234815,1.3765182148980795e-09,0.0,0.9999999986234815
2018-06-01,9.359625903936791e-16,0.9999999999999991,1.573036033479144e-32,0.0,1,8.881784197001252e-16,risk_on_growth,1.573036033479144e-32,0.9999999999999991,9.359625903936791e-16,0.0,0.9999999999999991
2018-06-08,1.3469401608571665e-19,1.0,1.0326645545391582e-34,0.0,1,0.0,risk_on_growth,1.0326645545391582e-34,1.0,1.3469401608571665e-19,0.0,1.0
2018-06-15,6.702120636431173e-12,0.9999999999932978,1.1574554967551056e-37,0.0,1,6.702194355057145e-12,risk_on_growth,1.1574554967551056e-37,0.9999999999932978,6.702120636431173e-12,0.0,0.9999999999932978
2018-06-22,8.361110334469885e-19,1.0,5.875841626724352e-60,0.0,1,0.0,risk_on_growth,5.875841626724352e-60,1.0,8.361110334469885e-19,0.0,1.0
2018-06-29,9.657553983217993e-14,0.9999999999999036,1.9530466173322978e-51,0.0,1,9.636735853746359e-14,risk_on_growth,1.9530466173322978e-51,0.9999999999999036,9.657553983217993e-14,0.0,0.9999999999999036
2018-07-06,1.7085016396909487e-11,0.999999999982915,4.432428718433695e-70,0.0,1,1.708500008135161e-11,risk_on_growth,4.432428718433695e-70,0.999999999982915,1.7085016396909487e-11,0.0,0.999999999982915
2018-07-13,7.537790503597134e-10,0.9999999992462207,1.0872400278639012e-78,0.0,1,7.537792612311023e-10,risk_on_growth,1.0872400278639012e-78,0.9999999992462207,7.537790503597134e-10,0.0,0.9999999992462207
2018-07-20,1.1073554611047403e-09,0.999999998892644,1.9634680874778506e-74,0.0,1,1.1073559846863645e-09,risk_on_growth,1.9634680874778506e-74,0.999999998892644,1.1073554611047403e-09,0.0,0.999999998892644
2018-07-27,6.819954783401782e-07,0.9999993180045211,2.6619739366477915e-66,0.0,1,6.819954788683802e-07,risk_on_growth,2.6619739366477915e-66,0.9999993180045211,6.819954783401782e-07,0.0,0.9999993180045211
2018-08-03,2.7365004668978873e-06,0.9999972634995334,2.8263505001941986e-60,0.0,1,2.7365004665602655e-06,risk_on_growth,2.8263505001941986e-60,0.9999972634995334,2.7365004668978873e-06,0.0,0.9999972634995334
2018-08-10,1.0831844255101814e-07,0.9999998916815583,9.158266741636027e-49,0.0,1,1.0831844166059312e-07,risk_on_growth,9.158266741636027e-49,0.9999998916815583,1.0831844255101814e-07,0.0,0.9999998916815583
2018-08-17,2.5415933064545316e-08,0.9999999745840661,6.976476615388943e-46,0.0,1,2.5415933913031097e-08,risk_on_growth,6.976476615388943e-46,0.9999999745840661,2.5415933064545316e-08,0.0,0.9999999745840661
2018-08-24,1.5133111418839043e-07,0.999999848668886,7.122374509655172e-48,0.0,1,1.5133111397336307e-07,risk_on_growth,7.122374509655172e-48,0.999999848668886,1.5133111418839043e-07,0.0,0.999999848668886
2018-08-31,4.703652649315506e-11,0.9999999999529638,4.910630907408194e-89,0.0,1,4.703615275047923e-11,risk_on_growth,4.910630907408194e-89,0.9999999999529638,4.703652649315506e-11,0.0,0.9999999999529638
2018-09-07,2.5475352579820513e-08,0.999999974524647,2.417729102292765e-74,0.0,1,2.5475353049309035e-08,risk_on_growth,2.417729102292765e-74,0.999999974524647,2.5475352579820513e-08,0.0,0.999999974524647
2018-09-14,1.3099808843367171e-10,0.9999999998690026,2.4015567751268825e-73,0.0,1,1.3099743512157147e-10,risk_on_growth,2.4015567751268825e-73,0.9999999998690026,1.3099808843367171e-10,0.0,0.9999999998690026
2018-09-21,2.7251187981095637e-10,0.9999999997274873,3.960846055180272e-58,0.0,1,2.725126790892318e-10,risk_on_growth,3.960846055180272e-58,0.9999999997274873,2.7251187981095637e-10,0.0,0.9999999997274873
2018-09-28,3.55962295622418e-11,0.9999999999644036,5.67483137630998e-60,0.0,1,3.559641470474162e-11,risk_on_growth,5.67483137630998e-60,0.9999999999644036,3.55962295622418e-11,0.0,0.9999999999644036
2018-10-05,7.50631619624304e-11,0.9999999999249365,6.313378458231197e-61,0.0,1,7.506351096253638e-11,risk_on_growth,6.313378458231197e-61,0.9999999999249365,7.50631619624304e-11,0.0,0.9999999999249365
2018-10-12,3.653360073706801e-10,0.9999999996346638,2.0045449888003457e-59,0.0,1,3.653362057320919e-10,risk_on_growth,2.0045449888003457e-59,0.9999999996346638,3.653360073706801e-10,0.0,0.9999999996346638
2018-10-19,7.296294488330993e-09,0.9999999927037058,5.863571086075176e-57,0.0,1,7.2962942354593e-09,risk_on_growth,5.863571086075176e-57,0.9999999927037058,7.296294488330993e-09,0.0,0.9999999927037058
2018-10-26,1.0,0.0,1.592371040933116e-51,0.0,0,0.0,macro_tightening,1.592371040933116e-51,0.0,1.0,0.0,1.0
2018-11-02,0.2410945576777421,0.0,0.7589054423222578,0.0,2,0.24109455767774224,risk_off_stress,0.7589054423222578,0.0,0.2410945576777421,0.0,0.7589054423222578
2018-11-09,0.000506926481997506,0.0,0.9994930735180025,0.0,2,0.0005069264819974606,risk_off_stress,0.9994930735180025,0.0,0.000506926481997506,0.0,0.9994930735180025
2018-11-16,0.013080774729403636,0.0,0.9869192252705964,0.0,2,0.01308077472940361,risk_off_stress,0.9869192252705964,0.0,0.013080774729403636,0.0,0.9869192252705964
2018-11-23,3.3294905393403315e-09,0.0,0.9999999966705095,0.0,2,3.3294904611125276e-09,risk_off_stress,0.9999999966705095,0.0,3.3294905393403315e-09,0.0,0.9999999966705095
2018-11-30,2.5508206296070766e-09,0.0,0.9999999974491791,0.0,2,2.550820887847749e-09,risk_off_stress,0.9999999974491791,0.0,2.5508206296070766e-09,0.0,0.9999999974491791
2018-12-07,2.6134397283257e-10,0.0,0.9999999997386559,0.0,2,2.613440575061077e-10,risk_off_stress,0.9999999997386559,0.0,2.6134397283257e-10,0.0,0.9999999997386559
2018-12-14,9.569837732646457e-13,0.0,0.999999999999043,0.0,2,9.57012247226885e-13,risk_off_stress,0.999999999999043,0.0,9.569837732646457e-13,0.0,0.999999999999043
2018-12-21,3.1314506973763658e-25,0.0,1.0,0.0,2,0.0,risk_off_stress,1.0,0.0,3.1314506973763658e-25,0.0,1.0
2018-12-28,4.115186974347369e-12,0.0,0.9999999999958851,0.0,2,4.11493061847068e-12,risk_off_stress,0.9999999999958851,0.0,4.115186974347369e-12,0.0,0.9999999999958851
2019-01-04,0.9998173114017647,0.0,0.00018268859823538717,0.0,0,0.00018268859823533656,macro_tightening,0.00018268859823538717,0.0,0.9998173114017647,0.0,0.9998173114017647
2019-01-11,0.9999993548492185,0.0,6.451507817916994e-07,0.0,0,6.451507814642099e-07,macro_tightening,6.451507817916994e-07,0.0,0.9999993548492185,0.0,0.9999993548492185
2019-01-18,0.9999999999557954,0.0,4.4204807251568284e-11,0.0,0,4.420463994847523e-11,macro_tightening,4.4204807251568284e-11,0.0,0.9999999999557954,0.0,0.9999999999557954
2019-01-25,0.9999999999928413,0.0,7.15880654284539e-12,0.0,0,7.158718062783009e-12,macro_tightening,7.15880654284539e-12,0.0,0.9999999999928413,0.0,0.9999999999928413
2019-02-01,0.9999999999916866,0.0,8.313786227899679e-12,0.0,0,8.313350008393172e-12,macro_tightening,8.313786227899679e-12,0.0,0.9999999999916866,0.0,0.9999999999916866
2019-02-08,0.9999999999998445,0.0,1.5551275642039485e-13,0.0,0,1.5554224574998443e-13,macro_tightening,1.5551275642039485e-13,0.0,0.9999999999998445,0.0,0.9999999999998445
2019-02-15,1.0,0.0,2.4110832891176663e-28,0.0,0,0.0,macro_tightening,2.4110832891176663e-28,0.0,1.0,0.0,1.0
2019-02-22,1.0,0.0,2.0736126066892733e-28,0.0,0,0.0,macro_tightening,2.0736126066892733e-28,0.0,1.0,0.0,1.0
2019-03-01,1.0,1.3787146790109363e-280,3.17673708677255e-38,0.0,0,0.0,macro_tightening,3.17673708677255e-38,1.3787146790109363e-280,1.0,0.0,1.0
2019-03-08,1.0,0.0,1.6561742798551658e-298,0.0,0,0.0,macro_tightening,1.6561742798551658e-298,0.0,1.0,0.0,1.0
2019-03-15,1.0,5.229689560241149e-161,1.0979790418037538e-287,0.0,0,0.0,macro_tightening,1.0979790418037538e-287,5.229689560241149e-161,1.0,0.0,1.0
2019-03-22,1.0,4.343195361532511e-146,0.0,0.0,0,0.0,macro_tightening,0.0,4.343195361532511e-146,1.0,0.0,1.0
2019-03-29,1.0,6.947794600087729e-118,0.0,0.0,0,0.0,macro_tightening,0.0,6.947794600087729e-118,1.0,0.0,1.0
2019-04-05,1.0,7.254042819930116e-34,1.2340046598364378e-258,0.0,0,0.0,macro_tightening,1.2340046598364378e-258,7.254042819930116e-34,1.0,0.0,1.0
2019-04-12,1.0,1.1313518218506085e-26,1.6158203855221897e-239,0.0,0,0.0,macro_tightening,1.6158203855221897e-239,1.1313518218506085e-26,1.0,0.0,1.0
2019-04-19,1.0,1.2690393844621958e-22,1.0710939736052147e-217,0.0,0,0.0,macro_tightening,1.0710939736052147e-217,1.2690393844621958e-22,1.0,0.0,1.0
2019-04-26,1.0,3.619089442373329e-23,2.2120188327910452e-206,0.0,0,0.0,macro_tightening,2.2120188327910452e-206,3.619089442373329e-23,1.0,0.0,1.0
2019-05-03,1.0,1.62227933278015e-17,2.3382196252510118e-119,0.0,0,0.0,macro_tightening,2.3382196252510118e-119,1.62227933278015e-17,1.0,0.0,1.0
2019-05-10,1.0,3.1325017963698157e-16,3.702680156492015e-100,0.0,0,0.0,macro_tightening,3.702680156492015e-100,3.1325017963698157e-16,1.0,0.0,1.0
2019-05-17,0.9999999999999964,3.713928573594843e-15,6.228713087978312e-90,0.0,0,3.552713678800501e-15,macro_tightening,6.228713087978312e-90,3.713928573594843e-15,0.9999999999999964,0.0,0.9999999999999964
2019-05-24,1.0,9.957559530138489e-17,1.8989333785145973e-70,0.0,0,0.0,macro_tightening,1.8989333785145973e-70,9.957559530138489e-17,1.0,0.0,1.0
2019-05-31,1.0,2.7230253538575534e-21,1.4305229961848522e-57,0.0,0,0.0,macro_tightening,1.4305229961848522e-57,2.7230253538575534e-21,1.0,0.0,1.0
2019-06-07,1.0,1.5727050684129928e-19,6.026199679735484e-34,0.0,0,0.0,macro_tightening,6.026199679735484e-34,1.5727050684129928e-19,1.0,0.0,1.0
2019-06-14,1.0,4.657587224111917e-21,9.380490063418916e-40,0.0,0,0.0,macro_tightening,9.380490063418916e-40,4.657587224111917e-21,1.0,0.0,1.0
2019-06-21,1.0,1.5191941446392236e-20,4.354590852802376e-23,0.0,0,0.0,macro_tightening,4.354590852802376e-23,1.5191941446392236e-20,1.0,0.0,1.0
2019-06-28,1.0,1.3615691622717404e-17,2.514080226634203e-25,0.0,0,0.0,macro_tightening,2.514080226634203e-25,1.3615691622717404e-17,1.0,0.0,1.0
2019-07-05,0.9999999999992042,7.955955004631923e-13,5.273703922868146e-23,0.0,0,7.958078640513122e-13,macro_tightening,5.273703922868146e-23,7.955955004631923e-13,0.9999999999992042,0.0,0.9999999999992042
2019-07-12,0.9999999125828275,8.741717248630308e-08,2.175476258588333e-20,0.0,0,8.741717250071446e-08,macro_tightening,2.175476258588333e-20,8.741717248630308e-08,0.9999999125828275,0.0,0.9999999125828275
2019-07-19,0.999999999966124,3.387614916811851e-11,3.842285228678414e-22,0.0,0,3.3876013105782476e-11,macro_tightening,3.842285228678414e-22,3.387614916811851e-11,0.999999999966124,0.0,0.999999999966124
2019-07-26,0.9999999744396785,2.5560321589747528e-08,1.1538072306258203e-23,0.0,0,2.5560321526008067e-08,macro_tightening,1.1538072306258203e-23,2.5560321589747528e-08,0.9999999744396785,0.0,0.9999999744396785
2019-08-02,0.9999999999955742,4.4258593431523205e-12,2.611378091203711e-45,0.0,0,4.425793065365724e-12,macro_tightening,2.611378091203711e-45,4.4258593431523205e-12,0.9999999999955742,0.0,0.9999999999955742
2019-08-09,1.0,2.808489475838527e-17,1.618215598532768e-51,0.0,0,0.0,macro_tightening,1.618215598532768e-51,2.808489475838527e-17,1.0,0.0,1.0
2019-08-16,1.0,1.6147652472243695e-20,2.1796074286788773e-49,0.0,0,0.0,macro_tightening,2.1796074286788773e-49,1.6147652472243695e-20,1.0,0.0,1.0
2019-08-23,1.0,1.0544132989278706e-22,1.337911156979361e-54,0.0,0,0.0,macro_tightening,1.337911156979361e-54,1.0544132989278706e-22,1.0,0.0,1.0
2019-08-30,1.0,1.9644395325192833e-18,5.404473820174648e-70,0.0,0,0.0,macro_tightening,5.404473820174648e-70,1.9644395325192833e-18,1.0,0.0,1.0
2019-09-06,0.9999999999999982,1.860973936917849e-15,2.650997417546204e-114,0.0,0,1.7763568394002505e-15,macro_tightening,2.650997417546204e-114,1.860973936917849e-15,0.9999999999999982,0.0,0.9999999999999982
2019-09-13,0.9999999999971374,2.862443983461618e-12,4.013370003454307e-108,0.0,0,2.8625990466935036e-12,macro_tightening,4.013370003454307e-108,2.862443983461618e-12,0.9999999999971374,0.0,0.9999999999971374
2019-09-20,0.9999999999998899,1.102657367279978e-13,4.4129774350648655e-121,0.0,0,1.1013412404281553e-13,macro_tightening,4.4129774350648655e-121,1.102657367279978e-13,0.9999999999998899,0.0,0.9999999999998899
2019-09-27,0.9999999999997509,2.490337553856675e-13,1.3318543973357847e-126,0.0,0,2.4913404672588513e-13,macro_tightening,1.3318543973357847e-126,2.490337553856675e-13,0.9999999999997509,0.0,0.9999999999997509
2019-10-04,0.9999999999999672,3.273526715849746e-14,3.440133717577699e-131,0.0,0,3.275157922644212e-14,macro_tightening,3.440133717577699e-131,3.273526715849746e-14,0.9999999999999672,0.0,0.9999999999999672
2019-10-11,0.9999999999408646,5.913540426743764e-11,1.410206780244602e-118,0.0,0,5.913536327284419e-11,macro_tightening,1.410206780244602e-118,5.913540426743764e-11,0.9999999999408646,0.0,0.9999999999408646
2019-10-18,0.9999985686628755,1.4313371244377847e-06,1.0593736286721075e-108,0.0,0,1.4313371244911721e-06,macro_tightening,1.0593736286721075e-108,1.4313371244377847e-06,0.9999985686628755,0.0,0.9999985686628755
2019-10-25,0.998320649118214,0.0016793508817858033,1.1724429864495457e-116,0.0,0,0.001679350881785946,macro_tightening,1.1724429864495457e-116,0.0016793508817858033,0.998320649118214,0.0,0.998320649118214
2019-11-01,0.0002108924660561686,0.999789107533944,7.828073439640872e-70,0.0,1,0.00021089246605598966,risk_on_growth,7.828073439640872e-70,0.999789107533944,0.0002108924660561686,0.0,0.999789107533944
2019-11-08,1.0414992260894199e-07,0.9999998958500776,8.72336167263128e-61,0.0,1,1.0414992235308063e-07,risk_on_growth,8.72336167263128e-61,0.9999998958500776,1.0414992260894199e-07,0.0,0.9999998958500776
2019-11-15,9.721606735295096e-08,0.9999999027839327,2.0840430255300225e-73,0.0,1,9.721606730739296e-08,risk_on_growth,2.0840430255300225e-73,0.9999999027839327,9.721606735295096e-08,0.0,0.9999999027839327
2019-11-22,3.203058849201748e-06,0.9999967969411508,1.4756025773402512e-69,0.0,1,3.2030588491549494e-06,risk_on_growth,1.4756025773402512e-69,0.9999967969411508,3.203058849201748e-06,0.0,0.9999967969411508
2019-11-29,2.711140542410359e-06,0.9999972888594576,9.772741858602211e-74,0.0,1,2.711140542399626e-06,risk_on_growth,9.772741858602211e-74,0.9999972888594576,2.711140542410359e-06,0.0,0.9999972888594576
2019-12-06,1.2784666855971628e-09,0.9999999987215329,1.491710748567108e-45,0.0,1,1.2784671099552725e-09,risk_on_growth,1.491710748567108e-45,0.9999999987215329,1.2784666855971628e-09,0.0,0.9999999987215329
2019-12-13,1.0268466071565722e-11,0.9999999999897309,3.589786530525576e-43,0.0,1,1.0269118888572848e-11,risk_on_growth,3.589786530525576e-43,0.9999999999897309,1.0268466071565722e-11,0.0,0.9999999999897309
2019-12-20,7.555013520157022e-14,0.9999999999999236,2.5977998581023118e-48,0.0,1,7.638334409421077e-14,risk_on_growth,2.5977998581023118e-48,0.9999999999999236,7.555013520157022e-14,0.0,0.9999999999999236
2019-12-27,4.518455293302412e-14,0.9999999999999547,7.160279283629185e-54,0.0,1,4.529709940470639e-14,risk_on_growth,7.160279283629185e-54,0.9999999999999547,4.518455293302412e-14,0.0,0.9999999999999547
2020-01-03,4.0024354831092647e-13,0.9999999999995994,5.834386702604948e-55,0.0,1,4.005684672847565e-13,risk_on_growth,5.834386702604948e-55,0.9999999999995994,4.0024354831092647e-13,0.0,0.9999999999995994
2020-01-10,2.429762799425431e-12,0.9999999999975699,2.4043436729742825e-49,0.0,1,2.4300561562995426e-12,risk_on_growth,2.4043436729742825e-49,0.9999999999975699,2.429762799425431e-12,0.0,0.9999999999975699
2020-01-17,1.1349377725372343e-15,0.9999999999999991,1.6418595927386163e-48,0.0,1,8.881784197001252e-16,risk_on_growth,1.6418595927386163e-48,0.9999999999999991,1.1349377725372343e-15,0.0,0.9999999999999991
2020-01-24,8.59529944538692e-12,0.9999999999914042,5.199706400385044e-49,0.0,1,8.595790745857812e-12,risk_on_growth,5.199706400385044e-49,0.9999999999914042,8.59529944538692e-12,0.0,0.9999999999914042
2020-01-31,9.692619398983554e-10,0.999999999030738,2.3656237628332884e-39,0.0,1,9.69262003991389e-10,risk_on_growth,2.3656237628332884e-39,0.999999999030738,9.692619398983554e-10,0.0,0.999999999030738
2020-02-07,1.5375761093561317e-13,0.9999999999998463,2.36338257489271e-47,0.0,1,1.5365486660812167e-13,risk_on_growth,2.36338257489271e-47,0.9999999999998463,1.5375761093561317e-13,0.0,0.9999999999998463
2020-02-14,3.186242340529296e-19,1.0,1.7902968487594435e-55,0.0,1,0.0,risk_on_growth,1.7902968487594435e-55,1.0,3.186242340529296e-19,0.0,1.0
2020-02-21,1.4135365115638587e-14,0.9999999999999858,4.527137096069791e-47,0.0,1,1.4210854715202004e-14,risk_on_growth,4.527137096069791e-47,0.9999999999999858,1.4135365115638587e-14,0.0,0.9999999999999858
2020-02-28,1.82001576632102e-26,1.5207362227833755e-23,1.0,0.0,2,0.0,risk_off_stress,1.0,1.5207362227833755e-23,1.82001576632102e-26,0.0,1.0
2020-03-06,8.476904295934706e-36,6.6239733848783835e-59,1.0,0.0,2,0.0,risk_off_stress,1.0,6.6239733848783835e-59,8.476904295934706e-36,0.0,1.0
2020-03-13,1.4837508307723128e-113,0.0,1.0,0.0,2,0.0,risk_off_stress,1.0,0.0,1.4837508307723128e-113,0.0,1.0
2020-03-20,1.4386991220697486e-271,0.0,1.0,0.0,2,0.0,risk_off_stress,1.0,0.0,1.4386991220697486e-271,0.0,1.0
2020-03-27,3.4877569178389015e-156,0.0,1.0,0.0,2,0.0,risk_off_stress,1.0,0.0,3.4877569178389015e-156,0.0,1.0
2020-04-03,2.9441823600859e-123,0.0,1.0,0.0,2,0.0,risk_off_stress,1.0,0.0,2.9441823600859e-123,0.0,1.0
2020-04-10,7.070468289327624e-110,4.529141964860731e-185,1.0,0.0,2,0.0,risk_off_stress,1.0,4.529141964860731e-185,7.070468289327624e-110,0.0,1.0
2020-04-17,2.159691266426127e-101,1.9841240370813595e-181,1.0,0.0,2,0.0,risk_off_stress,1.0,1.9841240370813595e-181,2.159691266426127e-101,0.0,1.0
2020-04-24,6.55820243169427e-101,1.6325619715256322e-160,1.0,0.0,2,0.0,risk_off_stress,1.0,1.6325619715256322e-160,6.55820243169427e-101,0.0,1.0
2020-05-01,2.4186272252898762e-108,6.0848614220664735e-151,1.0,0.0,2,0.0,risk_off_stress,1.0,6.0848614220664735e-151,2.4186272252898762e-108,0.0,1.0
2020-05-08,0.0,1.0312224586947572e-261,0.0,1.0,3,0.0,fragile_growth,0.0,1.0312224586947572e-261,0.0,1.0,1.0
2020-05-15,0.0,2.011614827668008e-246,0.0,1.0,3,0.0,fragile_growth,0.0,2.011614827668008e-246,0.0,1.0,1.0
2020-05-22,0.0,2.7673024455431503e-239,0.0,1.0,3,0.0,fragile_growth,0.0,2.7673024455431503e-239,0.0,1.0,1.0
2020-05-29,0.0,1.0298833651766533e-182,0.0,1.0,3,0.0,fragile_growth,0.0,1.0298833651766533e-182,0.0,1.0,1.0
2020-06-05,0.0,2.8314579664177436e-284,0.0,1.0,3,0.0,fragile_growth,0.0,2.8314579664177436e-284,0.0,1.0,1.0
2020-06-12,0.0,3.311642857832072e-246,0.0,1.0,3,0.0,fragile_growth,0.0,3.311642857832072e-246,0.0,1.0,1.0
2020-06-19,0.0,0.0,0.0,1.0,3,0.0,fragile_growth,0.0,0.0,0.0,1.0,1.0
2020-06-26,0.0,0.0,0.0,1.0,3,0.0,fragile_growth,0.0,0.0,0.0,1.0,1.0
2020-07-03,0.0,0.0,0.0,1.0,3,0.0,fragile_growth,0.0,0.0,0.0,1.0,1.0
2020-07-10,0.0,0.0,0.0,1.0,3,0.0,fragile_growth,0.0,0.0,0.0,1.0,1.0
2020-07-17,0.0,0.0,0.0,1.0,3,0.0,fragile_growth,0.0,0.0,0.0,1.0,1.0
2020-07-24,0.0,0.0,0.0,1.0,3,0.0,fragile_growth,0.0,0.0,0.0,1.0,1.0
2020-07-31,0.0,0.0,0.0,1.0,3,0.0,fragile_growth,0.0,0.0,0.0,1.0,1.0
2020-08-07,0.0,7.627841068127483e-299,0.0,1.0,3,0.0,fragile_growth,0.0,7.627841068127483e-299,0.0,1.0,1.0
2020-08-14,0.0,3.8458847613122915e-274,0.0,1.0,3,0.0,fragile_growth,0.0,3.8458847613122915e-274,0.0,1.0,1.0
2020-08-21,0.0,4.237890785573437e-265,0.0,1.0,3,0.0,fragile_growth,0.0,4.237890785573437e-265,0.0,1.0,1.0
2020-08-28,0.0,2.914861028851036e-250,0.0,1.0,3,0.0,fragile_growth,0.0,2.914861028851036e-250,0.0,1.0,1.0
2020-09-04,0.0,5.223536487416304e-133,0.0,1.0,3,0.0,fragile_growth,0.0,5.223536487416304e-133,0.0,1.0,1.0
2020-09-11,0.0,1.3433360049886667e-143,0.0,1.0,3,0.0,fragile_growth,0.0,1.3433360049886667e-143,0.0,1.0,1.0
2020-09-18,0.0,1.95938990160855e-161,0.0,1.0,3,0.0,fragile_growth,0.0,1.95938990160855e-161,0.0,1.0,1.0
2020-09-25,0.0,7.876030835244872e-145,0.0,1.0,3,0.0,fragile_growth,0.0,7.876030835244872e-145,0.0,1.0,1.0
2020-10-02,0.0,1.0,0.0,0.0,1,0.0,risk_on_growth,0.0,1.0,0.0,0.0,1.0
2020-10-09,0.0,1.0,0.0,0.0,1,0.0,risk_on_growth,0.0,1.0,0.0,0.0,1.0
2020-10-16,0.0,1.0,0.0,0.0,1,0.0,risk_on_growth,0.0,1.0,0.0,0.0,1.0
2020-10-23,0.0,1.0,0.0,0.0,1,0.0,risk_on_growth,0.0,1.0,0.0,0.0,1.0
2020-10-30,0.0,1.0,0.0,0.0,1,0.0,risk_on_growth,0.0,1.0,0.0,0.0,1.0
2020-11-06,0.0,1.0,0.0,0.0,1,0.0,risk_on_growth,0.0,1.0,0.0,0.0,1.0
2020-11-13,0.0,1.0,0.0,0.0,1,0.0,risk_on_growth,0.0,1.0,0.0,0.0,1.0
2020-11-20,0.0,1.0,0.0,0.0,1,0.0,risk_on_growth,0.0,1.0,0.0,0.0,1.0
2020-11-27,0.0,1.0,0.0,0.0,1,0.0,risk_on_growth,0.0,1.0,0.0,0.0,1.0
2020-12-04,0.0,1.0,0.0,0.0,1,0.0,risk_on_growth,0.0,1.0,0.0,0.0,1.0
2020-12-11,0.0,1.0,0.0,0.0,1,0.0,risk_on_growth,0.0,1.0,0.0,0.0,1.0
2020-12-18,0.0,1.0,0.0,0.0,1,0.0,risk_on_growth,0.0,1.0,0.0,0.0,1.0
2020-12-25,0.0,1.0,0.0,0.0,1,0.0,risk_on_growth,0.0,1.0,0.0,0.0,1.0
2021-01-01,0.0,1.0,0.0,0.0,1,0.0,risk_on_growth,0.0,1.0,0.0,0.0,1.0
2021-01-08,0.0,1.0,0.0,0.0,1,0.0,risk_on_growth,0.0,1.0,0.0,0.0,1.0
2021-01-15,0.0,1.0,0.0,0.0,1,0.0,risk_on_growth,0.0,1.0,0.0,0.0,1.0
2021-01-22,0.0,1.0,0.0,0.0,1,0.0,risk_on_growth,0.0,1.0,0.0,0.0,1.0
2021-01-29,0.0,1.0,0.0,0.0,1,0.0,risk_on_growth,0.0,1.0,0.0,0.0,1.0
2021-02-05,0.0,1.0,0.0,0.0,1,0.0,risk_on_growth,0.0,1.0,0.0,0.0,1.0
2021-02-12,0.0,1.0,0.0,0.0,1,0.0,risk_on_growth,0.0,1.0,0.0,0.0,1.0
2021-02-19,0.0,1.0,0.0,0.0,1,0.0,risk_on_growth,0.0,1.0,0.0,0.0,1.0
2021-02-26,0.0,1.0,0.0,0.0,1,0.0,risk_on_growth,0.0,1.0,0.0,0.0,1.0
2021-03-05,0.0,1.0,0.0,0.0,1,0.0,risk_on_growth,0.0,1.0,0.0,0.0,1.0
2021-03-12,0.0,1.0,0.0,0.0,1,0.0,risk_on_growth,0.0,1.0,0.0,0.0,1.0
2021-03-19,0.0,1.0,0.0,0.0,1,0.0,risk_on_growth,0.0,1.0,0.0,0.0,1.0
2021-03-26,0.0,1.0,0.0,0.0,1,0.0,risk_on_growth,0.0,1.0,0.0,0.0,1.0
2021-04-02,0.0,1.0,4.485588982927106e-218,0.0,1,0.0,risk_on_growth,4.485588982927106e-218,1.0,0.0,0.0,1.0
2021-04-09,0.0,1.0,9.950108455696993e-191,0.0,1,0.0,risk_on_growth,9.950108455696993e-191,1.0,0.0,0.0,1.0
2021-04-16,0.0,1.0,2.2908530730453625e-190,0.0,1,0.0,risk_on_growth,2.2908530730453625e-190,1.0,0.0,0.0,1.0
2021-04-23,0.0,1.0,1.188532028008169e-184,0.0,1,0.0,risk_on_growth,1.188532028008169e-184,1.0,0.0,0.0,1.0
2021-04-30,0.0,1.0,4.005129701772344e-197,0.0,1,0.0,risk_on_growth,4.005129701772344e-197,1.0,0.0,0.0,1.0
2021-05-07,0.0,1.0,0.0,0.0,1,0.0,risk_on_growth,0.0,1.0,0.0,0.0,1.0
2021-05-14,0.0,1.0,0.0,0.0,1,0.0,risk_on_growth,0.0,1.0,0.0,0.0,1.0
2021-05-21,0.0,1.0,0.0,0.0,1,0.0,risk_on_growth,0.0,1.0,0.0,0.0,1.0
2021-05-28,0.0,1.0,0.0,0.0,1,0.0,risk_on_growth,0.0,1.0,0.0,0.0,1.0
2021-06-04,0.0,1.0,0.0,0.0,1,0.0,risk_on_growth,0.0,1.0,0.0,0.0,1.0
2021-06-11,0.0,1.0,0.0,0.0,1,0.0,risk_on_growth,0.0,1.0,0.0,0.0,1.0
2021-06-18,0.0,1.0,0.0,0.0,1,0.0,risk_on_growth,0.0,1.0,0.0,0.0,1.0
2021-06-25,0.0,1.0,0.0,0.0,1,0.0,risk_on_growth,0.0,1.0,0.0,0.0,1.0
2021-07-02,0.0,1.0,0.0,0.0,1,0.0,risk_on_growth,0.0,1.0,0.0,0.0,1.0
2021-07-09,0.0,1.0,0.0,0.0,1,0.0,risk_on_growth,0.0,1.0,0.0,0.0,1.0
2021-07-16,0.0,1.0,0.0,0.0,1,0.0,risk_on_growth,0.0,1.0,0.0,0.0,1.0
2021-07-23,0.0,1.0,0.0,0.0,1,0.0,risk_on_growth,0.0,1.0,0.0,0.0,1.0
2021-07-30,0.0,1.0,0.0,0.0,1,0.0,risk_on_growth,0.0,1.0,0.0,0.0,1.0
2021-08-06,0.9999997713119888,2.2868801097068589e-07,0.0,0.0,0,2.286880111945777e-07,macro_tightening,0.0,2.2868801097068589e-07,0.9999997713119888,0.0,0.9999997713119888
2021-08-13,0.9999999856598266,1.4340171113046928e-08,0.0,0.0,0,1.434017338208804e-08,macro_tightening,0.0,1.4340171113046928e-08,0.9999999856598266,0.0,0.9999999856598266
2021-08-20,0.9999999953149938,4.685002791932968e-09,0.0,0.0,0,4.685006160798366e-09,macro_tightening,0.0,4.685002791932968e-09,0.9999999953149938,0.0,0.9999999953149938
2021-08-27,0.9999622228629875,3.777713701119329e-05,0.0,0.0,0,3.777713701247354e-05,macro_tightening,0.0,3.777713701119329e-05,0.9999622228629875,0.0,0.9999622228629875
2021-09-03,1.4793118434749064e-24,1.0,9.735647516863298e-244,0.0,1,0.0,risk_on_growth,9.735647516863298e-244,1.0,1.4793118434749064e-24,0.0,1.0
2021-09-10,3.1012479786249156e-22,1.0,4.1895358035452667e-225,0.0,1,0.0,risk_on_growth,4.1895358035452667e-225,1.0,3.1012479786249156e-22,0.0,1.0
2021-09-17,2.0842523942305704e-21,1.0,6.760039248266849e-218,0.0,1,0.0,risk_on_growth,6.760039248266849e-218,1.0,2.0842523942305704e-21,0.0,1.0
2021-09-24,5.491005435760345e-21,1.0,3.994622136492324e-213,0.0,1,0.0,risk_on_growth,3.994622136492324e-213,1.0,5.491005435760345e-21,0.0,1.0
2021-10-01,1.5817946237483455e-23,1.0,4.8212349197890436e-92,0.0,1,0.0,risk_on_growth,4.8212349197890436e-92,1.0,1.5817946237483455e-23,0.0,1.0
2021-10-08,1.7666077778188823e-48,1.0,4.986490114591404e-90,0.0,1,0.0,risk_on_growth,4.986490114591404e-90,1.0,1.7666077778188823e-48,0.0,1.0
2021-10-15,4.6458318526252355e-51,1.0,8.119817233013539e-89,0.0,1,0.0,risk_on_growth,8.119817233013539e-89,1.0,4.6458318526252355e-51,0.0,1.0
2021-10-22,3.2826178470993612e-56,1.0,1.6798448717642115e-82,0.0,1,0.0,risk_on_growth,1.6798448717642115e-82,1.0,3.2826178470993612e-56,0.0,1.0
2021-10-29,1.1376145417591551e-55,1.0,2.496919666631074e-81,0.0,1,0.0,risk_on_growth,2.496919666631074e-81,1.0,1.1376145417591551e-55,0.0,1.0
2021-11-05,2.867971791982496e-68,1.0,5.567857328585021e-68,0.0,1,0.0,risk_on_growth,5.567857328585021e-68,1.0,2.867971791982496e-68,0.0,1.0
2021-11-12,2.7836922623445466e-79,1.0,2.488794773011432e-69,0.0,1,0.0,risk_on_growth,2.488794773011432e-69,1.0,2.7836922623445466e-79,0.0,1.0
2021-11-19,1.8608761576946154e-80,1.0,4.3513881871682846e-75,0.0,1,0.0,risk_on_growth,4.3513881871682846e-75,1.0,1.8608761576946154e-80,0.0,1.0
2021-11-26,1.2336654061590713e-76,1.0,1.7863751395518577e-61,0.0,1,0.0,risk_on_growth,1.7863751395518577e-61,1.0,1.2336654061590713e-76,0.0,1.0
2021-12-03,5.442290990722946e-105,1.0,1.9908430570219537e-48,0.0,1,0.0,risk_on_growth,1.9908430570219537e-48,1.0,5.442290990722946e-105,0.0,1.0
2021-12-10,1.4484648374550295e-114,1.0,2.7717905048713464e-56,0.0,1,0.0,risk_on_growth,2.7717905048713464e-56,1.0,1.4484648374550295e-114,0.0,1.0
2021-12-17,1.4083119990850005e-109,1.0,1.9732977481782392e-49,0.0,1,0.0,risk_on_growth,1.9732977481782392e-49,1.0,1.4083119990850005e-109,0.0,1.0
2021-12-24,1.1296461920247433e-109,1.0,3.1332980496717493e-50,0.0,1,0.0,risk_on_growth,3.1332980496717493e-50,1.0,1.1296461920247433e-109,0.0,1.0
2021-12-31,1.0783394828621448e-105,1.0,2.0909214063480087e-22,0.0,1,0.0,risk_on_growth,2.0909214063480087e-22,1.0,1.0783394828621448e-105,0.0,1.0
2022-01-07,1.748525993487642e-100,1.0,4.2111469235541357e-23,0.0,1,0.0,risk_on_growth,4.2111469235541357e-23,1.0,1.748525993487642e-100,0.0,1.0
2022-01-14,8.705626774174356e-89,1.0,4.1070846146052206e-19,0.0,1,0.0,risk_on_growth,4.1070846146052206e-19,1.0,8.705626774174356e-89,0.0,1.0
2022-01-21,5.228931263618847e-83,0.0,1.0,0.0,2,0.0,risk_off_stress,1.0,0.0,5.228931263618847e-83,0.0,1.0
2022-01-28,8.581206536147455e-84,0.0,1.0,0.0,2,0.0,risk_off_stress,1.0,0.0,8.581206536147455e-84,0.0,1.0
2022-02-04,5.26891166976057e-52,0.0,1.0,0.0,2,0.0,risk_off_stress,1.0,0.0,5.26891166976057e-52,0.0,1.0
2022-02-11,4.3211713682600074e-54,0.0,1.0,0.0,2,0.0,risk_off_stress,1.0,0.0,4.3211713682600074e-54,0.0,1.0
2022-02-18,4.739617011493143e-51,0.0,1.0,0.0,2,0.0,risk_off_stress,1.0,0.0,4.739617011493143e-51,0.0,1.0
2022-02-25,9.928937279244051e-47,0.0,1.0,0.0,2,0.0,risk_off_stress,1.0,0.0,9.928937279244051e-47,0.0,1.0
2022-03-04,2.7223918696299504e-62,0.0,1.0,0.0,2,0.0,risk_off_stress,1.0,0.0,2.7223918696299504e-62,0.0,1.0
2022-03-11,1.4993634144679788e-67,0.0,1.0,0.0,2,0.0,risk_off_stress,1.0,0.0,1.4993634144679788e-67,0.0,1.0
2022-03-18,1.8090086068108944e-55,0.0,1.0,0.0,2,0.0,risk_off_stress,1.0,0.0,1.8090086068108944e-55,0.0,1.0
2022-03-25,8.865492110998773e-73,0.0,1.0,0.0,2,0.0,risk_off_stress,1.0,0.0,8.865492110998773e-73,0.0,1.0
2022-04-01,3.269014126249812e-58,0.0,1.0,0.0,2,0.0,risk_off_stress,1.0,0.0,3.269014126249812e-58,0.0,1.0
2022-04-08,1.0521278740969682e-46,0.0,1.0,0.0,2,0.0,risk_off_stress,1.0,0.0,1.0521278740969682e-46,0.0,1.0
2022-04-15,1.2141280773015701e-49,0.0,1.0,0.0,2,0.0,risk_off_stress,1.0,0.0,1.2141280773015701e-49,0.0,1.0
2022-04-22,4.915697698046957e-70,0.0,1.0,0.0,2,0.0,risk_off_stress,1.0,0.0,4.915697698046957e-70,0.0,1.0
2022-04-29,1.576762435509239e-70,0.0,1.0,0.0,2,0.0,risk_off_stress,1.0,0.0,1.576762435509239e-70,0.0,1.0
2022-05-06,4.310294849803831e-59,0.0,1.0,0.0,2,0.0,risk_off_stress,1.0,0.0,4.310294849803831e-59,0.0,1.0
2022-05-13,2.5171058002055744e-52,0.0,1.0,0.0,2,0.0,risk_off_stress,1.0,0.0,2.5171058002055744e-52,0.0,1.0
2022-05-20,1.8347830786776882e-56,0.0,1.0,0.0,2,0.0,risk_off_stress,1.0,0.0,1.8347830786776882e-56,0.0,1.0
2022-05-27,1.3792123959474556e-40,0.0,1.0,0.0,2,0.0,risk_off_stress,1.0,0.0,1.3792123959474556e-40,0.0,1.0
2022-06-03,1.3334879788148636e-55,0.0,1.0,0.0,2,0.0,risk_off_stress,1.0,0.0,1.3334879788148636e-55,0.0,1.0
2022-06-10,8.170186964290909e-70,0.0,1.0,0.0,2,0.0,risk_off_stress,1.0,0.0,8.170186964290909e-70,0.0,1.0
2022-06-17,6.145473571278499e-100,0.0,1.0,0.0,2,0.0,risk_off_stress,1.0,0.0,6.145473571278499e-100,0.0,1.0
2022-06-24,4.870200788471978e-66,0.0,1.0,0.0,2,0.0,risk_off_stress,1.0,0.0,4.870200788471978e-66,0.0,1.0
2022-07-01,2.4195118042938046e-50,0.0,1.0,0.0,2,0.0,risk_off_stress,1.0,0.0,2.4195118042938046e-50,0.0,1.0
2022-07-08,6.46064305591759e-39,0.0,1.0,0.0,2,0.0,risk_off_stress,1.0,0.0,6.46064305591759e-39,0.0,1.0
2022-07-15,1.7157036269924724e-28,0.0,1.0,0.0,2,0.0,risk_off_stress,1.0,0.0,1.7157036269924724e-28,0.0,1.0
2022-07-22,3.90693837509847e-34,0.0,1.0,0.0,2,0.0,risk_off_stress,1.0,0.0,3.90693837509847e-34,0.0,1.0
2022-07-29,6.216787227986608e-36,0.0,1.0,0.0,2,0.0,risk_off_stress,1.0,0.0,6.216787227986608e-36,0.0,1.0
2022-08-05,6.976057094773545e-40,0.0,1.0,0.0,2,0.0,risk_off_stress,1.0,0.0,6.976057094773545e-40,0.0,1.0
2022-08-12,1.164006372634736e-31,0.0,1.0,0.0,2,0.0,risk_off_stress,1.0,0.0,1.164006372634736e-31,0.0,1.0
2022-08-19,2.1031374163178909e-41,0.0,1.0,0.0,2,0.0,risk_off_stress,1.0,0.0,2.1031374163178909e-41,0.0,1.0
2022-08-26,3.2182244426904766e-40,0.0,1.0,0.0,2,0.0,risk_off_stress,1.0,0.0,3.2182244426904766e-40,0.0,1.0
2022-09-02,5.129138499259438e-41,0.0,1.0,0.0,2,0.0,risk_off_stress,1.0,0.0,5.129138499259438e-41,0.0,1.0
2022-09-09,1.670506592109679e-39,0.0,1.0,0.0,2,0.0,risk_off_stress,1.0,0.0,1.670506592109679e-39,0.0,1.0
2022-09-16,1.1883187202726416e-36,0.0,1.0,0.0,2,0.0,risk_off_stress,1.0,0.0,1.1883187202726416e-36,0.0,1.0
2022-09-23,3.8272948312008956e-43,0.0,1.0,0.0,2,0.0,risk_off_stress,1.0,0.0,3.8272948312008956e-43,0.0,1.0
2022-09-30,4.6501113039011125e-64,0.0,1.0,0.0,2,0.0,risk_off_stress,1.0,0.0,4.6501113039011125e-64,0.0,1.0
2022-10-07,3.4467219568140634e-57,0.0,1.0,0.0,2,0.0,risk_off_stress,1.0,0.0,3.4467219568140634e-57,0.0,1.0
2022-10-14,1.4765379564972972e-74,0.0,1.0,0.0,2,0.0,risk_off_stress,1.0,0.0,1.4765379564972972e-74,0.0,1.0
2022-10-21,6.855529353091363e-86,0.0,1.0,0.0,2,0.0,risk_off_stress,1.0,0.0,6.855529353091363e-86,0.0,1.0
2022-10-28,3.1969149801515473e-85,0.0,1.0,0.0,2,0.0,risk_off_stress,1.0,0.0,3.1969149801515473e-85,0.0,1.0
2022-11-04,2.345754195788589e-94,0.0,1.0,0.0,2,0.0,risk_off_stress,1.0,0.0,2.345754195788589e-94,0.0,1.0
2022-11-11,4.3292973358545085e-71,0.0,1.0,0.0,2,0.0,risk_off_stress,1.0,0.0,4.3292973358545085e-71,0.0,1.0
2022-11-18,2.372819690352149e-69,0.0,1.0,0.0,2,0.0,risk_off_stress,1.0,0.0,2.372819690352149e-69,0.0,1.0
2022-11-25,6.953272372524415e-65,0.0,1.0,0.0,2,0.0,risk_off_stress,1.0,0.0,6.953272372524415e-65,0.0,1.0
2022-12-02,1.4423807152665139e-37,0.0,1.0,0.0,2,0.0,risk_off_stress,1.0,0.0,1.4423807152665139e-37,0.0,1.0
2022-12-09,3.485213068249689e-37,0.0,1.0,0.0,2,0.0,risk_off_stress,1.0,0.0,3.485213068249689e-37,0.0,1.0
2022-12-16,1.4342543219579564e-43,0.0,1.0,0.0,2,0.0,risk_off_stress,1.0,0.0,1.4342543219579564e-43,0.0,1.0
2022-12-23,4.596407405443695e-31,0.0,1.0,0.0,2,0.0,risk_off_stress,1.0,0.0,4.596407405443695e-31,0.0,1.0
2022-12-30,1.1624146062168142e-27,0.0,1.0,0.0,2,0.0,risk_off_stress,1.0,0.0,1.1624146062168142e-27,0.0,1.0
2023-01-06,4.2740390643973206e-12,0.0,0.9999999999957261,0.0,2,4.273914555597003e-12,risk_off_stress,0.9999999999957261,0.0,4.2740390643973206e-12,0.0,0.9999999999957261
2023-01-13,0.9999988828032672,0.0,1.1171967339828881e-06,0.0,0,1.1171967327916477e-06,macro_tightening,1.1171967339828881e-06,0.0,0.9999988828032672,0.0,0.9999988828032672
2023-01-20,1.0,0.0,1.4753027458457248e-15,0.0,0,0.0,macro_tightening,1.4753027458457248e-15,0.0,1.0,0.0,1.0
2023-01-27,1.0,0.0,1.2968522428228629e-19,0.0,0,0.0,macro_tightening,1.2968522428228629e-19,0.0,1.0,0.0,1.0
2023-02-03,1.0,0.0,7.01328599630405e-49,0.0,0,0.0,macro_tightening,7.01328599630405e-49,0.0,1.0,0.0,1.0
2023-02-10,1.0,0.0,3.094738071793866e-55,0.0,0,0.0,macro_tightening,3.094738071793866e-55,0.0,1.0,0.0,1.0
2023-02-17,1.0,0.0,6.2715583526192546e-49,0.0,0,0.0,macro_tightening,6.2715583526192546e-49,0.0,1.0,0.0,1.0
2023-02-24,1.0,0.0,1.7962400414887758e-28,0.0,0,0.0,macro_tightening,1.7962400414887758e-28,0.0,1.0,0.0,1.0
2023-03-03,1.0,0.0,5.414569536898319e-19,0.0,0,0.0,macro_tightening,5.414569536898319e-19,0.0,1.0,0.0,1.0
2023-03-10,1.0,0.0,6.223508399529013e-20,0.0,0,0.0,macro_tightening,6.223508399529013e-20,0.0,1.0,0.0,1.0
2023-03-17,1.0,0.0,4.3930343028036436e-36,0.0,0,0.0,macro_tightening,4.3930343028036436e-36,0.0,1.0,0.0,1.0
2023-03-24,1.0,0.0,1.0081488459615206e-48,0.0,0,0.0,macro_tightening,1.0081488459615206e-48,0.0,1.0,0.0,1.0
2023-03-31,1.0,0.0,4.3436348660673704e-57,0.0,0,0.0,macro_tightening,4.3436348660673704e-57,0.0,1.0,0.0,1.0
2023-04-07,1.0,7.576605181351088e-174,1.2749471118533808e-53,0.0,0,0.0,macro_tightening,1.2749471118533808e-53,7.576605181351088e-174,1.0,0.0,1.0
2023-04-14,1.0,1.736853431094155e-58,3.019338950615885e-57,0.0,0,0.0,macro_tightening,3.019338950615885e-57,1.736853431094155e-58,1.0,0.0,1.0
2023-04-21,1.0,6.468511433636175e-53,3.737309684508124e-58,0.0,0,0.0,macro_tightening,3.737309684508124e-58,6.468511433636175e-53,1.0,0.0,1.0
2023-04-28,1.0,1.3219806292974825e-38,4.002544971086119e-86,0.0,0,0.0,macro_tightening,4.002544971086119e-86,1.3219806292974825e-38,1.0,0.0,1.0
2023-05-05,1.0,4.4891186919164117e-38,1.3135894244641307e-59,0.0,0,0.0,macro_tightening,1.3135894244641307e-59,4.4891186919164117e-38,1.0,0.0,1.0
2023-05-12,1.0,1.599135995614641e-21,6.037562552019685e-50,0.0,0,0.0,macro_tightening,6.037562552019685e-50,1.599135995614641e-21,1.0,0.0,1.0
2023-05-19,0.9999999999623288,3.767122143692314e-11,7.167100001446374e-50,0.0,0,3.767119949316111e-11,macro_tightening,7.167100001446374e-50,3.767122143692314e-11,0.9999999999623288,0.0,0.9999999999623288
2023-05-26,0.9999999994909441,5.090557634044706e-10,5.17211209610701e-72,0.0,0,5.09055908537448e-10,macro_tightening,5.17211209610701e-72,5.090557634044706e-10,0.9999999994909441,0.0,0.9999999994909441
2023-06-02,0.9999999965411384,3.458861849510935e-09,1.7123008823913076e-80,0.0,0,3.458861641547628e-09,macro_tightening,1.7123008823913076e-80,3.458861849510935e-09,0.9999999965411384,0.0,0.9999999965411384
2023-06-09,0.9999631893456199,3.681065438050223e-05,6.5666118128962944e-74,0.0,0,3.681065438010389e-05,macro_tightening,6.5666118128962944e-74,3.681065438050223e-05,0.9999631893456199,0.0,0.9999631893456199
2023-06-16,1.1899972113071326e-12,0.9999999999988098,3.391612616104511e-78,0.0,1,1.1901590823981678e-12,risk_on_growth,3.391612616104511e-78,0.9999999999988098,1.1899972113071326e-12,0.0,0.9999999999988098
2023-06-23,1.0617535452670238e-15,0.9999999999999982,5.325401551868289e-66,0.0,1,1.7763568394002505e-15,risk_on_growth,5.325401551868289e-66,0.9999999999999982,1.0617535452670238e-15,0.0,0.9999999999999982
2023-06-30,2.8916523199793494e-20,1.0,8.165974226444412e-73,0.0,1,0.0,risk_on_growth,8.165974226444412e-73,1.0,2.8916523199793494e-20,0.0,1.0
2023-07-07,1.6803641689963763e-18,1.0,3.949833594943293e-91,0.0,1,0.0,risk_on_growth,3.949833594943293e-91,1.0,1.6803641689963763e-18,0.0,1.0
2023-07-14,1.0980087430747826e-13,0.9999999999998902,8.166534578156956e-89,0.0,1,1.0980105713542798e-13,risk_on_growth,8.166534578156956e-89,0.9999999999998902,1.0980087430747826e-13,0.0,0.9999999999998902
2023-07-21,6.919094346332554e-12,0.9999999999930811,1.0347592219549255e-86,0.0,1,6.9189098894639756e-12,risk_on_growth,1.0347592219549255e-86,0.9999999999930811,6.919094346332554e-12,0.0,0.9999999999930811
2023-07-28,3.663765358486549e-14,0.9999999999999636,1.1132542477894259e-87,0.0,1,3.6415315207705135e-14,risk_on_growth,1.1132542477894259e-87,0.9999999999999636,3.663765358486549e-14,0.0,0.9999999999999636
2023-08-04,1.5522033775063478e-15,0.9999999999999982,4.8038896877417387e-63,0.0,1,1.7763568394002505e-15,risk_on_growth,4.8038896877417387e-63,0.9999999999999982,1.5522033775063478e-15,0.0,0.9999999999999982
2023-08-11,1.2504679889911108e-14,0.9999999999999876,2.5172607540815834e-57,0.0,1,1.2434497875801753e-14,risk_on_growth,2.5172607540815834e-57,0.9999999999999876,1.2504679889911108e-14,0.0,0.9999999999999876
2023-08-18,7.482392022122504e-10,0.9999999992517612,1.6622731657649796e-51,0.0,1,7.482388042490129e-10,risk_on_growth,1.6622731657649796e-51,0.9999999992517612,7.482392022122504e-10,0.0,0.9999999992517612
2023-08-25,6.656173666425597e-13,0.9999999999993348,9.420559787789126e-55,0.0,1,6.652456363553938e-13,risk_on_growth,9.420559787789126e-55,0.9999999999993348,6.656173666425597e-13,0.0,0.9999999999993348
2023-09-01,4.509060528091387e-12,0.9999999999954907,1.3338758099319024e-67,0.0,1,4.509281836817536e-12,risk_on_growth,1.3338758099319024e-67,0.9999999999954907,4.509060528091387e-12,0.0,0.9999999999954907
2023-09-08,1.498283090159289e-13,0.9999999999998508,1.2009814834437195e-64,0.0,1,1.4921397450962104e-13,risk_on_growth,1.2009814834437195e-64,0.9999999999998508,1.498283090159289e-13,0.0,0.9999999999998508
2023-09-15,1.2998760330878712e-10,0.9999999998700124,3.204716958242258e-57,0.0,1,1.2998757625837243e-10,risk_on_growth,3.204716958242258e-57,0.9999999998700124,1.2998760330878712e-10,0.0,0.9999999998700124
2023-09-22,1.1775862150606023e-12,0.9999999999988223,6.643145705349365e-63,0.0,1,1.177724584522366e-12,risk_on_growth,6.643145705349365e-63,0.9999999999988223,1.1775862150606023e-12,0.0,0.9999999999988223
2023-09-29,5.990744309595494e-16,0.9999999999999994,8.705314277065337e-64,0.0,1,5.551115123125783e-16,risk_on_growth,8.705314277065337e-64,0.9999999999999994,5.990744309595494e-16,0.0,0.9999999999999994
2023-10-06,1.689000651655595e-15,0.9999999999999983,7.885097223405491e-77,0.0,1,1.6653345369377348e-15,risk_on_growth,7.885097223405491e-77,0.9999999999999983,1.689000651655595e-15,0.0,0.9999999999999983
2023-10-13,1.3684395904529847e-15,0.9999999999999987,2.8669621535063087e-71,0.0,1,1.3322676295501878e-15,risk_on_growth,2.8669621535063087e-71,0.9999999999999987,1.3684395904529847e-15,0.0,0.9999999999999987
2023-10-20,1.2049120585418148e-22,1.0,4.009033301182568e-72,0.0,1,0.0,risk_on_growth,4.009033301182568e-72,1.0,1.2049120585418148e-22,0.0,1.0
2023-10-27,8.667218207040798e-13,0.9999999999991331,1.9647411768759296e-53,0.0,1,8.668621376273222e-13,risk_on_growth,1.9647411768759296e-53,0.9999999999991331,8.667218207040798e-13,0.0,0.9999999999991331
2023-11-03,0.9999998533751083,1.4662489178133533e-07,5.554810408662223e-64,0.0,0,1.4662489167260873e-07,macro_tightening,5.554810408662223e-64,1.4662489178133533e-07,0.9999998533751083,0.0,0.9999998533751083
2023-11-10,0.07519290896855471,0.9248070910314458,2.0099327556756012e-73,0.0,1,0.07519290896855424,risk_on_growth,2.0099327556756012e-73,0.9248070910314458,0.07519290896855471,0.0,0.9248070910314458
2023-11-17,0.002275227743747579,0.9977247722562524,9.670684983492483e-73,0.0,1,0.0022752277437475543,risk_on_growth,9.670684983492483e-73,0.9977247722562524,0.002275227743747579,0.0,0.9977247722562524
2023-11-24,0.011065702801965626,0.9889342971980343,6.2662468699344834e-77,0.0,1,0.011065702801965727,risk_on_growth,6.2662468699344834e-77,0.9889342971980343,0.011065702801965626,0.0,0.9889342971980343
2023-12-01,0.999999837170184,1.628298159612259e-07,8.893037985620564e-69,0.0,0,1.6282981596393853e-07,macro_tightening,8.893037985620564e-69,1.628298159612259e-07,0.999999837170184,0.0,0.999999837170184
2023-12-08,0.9999999999754741,2.4525930691650692e-11,7.965726994397097e-107,0.0,0,2.4525936836994333e-11,macro_tightening,7.965726994397097e-107,2.4525930691650692e-11,0.9999999999754741,0.0,0.9999999999754741
2023-12-15,1.0,9.792297774605741e-26,2.2548238270747192e-101,0.0,0,0.0,macro_tightening,2.2548238270747192e-101,9.792297774605741e-26,1.0,0.0,1.0
2023-12-22,1.0,1.8137561376340608e-28,1.4752461645704315e-100,0.0,0,0.0,macro_tightening,1.4752461645704315e-100,1.8137561376340608e-28,1.0,0.0,1.0
2023-12-29,1.0,1.84924948274605e-41,6.769674495979108e-95,0.0,0,0.0,macro_tightening,6.769674495979108e-95,1.84924948274605e-41,1.0,0.0,1.0
2024-01-05,1.0,2.7618767291203513e-37,1.1693188132595233e-57,0.0,0,0.0,macro_tightening,1.1693188132595233e-57,2.7618767291203513e-37,1.0,0.0,1.0
2024-01-12,1.0,3.0900550911803354e-37,2.152391926807193e-60,0.0,0,0.0,macro_tightening,2.152391926807193e-60,3.0900550911803354e-37,1.0,0.0,1.0
2024-01-19,1.0,1.4305037051695216e-39,2.505814722208969e-70,0.0,0,0.0,macro_tightening,2.505814722208969e-70,1.4305037051695216e-39,1.0,0.0,1.0
2024-01-26,1.0,2.314269712524472e-37,2.7147404609556813e-73,0.0,0,0.0,macro_tightening,2.7147404609556813e-73,2.314269712524472e-37,1.0,0.0,1.0
2024-02-02,1.0,2.8992215770544457e-24,4.800913788536597e-80,0.0,0,0.0,macro_tightening,4.800913788536597e-80,2.8992215770544457e-24,1.0,0.0,1.0
2024-02-09,1.0,2.594961361445801e-19,4.513422450471837e-67,0.0,0,0.0,macro_tightening,4.513422450471837e-67,2.594961361445801e-19,1.0,0.0,1.0
2024-02-16,0.9999998077659018,1.9223409799443834e-07,2.1059031594943684e-53,0.0,0,1.9223409819524306e-07,macro_tightening,2.1059031594943684e-53,1.9223409799443834e-07,0.9999998077659018,0.0,0.9999998077659018
2024-02-23,0.9999999970981364,2.901864049234319e-09,2.29253316487513e-62,0.0,0,2.9018636382716068e-09,macro_tightening,2.29253316487513e-62,2.901864049234319e-09,0.9999999970981364,0.0,0.9999999970981364
2024-03-01,0.0013842545354410798,0.9986157454645583,2.710103734588099e-60,0.0,1,0.0013842545354416647,risk_on_growth,2.710103734588099e-60,0.9986157454645583,0.0013842545354410798,0.0,0.9986157454645583
2024-03-08,0.00033049520484561165,0.9996695047951542,4.940772560251048e-52,0.0,1,0.0003304952048458487,risk_on_growth,4.940772560251048e-52,0.9996695047951542,0.00033049520484561165,0.0,0.9996695047951542
2024-03-15,4.76771546719321e-16,0.9999999999999996,1.9435092095168585e-58,0.0,1,4.440892098500626e-16,risk_on_growth,1.9435092095168585e-58,0.9999999999999996,4.76771546719321e-16,0.0,0.9999999999999996
2024-03-22,2.208430418193768e-13,0.9999999999997788,4.984950318531654e-53,0.0,1,2.2115642650533118e-13,risk_on_growth,4.984950318531654e-53,0.9999999999997788,2.208430418193768e-13,0.0,0.9999999999997788
2024-03-29,6.36931544346095e-14,0.9999999999999363,1.6483737532973972e-56,0.0,1,6.372680161348399e-14,risk_on_growth,1.6483737532973972e-56,0.9999999999999363,6.36931544346095e-14,0.0,0.9999999999999363
2024-04-05,4.326643750872239e-12,0.9999999999956733,1.0389654943361739e-66,0.0,1,4.3266501492666976e-12,risk_on_growth,1.0389654943361739e-66,0.9999999999956733,4.326643750872239e-12,0.0,0.9999999999956733
2024-04-12,1.6265264773875744e-13,0.9999999999998372,1.8347603554356615e-60,0.0,1,1.6275869541004795e-13,risk_on_growth,1.8347603554356615e-60,0.9999999999998372,1.6265264773875744e-13,0.0,0.9999999999998372
2024-04-19,2.8867199819900854e-20,1.0,1.3027691734772053e-63,0.0,1,0.0,risk_on_growth,1.3027691734772053e-63,1.0,2.8867199819900854e-20,0.0,1.0
2024-04-26,8.721987242598409e-16,0.9999999999999991,1.3801772002689058e-50,0.0,1,8.881784197001252e-16,risk_on_growth,1.3801772002689058e-50,0.9999999999999991,8.721987242598409e-16,0.0,0.9999999999999991
2024-05-03,8.339665779422506e-14,0.9999999999999165,3.0107393652461526e-50,0.0,1,8.348877145181177e-14,risk_on_growth,3.0107393652461526e-50,0.9999999999999165,8.339665779422506e-14,0.0,0.9999999999999165
2024-05-10,2.7986470990050652e-11,0.9999999999720135,3.8079009355253775e-44,0.0,1,2.7986502004750946e-11,risk_on_growth,3.8079009355253775e-44,0.9999999999720135,2.7986470990050652e-11,0.0,0.9999999999720135
2024-05-17,1.0138513183080058e-07,0.9999998986148684,1.671113744948397e-42,0.0,1,1.0138513162338825e-07,risk_on_growth,1.671113744948397e-42,0.9999998986148684,1.0138513183080058e-07,0.0,0.9999998986148684
2024-05-24,1.774131985702357e-09,0.9999999982258672,6.777011930950191e-50,0.0,1,1.7741328406373214e-09,risk_on_growth,6.777011930950191e-50,0.9999999982258672,1.774131985702357e-09,0.0,0.9999999982258672
2024-05-31,1.82646600254886e-10,0.9999999998173532,4.958742125797622e-47,0.0,1,1.8264678658397315e-10,risk_on_growth,4.958742125797622e-47,0.9999999998173532,1.82646600254886e-10,0.0,0.9999999998173532
2024-06-07,2.796233815956353e-06,0.9999972037661845,4.6692457833219826e-46,0.0,1,2.796233815494098e-06,risk_on_growth,4.6692457833219826e-46,0.9999972037661845,2.796233815956353e-06,0.0,0.9999972037661845
2024-06-14,0.9134445451083875,0.08655545489161251,2.6534558530446317e-44,0.0,0,0.08655545489161254,macro_tightening,2.6534558530446317e-44,0.08655545489161251,0.9134445451083875,0.0,0.9134445451083875
2024-06-21,0.02842584739694203,0.971574152603058,2.835468915945344e-45,0.0,1,0.028425847396941983,risk_on_growth,2.835468915945344e-45,0.971574152603058,0.02842584739694203,0.0,0.971574152603058
2024-06-28,0.01886453160911771,0.9811354683908831,3.625465659133473e-43,0.0,1,0.01886453160911694,risk_on_growth,3.625465659133473e-43,0.9811354683908831,0.01886453160911771,0.0,0.9811354683908831
2024-07-05,0.9900650661645117,0.009934933835488286,1.200527668315551e-45,0.0,0,0.009934933835488269,macro_tightening,1.200527668315551e-45,0.009934933835488286,0.9900650661645117,0.0,0.9900650661645117
2024-07-12,0.9999999414610573,5.853894280451924e-08,6.113514716731434e-38,0.0,0,5.853894269325366e-08,macro_tightening,6.113514716731434e-38,5.853894280451924e-08,0.9999999414610573,0.0,0.9999999414610573
2024-07-19,0.9999999999998213,1.7875285285840033e-13,1.5537134681205496e-42,0.0,0,1.787459069646502e-13,macro_tightening,1.5537134681205496e-42,1.7875285285840033e-13,0.9999999999998213,0.0,0.9999999999998213
2024-07-26,0.9999999999999996,3.84066082252296e-16,1.2527528022628969e-34,0.0,0,4.440892098500626e-16,macro_tightening,1.2527528022628969e-34,3.84066082252296e-16,0.9999999999999996,0.0,0.9999999999999996
2024-08-02,1.0,4.603983913466519e-76,1.561786800971458e-129,0.0,0,0.0,macro_tightening,1.561786800971458e-129,4.603983913466519e-76,1.0,0.0,1.0
2024-08-09,1.0,5.056123131546327e-69,2.2112196339982434e-113,0.0,0,0.0,macro_tightening,2.2112196339982434e-113,5.056123131546327e-69,1.0,0.0,1.0
2024-08-16,1.0,5.842702978049956e-63,1.4308700059209653e-121,0.0,0,0.0,macro_tightening,1.4308700059209653e-121,5.842702978049956e-63,1.0,0.0,1.0
2024-08-23,1.0,7.89840653939957e-73,9.025011675116869e-139,0.0,0,0.0,macro_tightening,9.025011675116869e-139,7.89840653939957e-73,1.0,0.0,1.0
2024-08-30,1.0,1.1096185888180633e-70,2.5400361941646268e-166,0.0,0,0.0,macro_tightening,2.5400361941646268e-166,1.1096185888180633e-70,1.0,0.0,1.0
2024-09-06,1.0,9.80337651250981e-89,6.133364566030644e-175,0.0,0,0.0,macro_tightening,6.133364566030644e-175,9.80337651250981e-89,1.0,0.0,1.0
2024-09-13,1.0,2.0651920612314116e-80,9.539541208266277e-178,0.0,0,0.0,macro_tightening,9.539541208266277e-178,2.0651920612314116e-80,1.0,0.0,1.0
2024-09-20,1.0,7.487365973855798e-72,4.0614009091623796e-178,0.0,0,0.0,macro_tightening,4.0614009091623796e-178,7.487365973855798e-72,1.0,0.0,1.0
2024-09-27,1.0,4.430066663275398e-80,5.571011902176489e-178,0.0,0,0.0,macro_tightening,5.571011902176489e-178,4.430066663275398e-80,1.0,0.0,1.0
2024-10-04,1.0,1.1717318632952208e-70,3.0233362717850637e-157,0.0,0,0.0,macro_tightening,3.0233362717850637e-157,1.1717318632952208e-70,1.0,0.0,1.0
2024-10-11,1.0,3.1310195787093066e-70,2.85899814391471e-159,0.0,0,0.0,macro_tightening,2.85899814391471e-159,3.1310195787093066e-70,1.0,0.0,1.0
2024-10-18,1.0,1.2760169892030688e-60,1.1842515952301222e-154,0.0,0,0.0,macro_tightening,1.1842515952301222e-154,1.2760169892030688e-60,1.0,0.0,1.0
2024-10-25,1.0,9.229695229733636e-51,7.211949652971616e-123,0.0,0,0.0,macro_tightening,7.211949652971616e-123,9.229695229733636e-51,1.0,0.0,1.0
2024-11-01,6.7740434523927644e-06,0.9999932259565473,2.4511474818657217e-30,0.0,1,6.774043452728584e-06,risk_on_growth,2.4511474818657217e-30,0.9999932259565473,6.7740434523927644e-06,0.0,0.9999932259565473
2024-11-08,2.8657892430030388e-11,0.999999999971342,5.67518364604888e-34,0.0,1,2.865796489004424e-11,risk_on_growth,5.67518364604888e-34,0.999999999971342,2.8657892430030388e-11,0.0,0.999999999971342
2024-11-15,9.037945807160415e-13,0.9999999999990963,5.669716441291397e-34,0.0,1,9.037215420448774e-13,risk_on_growth,5.669716441291397e-34,0.9999999999990963,9.037945807160415e-13,0.0,0.9999999999990963
2024-11-22,2.4908197740537405e-12,0.9999999999975092,1.1477073884103565e-38,0.0,1,2.4907853557465387e-12,risk_on_growth,1.1477073884103565e-38,0.9999999999975092,2.4908197740537405e-12,0.0,0.9999999999975092
2024-11-29,4.650168314529348e-11,0.9999999999534983,2.3917725710360926e-43,0.0,1,4.650169138642468e-11,risk_on_growth,2.3917725710360926e-43,0.9999999999534983,4.650168314529348e-11,0.0,0.9999999999534983
2024-12-06,4.0564175227832404e-11,0.999999999959436,6.142929101186873e-44,0.0,1,4.056399660612442e-11,risk_on_growth,6.142929101186873e-44,0.999999999959436,4.0564175227832404e-11,0.0,0.999999999959436
2024-12-13,4.028571080397654e-12,0.9999999999959714,6.8156245140830706e-43,0.0,1,4.028555267154843e-12,risk_on_growth,6.8156245140830706e-43,0.9999999999959714,4.028571080397654e-12,0.0,0.9999999999959714
2024-12-20,1.0957276032384524e-10,0.9999999998904272,7.876189788562664e-42,0.0,1,1.0957279528156505e-10,risk_on_growth,7.876189788562664e-42,0.9999999998904272,1.0957276032384524e-10,0.0,0.9999999998904272
2024-12-27,3.9378864298343883e-10,0.9999999996062114,1.1500116575523973e-43,0.0,1,3.9378855731797557e-10,risk_on_growth,1.1500116575523973e-43,0.9999999996062114,3.9378864298343883e-10,0.0,0.9999999996062114
2025-01-03,2.719401077896337e-14,0.9999999999999725,1.763166667927179e-43,0.0,1,2.7533531010703882e-14,risk_on_growth,1.763166667927179e-43,0.9999999999999725,2.719401077896337e-14,0.0,0.9999999999999725
2025-01-10,9.671497589109022e-16,0.999999999999999,3.998153574282861e-45,0.0,1,9.992007221626409e-16,risk_on_growth,3.998153574282861e-45,0.999999999999999,9.671497589109022e-16,0.0,0.999999999999999
2025-01-17,2.2769374112601694e-15,0.9999999999999973,8.639413580560465e-34,0.0,1,2.6645352591003757e-15,risk_on_growth,8.639413580560465e-34,0.9999999999999973,2.2769374112601694e-15,0.0,0.9999999999999973
2025-01-24,4.6709439739224254e-14,0.9999999999999538,2.6062910175844455e-31,0.0,1,4.618527782440651e-14,risk_on_growth,2.6062910175844455e-31,0.9999999999999538,4.6709439739224254e-14,0.0,0.9999999999999538
2025-01-31,4.021218350767729e-12,0.9999999999959788,1.1819433850297566e-16,0.0,1,4.021227795192317e-12,risk_on_growth,1.1819433850297566e-16,0.9999999999959788,4.021218350767729e-12,0.0,0.9999999999959788
2025-02-07,2.144703682459931e-12,0.9999999999978555,1.1384104817966103e-21,0.0,1,2.1445067943659524e-12,risk_on_growth,1.1384104817966103e-21,0.9999999999978555,2.144703682459931e-12,0.0,0.9999999999978555
2025-02-14,7.414483834444058e-09,0.9999999925855163,7.687901369950439e-20,0.0,1,7.4144836936795855e-09,risk_on_growth,7.687901369950439e-20,0.9999999925855163,7.414483834444058e-09,0.0,0.9999999925855163
2025-02-21,5.1907637017191434e-09,0.999999994809236,3.0818479292053434e-16,0.0,1,5.190764040818863e-09,risk_on_growth,3.0818479292053434e-16,0.999999994809236,5.1907637017191434e-09,0.0,0.999999994809236
2025-02-28,3.3246040996720836e-05,0.9999667527465922,1.2124110178172207e-09,0.0,1,3.324725340780876e-05,risk_on_growth,1.2124110178172207e-09,0.9999667527465922,3.3246040996720836e-05,0.0,0.9999667527465922
2025-03-07,1.1860392249998827e-09,0.0,0.9999999988139603,0.0,2,1.1860397108875986e-09,risk_off_stress,0.9999999988139603,0.0,1.1860392249998827e-09,0.0,0.9999999988139603
2025-03-14,2.7584660876807033e-10,0.0,0.9999999997241531,0.0,2,2.758469008767861e-10,risk_off_stress,0.9999999997241531,0.0,2.7584660876807033e-10,0.0,0.9999999997241531
2025-03-21,4.8125309768162185e-12,0.0,0.9999999999951878,0.0,2,4.8121506779352785e-12,risk_off_stress,0.9999999999951878,0.0,4.8125309768162185e-12,0.0,0.9999999999951878
2025-03-28,5.500806415138403e-15,0.0,0.9999999999999947,0.0,2,5.329070518200751e-15,risk_off_stress,0.9999999999999947,0.0,5.500806415138403e-15,0.0,0.9999999999999947
2025-04-04,1.0783826926688731e-36,0.0,1.0,0.0,2,0.0,risk_off_stress,1.0,0.0,1.0783826926688731e-36,0.0,1.0
2025-04-11,5.101720860651833e-19,0.0,1.0,0.0,2,0.0,risk_off_stress,1.0,0.0,5.101720860651833e-19,0.0,1.0
2025-04-18,2.4422404486094856e-19,0.0,1.0,0.0,2,0.0,risk_off_stress,1.0,0.0,2.4422404486094856e-19,0.0,1.0
2025-04-25,1.0457693671244621e-08,0.0,0.9999999895423066,0.0,2,1.04576933779299e-08,risk_off_stress,0.9999999895423066,0.0,1.0457693671244621e-08,0.0,0.9999999895423066
2025-05-02,0.9999999965869559,0.0,3.41304458880054e-09,0.0,0,3.4130440695889774e-09,macro_tightening,3.41304458880054e-09,0.0,0.9999999965869559,0.0,0.9999999965869559
2025-05-09,1.0,0.0,5.67591525232403e-17,0.0,0,0.0,macro_tightening,5.67591525232403e-17,0.0,1.0,0.0,1.0
2025-05-16,1.0,1.013734293059448e-59,1.66922531547316e-25,0.0,0,0.0,macro_tightening,1.66922531547316e-25,1.013734293059448e-59,1.0,0.0,1.0
2025-05-23,1.0,9.690757895347452e-74,3.286888426964849e-33,0.0,0,0.0,macro_tightening,3.286888426964849e-33,9.690757895347452e-74,1.0,0.0,1.0
2025-05-30,1.0,1.1083415613841868e-74,3.989598466541336e-28,0.0,0,0.0,macro_tightening,3.989598466541336e-28,1.1083415613841868e-74,1.0,0.0,1.0
2025-06-06,1.0,1.3050757928375461e-30,2.7190818905566057e-39,0.0,0,0.0,macro_tightening,2.7190818905566057e-39,1.3050757928375461e-30,1.0,0.0,1.0
2025-06-13,1.0,7.622707078924049e-38,3.896210838066944e-46,0.0,0,0.0,macro_tightening,3.896210838066944e-46,7.622707078924049e-38,1.0,0.0,1.0
2025-06-20,1.0,3.836917529106e-36,2.895344537931592e-41,0.0,0,0.0,macro_tightening,2.895344537931592e-41,3.836917529106e-36,1.0,0.0,1.0
2025-06-27,1.0,3.493877643163562e-23,1.5368139650763316e-45,0.0,0,0.0,macro_tightening,1.5368139650763316e-45,3.493877643163562e-23,1.0,0.0,1.0
2025-07-04,1.0,3.5825417209722244e-22,1.3650930587246858e-76,0.0,0,0.0,macro_tightening,1.3650930587246858e-76,3.5825417209722244e-22,1.0,0.0,1.0
2025-07-11,1.0,4.8393081320935244e-17,1.3762177725494848e-75,0.0,0,0.0,macro_tightening,1.3762177725494848e-75,4.8393081320935244e-17,1.0,0.0,1.0
2025-07-18,0.9999999999999982,2.2003915259452545e-15,5.488653436671538e-82,0.0,0,1.7763568394002505e-15,macro_tightening,5.488653436671538e-82,2.2003915259452545e-15,0.9999999999999982,0.0,0.9999999999999982
2025-07-25,0.9999999999852373,1.4762815572347122e-11,9.951547254903313e-85,0.0,0,1.476274658074317e-11,macro_tightening,9.951547254903313e-85,1.4762815572347122e-11,0.9999999999852373,0.0,0.9999999999852373
2025-08-01,0.9999999999999982,1.4626969328225097e-15,1.6841032163555076e-128,0.0,0,1.7763568394002505e-15,macro_tightening,1.6841032163555076e-128,1.4626969328225097e-15,0.9999999999999982,0.0,0.9999999999999982
2025-08-08,0.9999999999999929,7.772017646222599e-15,4.0665518227922306e-126,0.0,0,7.105427357601002e-15,macro_tightening,4.0665518227922306e-126,7.772017646222599e-15,0.9999999999999929,0.0,0.9999999999999929
2025-08-15,1.0,1.0423015774906789e-17,3.210898763709513e-153,0.0,0,0.0,macro_tightening,3.210898763709513e-153,1.0423015774906789e-17,1.0,0.0,1.0
2025-08-22,1.0,6.992344121812365e-21,6.545599441566952e-160,0.0,0,0.0,macro_tightening,6.545599441566952e-160,6.992344121812365e-21,1.0,0.0,1.0
2025-08-29,1.0,1.1444529045184867e-19,1.3818225969296314e-145,0.0,0,0.0,macro_tightening,1.3818225969296314e-145,1.1444529045184867e-19,1.0,0.0,1.0
2025-09-05,1.0,1.6894818149806982e-23,1.2782408660800555e-132,0.0,0,0.0,macro_tightening,1.2782408660800555e-132,1.6894818149806982e-23,1.0,0.0,1.0
2025-09-12,1.0,2.5581282191975065e-18,1.2281275925266995e-125,0.0,0,0.0,macro_tightening,1.2281275925266995e-125,2.5581282191975065e-18,1.0,0.0,1.0
2025-09-19,0.9999999999999911,8.75625850818096e-15,3.455266366000439e-123,0.0,0,8.881784197001252e-15,macro_tightening,3.455266366000439e-123,8.75625850818096e-15,0.9999999999999911,0.0,0.9999999999999911
2025-09-26,0.9999999999999762,2.3710744510950708e-14,1.291372507476397e-111,0.0,0,2.375877272697835e-14,macro_tightening,1.291372507476397e-111,2.3710744510950708e-14,0.9999999999999762,0.0,0.9999999999999762
2025-10-03,0.9999999999999973,2.7314772508371136e-15,3.0829423773692906e-79,0.0,0,2.6645352591003757e-15,macro_tightening,3.0829423773692906e-79,2.7314772508371136e-15,0.9999999999999973,0.0,0.9999999999999973
2025-10-10,0.9999999999999676,3.257557950104537e-14,6.848410678627907e-71,0.0,0,3.241851231905457e-14,macro_tightening,6.848410678627907e-71,3.257557950104537e-14,0.9999999999999676,0.0,0.9999999999999676
2025-10-17,1.0,2.17170295914916e-18,8.130182955236725e-65,0.0,0,0.0,macro_tightening,8.130182955236725e-65,2.17170295914916e-18,1.0,0.0,1.0
2025-10-24,0.9999999998045199,1.9548003052329838e-10,8.37396941767913e-71,0.0,0,1.9548007657022026e-10,macro_tightening,8.37396941767913e-71,1.9548003052329838e-10,0.9999999998045199,0.0,0.9999999998045199
2025-10-31,0.9999999937205046,6.2794953144461554e-09,2.5795468987007543e-91,0.0,0,6.2794953681333254e-09,macro_tightening,2.5795468987007543e-91,6.2794953144461554e-09,0.9999999937205046,0.0,0.9999999937205046
2025-11-07,0.9999999999999996,5.416570884131253e-16,4.01519694674879e-84,0.0,0,4.440892098500626e-16,macro_tightening,4.01519694674879e-84,5.416570884131253e-16,0.9999999999999996,0.0,0.9999999999999996
2025-11-14,0.9999999999999953,4.6006715782684854e-15,3.8332433297816616e-95,0.0,0,4.6629367034256575e-15,macro_tightening,3.8332433297816616e-95,4.6006715782684854e-15,0.9999999999999953,0.0,0.9999999999999953
2025-11-21,1.0,7.952717010696823e-17,9.153963289145417e-86,0.0,0,0.0,macro_tightening,9.153963289145417e-86,7.952717010696823e-17,1.0,0.0,1.0
2025-11-28,0.9999999999993301,6.700143826245928e-13,6.040779643599998e-84,0.0,0,6.699085730588195e-13,macro_tightening,6.040779643599998e-84,6.700143826245928e-13,0.9999999999993301,0.0,0.9999999999993301
2025-12-05,0.9999999999902105,9.789673378184129e-12,4.885957062628377e-74,0.0,0,9.78950254193478e-12,macro_tightening,4.885957062628377e-74,9.789673378184129e-12,0.9999999999902105,0.0,0.9999999999902105
2025-12-12,0.9999999999999429,5.695769607454798e-14,1.7910707518577405e-72,0.0,0,5.706546346573305e-14,macro_tightening,1.7910707518577405e-72,5.695769607454798e-14,0.9999999999999429,0.0,0.9999999999999429
2025-12-19,0.9999999999999947,5.343771016667658e-15,8.971068039927146e-61,0.0,0,5.329070518200751e-15,macro_tightening,8.971068039927146e-61,5.343771016667658e-15,0.9999999999999947,0.0,0.9999999999999947
2025-12-26,0.9999999999999951,5.0291526992518305e-15,5.66271099748523e-63,0.0,0,4.884981308350689e-15,macro_tightening,5.66271099748523e-63,5.0291526992518305e-15,0.9999999999999951,0.0,0.9999999999999951
2026-01-02,0.9999999826472711,1.735272881377013e-08,1.2678351154539831e-39,0.0,0,1.7352728920450033e-08,macro_tightening,1.2678351154539831e-39,1.735272881377013e-08,0.9999999826472711,0.0,0.9999999826472711
2026-01-09,0.999999922208802,7.779119801319486e-08,3.863455892922557e-30,0.0,0,7.779119803874579e-08,macro_tightening,3.863455892922557e-30,7.779119801319486e-08,0.999999922208802,0.0,0.999999922208802
2026-01-16,0.9999998757505029,1.2424949745362063e-07,2.7369790536606225e-27,0.0,0,1.2424949713540911e-07,macro_tightening,2.7369790536606225e-27,1.2424949745362063e-07,0.9999998757505029,0.0,0.9999998757505029
2026-01-23,0.9999786089363223,2.1391063677368753e-05,3.9600094856767944e-26,0.0,0,2.1391063677711486e-05,macro_tightening,3.9600094856767944e-26,2.1391063677368753e-05,0.9999786089363223,0.0,0.9999786089363223
2026-01-30,0.9999999983906074,1.6093926170022328e-09,1.6811527007257148e-22,0.0,0,1.6093926191729224e-09,macro_tightening,1.6811527007257148e-22,1.6093926170022328e-09,0.9999999983906074,0.0,0.9999999983906074
2026-02-06,0.9999999999631042,3.689585299987783e-11,3.0442371135226524e-23,0.0,0,3.68958197327629e-11,macro_tightening,3.0442371135226524e-23,3.689585299987783e-11,0.9999999999631042,0.0,0.9999999999631042
2026-02-13,0.9999999999999512,4.873007361277715e-14,5.66634711217051e-20,0.0,0,4.884981308350689e-14,macro_tightening,5.66634711217051e-20,4.873007361277715e-14,0.9999999999999512,0.0,0.9999999999999512
2026-02-20,0.9999999999047304,9.526970946826708e-11,4.283257078817991e-21,0.0,0,9.526957001071423e-11,macro_tightening,4.283257078817991e-21,9.526970946826708e-11,0.9999999999047304,0.0,0.9999999999047304
2026-02-27,0.9999999999999991,6.727626312304714e-16,1.958482115173141e-19,0.0,0,8.881784197001252e-16,macro_tightening,1.958482115173141e-19,6.727626312304714e-16,0.9999999999999991,0.0,0.9999999999999991
2026-03-06,0.9999999999998925,9.662372661617586e-14,1.1196380421551016e-14,0.0,0,1.0746958878371515e-13,macro_tightening,1.1196380421551016e-14,9.662372661617586e-14,0.9999999999998925,0.0,0.9999999999998925
2026-03-13,0.9999999998131592,1.0540306491003997e-16,1.8684154050400408e-10,0.0,0,1.8684076508179714e-10,macro_tightening,1.8684154050400408e-10,1.0540306491003997e-16,0.9999999998131592,0.0,0.9999999998131592
2026-03-20,3.2893096831580145e-07,0.0,0.9999996710690312,0.0,2,3.289309687959374e-07,risk_off_stress,0.9999996710690312,0.0,3.2893096831580145e-07,0.0,0.9999996710690312
2026-03-27,1.675995397963056e-11,0.0,0.9999999999832401,0.0,2,1.6759926779741363e-11,risk_off_stress,0.9999999999832401,0.0,1.675995397963056e-11,0.0,0.9999999999832401
2026-04-03,0.0006130587485043612,0.0,0.9993869412514953,0.0,2,0.0006130587485047023,risk_off_stress,0.9993869412514953,0.0,0.0006130587485043612,0.0,0.9993869412514953
2026-04-10,0.9999999999741416,2.0299268050397272e-11,5.559715768457643e-12,0.0,0,2.5858426511149446e-11,macro_tightening,5.559715768457643e-12,2.0299268050397272e-11,0.9999999999741416,0.0,0.9999999999741416
2026-04-17,0.9999999998723392,1.2745295886705048e-10,2.0789369752963921e-13,0.0,0,1.2766077084336303e-10,macro_tightening,2.0789369752963921e-13,1.2745295886705048e-10,0.9999999998723392,0.0,0.9999999998723392
2026-04-24,0.9999999994070095,5.913931352389432e-10,1.5975422182761973e-12,0.0,0,5.929905455559492e-10,macro_tightening,1.5975422182761973e-12,5.913931352389432e-10,0.9999999994070095,0.0,0.9999999994070095
2026-05-01,0.9999992027550808,7.96411595867845e-07,8.333239857196796e-10,0.0,0,7.972449191928632e-07,macro_tightening,8.333239857196796e-10,7.96411595867845e-07,0.9999992027550808,0.0,0.9999992027550808
2026-05-08,3.4499309486911514e-15,0.9999999999999964,6.83360500662425e-58,0.0,1,3.552713678800501e-15,risk_on_growth,6.83360500662425e-58,0.9999999999999964,3.4499309486911514e-15,0.0,0.9999999999999964
2026-05-15,3.0968101089768506e-17,1.0,6.530969207190983e-61,0.0,1,0.0,risk_on_growth,6.530969207190983e-61,1.0,3.0968101089768506e-17,0.0,1.0
2026-05-22,2.5924299905275108e-17,1.0,1.4301387756338545e-62,0.0,1,0.0,risk_on_growth,1.4301387756338545e-62,1.0,2.5924299905275108e-17,0.0,1.0
2026-05-29,3.145263504223394e-19,1.0,4.916282836406455e-85,0.0,1,0.0,risk_on_growth,4.916282836406455e-85,1.0,3.145263504223394e-19,0.0,1.0
2026-06-05,9.995229774866677e-25,1.0,2.827922891877257e-81,0.0,1,0.0,risk_on_growth,2.827922891877257e-81,1.0,9.995229774866677e-25,0.0,1.0
2026-06-12,1.1211788740491186e-21,1.0,1.0755439039274314e-76,0.0,1,0.0,risk_on_growth,1.0755439039274314e-76,1.0,1.1211788740491186e-21,0.0,1.0
2026-06-19,1.8433629628579454e-18,1.0,1.3754722497786353e-67,0.0,1,0.0,risk_on_growth,1.3754722497786353e-67,1.0,1.8433629628579454e-18,0.0,1.0
2026-06-26,1.5086250225935754e-14,0.9999999999999858,3.299319799477572e-55,0.0,1,1.4210854715202004e-14,risk_on_growth,3.299319799477572e-55,0.9999999999999858,1.5086250225935754e-14,0.0,0.9999999999999858
2026-06-30,1.786788673051563e-19,1.0,5.144140116986592e-49,0.0,1,0.0,risk_on_growth,5.144140116986592e-49,1.0,1.786788673051563e-19,0.0,1.0
